rel,statut,level,level_conf,type,type_src,pages,chars,math_score,lycee_score,corrupt
7eme/mathematiques/corrections/Devoir-Corrige-de-Synthese-N-1-1er-Semestre-Math-7eme-2018-2019-Mr-Saem-Mongi.pdf,VALIDE,7e,CERTAIN,CORRIGE,CONTENU,2,2258,16,0,0.0
7eme/mathematiques/corrections/Devoir-de-Controle-N-1-Avec-correction-Math-1-7eme-2019-2020-Mr-Trabelsy-Badreddyne.pdf,VALIDE,7e,CERTAIN,CORRIGE,CONTENU,4,2668,6,0,0.001
7eme/mathematiques/corrections/Devoir-de-Controle-N-2-Avec-correction-Math-7eme-2019-2020-Mr-Hafsi-Salem.pdf,MIXTE_college_lycee,7e,CERTAIN,CORRIGE,CONTENU,4,2775,11,3,0.0
7eme/mathematiques/corrections/Devoir-de-Revision-N-1-College-pilote-Avec-correction-Math-7eme-2018-2019-Mme-Tekeri-Zeineb.pdf,VALIDE,7e,CERTAIN,CORRIGE,CONTENU,2,1929,9,0,0.0
7eme/mathematiques/corrections/Devoir-de-Synthese-N-1-Avec-correction-1er-Semestre-Math-7eme-2018-2019-Mr-Saem-Mongi-2.pdf,VALIDE,7e,CERTAIN,SYNTHESE,CONTENU,2,1331,16,0,0.0
7eme/mathematiques/corrections/Devoir-de-Synthese-N-1-Avec-correction-Math-7eme-2019-2020-Mr-Trabelsy-Badreddyne.pdf,VALIDE,7e,CERTAIN,CORRIGE,NOM_FICHIER,4,6061,8,1,0.052
7eme/mathematiques/corrections/Devoir-de-Synthese-N-1-Avec-correction-Math-7eme-2020-2021-Mme-Saoussen-Trabelsy.pdf,VALIDE,7e,CERTAIN,CORRIGE,NOM_FICHIER,4,6154,14,0,0.012
7eme/mathematiques/corrections/Devoir-de-controle-N-6-Corrige-Math-7eme-2009-2010-Mr-Aymen-Biz.pdf,CONTENU_MATH_FAIBLE,7e,CERTAIN,CORRIGE,NOM_FICHIER,3,205,0,0,0.0
7eme/mathematiques/cours/Cours-College-pilote-Math-7eme-2018-2019-Mme-Tekeri-Zeineb--2.pdf,VALIDE,7e,CERTAIN,COURS,NOM_FICHIER,2,1590,6,0,0.0
7eme/mathematiques/cours/Cours-College-pilote-Math-7eme-2018-2019-Mme-Tekeri-Zeineb--3.pdf,ENCODAGE_CORROMPU,7e,CERTAIN,COURS,NOM_FICHIER,1,581,4,0,0.229
7eme/mathematiques/cours/Cours-College-pilote-Math-7eme-2018-2019-Mme-Tekeri-Zeineb--4.pdf,ENCODAGE_CORROMPU,7e,CERTAIN,COURS,NOM_FICHIER,1,1165,2,0,0.078
7eme/mathematiques/cours/Cours-College-pilote-Math-7eme-2018-2019-Mme-Tekeri-Zeineb-.pdf,VALIDE,7e,CERTAIN,COURS,NOM_FICHIER,1,1563,3,0,0.001
7eme/mathematiques/cours/Cours-Math-7-7eme-2011-2012-Mr-Makram-Trabelsi-3.pdf,CONTENU_MATH_FAIBLE,7e,CERTAIN,COURS,NOM_FICHIER,1,950,0,0,0.0
7eme/mathematiques/cours/Cours-Math-7-7eme-2011-2012-Mr-Makram-Trabelsi-4.pdf,VALIDE,7e,CERTAIN,COURS,NOM_FICHIER,5,2391,17,0,0.0
7eme/mathematiques/cours/Cours-Math-7-7eme-2011-2012-Mr-Makram-Trabelsi.pdf,VALIDE,7e,CERTAIN,COURS,NOM_FICHIER,4,2696,7,0,0.013
7eme/mathematiques/cours/Cours-Math-7eme-2011-2012-Mr-Makram-Trabelsi-2.pdf,VALIDE,7e,CERTAIN,COURS,NOM_FICHIER,5,4272,10,0,0.022
7eme/mathematiques/cours/Cours-Math-7eme-2011-2012-Mr-Makram-Trabelsi-3.pdf,VALIDE,7e,CERTAIN,COURS,NOM_FICHIER,6,5957,14,0,0.042
7eme/mathematiques/cours/Cours-Math-7eme-2011-2012-Mr-Makram-Trabelsi.pdf,VALIDE,7e,CERTAIN,COURS,NOM_FICHIER,6,4369,10,0,0.03
7eme/mathematiques/cours/Cours-Math-7eme-2018-2019-Mr-Abdelghaffar-Sami.pdf,VALIDE,7e,CERTAIN,COURS,NOM_FICHIER,1,1689,2,0,0.0
7eme/mathematiques/cours/Cours-Math-7eme-2024-2025-Mme-Tahar-Mabrouka_watermark.pdf,VALIDE,7e,CERTAIN,COURS,NOM_FICHIER,4,3963,8,1,0.0
7eme/mathematiques/cours/Cours-Math-cours-7eme-2011-2012-Mr-Makram-Trabelsi-2.pdf,VALIDE,7e,CERTAIN,COURS,NOM_FICHIER,6,4376,11,0,0.001
7eme/mathematiques/cours/Cours-Math-cours-7eme-2011-2012-Mr-Makram-Trabelsi-3.pdf,VALIDE,7e,CERTAIN,COURS,NOM_FICHIER,6,4440,12,0,0.001
7eme/mathematiques/cours/Cours-Math-cours-7eme-2011-2012-Mr-Makram-Trabelsi-4.pdf,VALIDE,7e,CERTAIN,COURS,NOM_FICHIER,8,8152,14,0,0.033
7eme/mathematiques/cours/Cours-Math-cours-7eme-2011-2012-Mr-Makram-Trabelsi-5.pdf,VALIDE,7e,CERTAIN,COURS,NOM_FICHIER,6,5396,7,1,0.036
7eme/mathematiques/cours/Cours-Math-equations-du-second-degre-7eme-2011-2012-Mr-Hamed-Belhadj.pdf,VALIDE,7e,CERTAIN,COURS,NOM_FICHIER,3,3791,11,0,0.001
7eme/mathematiques/devoirs/Devoir-de-Controle-N-1-College-pilote-Math-7eme-2012-2013-Mr-souissi-nejah-2.pdf,VALIDE,7e,CERTAIN,CONTROLE,CONTENU,2,4179,9,0,0.026
7eme/mathematiques/devoirs/Devoir-de-Controle-N-1-College-pilote-Math-7eme-2012-2013-Mr-souissi-nejah-3.pdf,VALIDE,7e,CERTAIN,CONTROLE,CONTENU,2,4179,9,0,0.026
7eme/mathematiques/devoirs/Devoir-de-Controle-N-1-College-pilote-Math-7eme-2012-2013-Mr-souissi-nejah.pdf,VALIDE,7e,CERTAIN,CONTROLE,CONTENU,2,4179,9,0,0.026
7eme/mathematiques/devoirs/Devoir-de-Controle-N-1-College-pilote-Math-7eme-2017-2018-Mr-Slim-Almia.pdf,VALIDE,7e,CERTAIN,CONTROLE,NOM_FICHIER,2,1543,11,0,0.003
7eme/mathematiques/devoirs/Devoir-de-Controle-N-1-College-pilote-SVT-devoir-7eme-2024-2025-Mr-hajri-taoufik_watermark.pdf,VALIDE,7e,CERTAIN,CONTROLE,CONTENU,3,3543,2,0,0.003
7eme/mathematiques/devoirs/Devoir-de-Controle-N-1-Math-7eme-2012-2013-Mme-leila.pdf,VALIDE,7e,CERTAIN,CONTROLE,CONTENU,3,1774,10,0,0.0
7eme/mathematiques/devoirs/Devoir-de-Controle-N-1-Math-7eme-2012-2013-Mr-Zouari-SAmi.pdf,VALIDE,7e,CERTAIN,CONTROLE,NOM_FICHIER,2,1095,9,0,0.0
7eme/mathematiques/devoirs/Devoir-de-Controle-N-1-Math-7eme-2012-2013-Mr-ben-amor-mohamed.pdf,VALIDE,7e,CERTAIN,CONTROLE,CONTENU,2,3201,8,0,0.034
7eme/mathematiques/devoirs/Devoir-de-Controle-N-1-Math-7eme-2013-2014-Mr-Mouajria-Hattab.pdf,VALIDE,7e,CERTAIN,CONTROLE,NOM_FICHIER,2,4987,5,0,0.001
7eme/mathematiques/devoirs/Devoir-de-Controle-N-1-Math-7eme-2013-2014-Mr-bejaoui-atef.pdf,ENCODAGE_CORROMPU,7e,CERTAIN,CONTROLE,NOM_FICHIER,2,3029,2,0,0.083
7eme/mathematiques/devoirs/Devoir-de-Controle-N-1-Math-7eme-2013-2014-Mr-chokritaouai.pdf,VALIDE,7e,CERTAIN,CONTROLE,CONTENU,1,3363,9,0,0.002
7eme/mathematiques/devoirs/Devoir-de-Controle-N-1-Math-7eme-2013-2014-Mr-kamel-jebrani.pdf,VALIDE,7e,CERTAIN,CONTROLE,CONTENU,2,1786,5,0,0.0
7eme/mathematiques/devoirs/Devoir-de-Controle-N-1-Math-7eme-2014-2015-Mr-Ben-Amara-Mohamed-.pdf,VALIDE,7e,CERTAIN,CONTROLE,CONTENU,2,1563,11,0,0.001
7eme/mathematiques/devoirs/Devoir-de-Controle-N-1-Math-7eme-2014-2015-Mr-Mathlouthi-Lotfi-.pdf,VALIDE,7e,CERTAIN,CONTROLE,CONTENU,2,4236,8,0,0.001
7eme/mathematiques/devoirs/Devoir-de-Controle-N-1-Math-7eme-2015-2016-Mr-Baligh-abidi.pdf,VALIDE,7e,CERTAIN,CONTROLE,CONTENU,2,1209,9,0,0.0
7eme/mathematiques/devoirs/Devoir-de-Controle-N-1-Math-7eme-2015-2016-Mr-Barkallah-Lotfi.pdf,VALIDE,7e,CERTAIN,CONTROLE,CONTENU,1,1025,8,0,0.0
7eme/mathematiques/devoirs/Devoir-de-Controle-N-1-Math-7eme-2015-2016-Mr-Khlifi.pdf,VALIDE,7e,CERTAIN,CONTROLE,CONTENU,3,4135,11,1,0.002
7eme/mathematiques/devoirs/Devoir-de-Controle-N-1-Math-7eme-2015-2016-Mr-Mathlouthi-Lotfi.pdf,VALIDE,7e,CERTAIN,CONTROLE,CONTENU,2,3757,6,1,0.009
7eme/mathematiques/devoirs/Devoir-de-Controle-N-1-Math-7eme-2015-2016-Mr-Mejri-zied-2-.pdf,ENCODAGE_CORROMPU,7e,CERTAIN,CONTROLE,CONTENU,2,4504,10,0,0.082
7eme/mathematiques/devoirs/Devoir-de-Controle-N-1-Math-7eme-2015-2016-Mr-Mejri-zied.pdf,ENCODAGE_CORROMPU,7e,CERTAIN,CONTROLE,CONTENU,2,4179,8,0,0.098
7eme/mathematiques/devoirs/Devoir-de-Controle-N-1-Math-7eme-2015-2016-Mr-Zairi-Riadh.pdf,ENCODAGE_CORROMPU,7e,CERTAIN,CONTROLE,CONTENU,4,6395,8,0,0.128
7eme/mathematiques/devoirs/Devoir-de-Controle-N-1-Math-7eme-2015-2016-Mr-bouchriha-khaled.pdf,VALIDE,7e,CERTAIN,CONTROLE,CONTENU,3,1333,10,1,0.001
7eme/mathematiques/devoirs/Devoir-de-Controle-N-1-Math-7eme-2016-2017-Mr-Salah-Ferjani.pdf,ENCODAGE_CORROMPU,7e,CERTAIN,CONTROLE,NOM_FICHIER,2,2689,9,0,0.077
7eme/mathematiques/devoirs/Devoir-de-Controle-N-1-Math-7eme-2017-2018-Mlle-Dissem-Yosr.pdf,ENCODAGE_CORROMPU,7e,CERTAIN,CONTROLE,CONTENU,2,2568,6,0,0.251
7eme/mathematiques/devoirs/Devoir-de-Controle-N-1-Math-7eme-2017-2018-Mme-Allani.pdf,VALIDE,7e,CERTAIN,CONTROLE,NOM_FICHIER,4,2502,11,0,0.0
7eme/mathematiques/devoirs/Devoir-de-Controle-N-1-Math-7eme-2017-2018-Mr-Ameur-Mounir.pdf,VALIDE,7e,CERTAIN,CONTROLE,NOM_FICHIER,2,3480,5,0,0.002
7eme/mathematiques/devoirs/Devoir-de-Controle-N-1-Math-7eme-2017-2018-Mr-Gandouli-Kamel.pdf,VALIDE,7e,CERTAIN,CONTROLE,CONTENU,2,2881,9,0,0.0
7eme/mathematiques/devoirs/Devoir-de-Controle-N-1-Math-7eme-2017-2018-Mr-Hcine-Said.pdf,VALIDE,7e,CERTAIN,CONTROLE,CONTENU,2,1326,6,0,0.0
7eme/mathematiques/devoirs/Devoir-de-Controle-N-1-Math-7eme-2017-2018-Mr-Khlifi-Anis.pdf,VALIDE,7e,CERTAIN,CONTROLE,CONTENU,3,3639,12,1,0.002
7eme/mathematiques/devoirs/Devoir-de-Controle-N-1-Math-7eme-2017-2018-Mr-MaThlouthi-Lotfi.pdf,VALIDE,7e,CERTAIN,CONTROLE,CONTENU,2,4657,10,0,0.004
7eme/mathematiques/devoirs/Devoir-de-Controle-N-1-Math-7eme-2017-2018-Mr-Moez-Esmiti.pdf,VALIDE,7e,CERTAIN,CONTROLE,CONTENU,3,3563,11,0,0.039
7eme/mathematiques/devoirs/Devoir-de-Controle-N-1-Math-7eme-2017-2018-Mr-Mohamed-Ben-Ali.pdf,VALIDE,7e,CERTAIN,CONTROLE,CONTENU,1,1308,6,0,0.021
7eme/mathematiques/devoirs/Devoir-de-Controle-N-1-Math-7eme-2017-2018-Mr-Naceur-Imed-1.pdf,NIVEAU_INCERTAIN,,CONFLIT:7e/8e,CONTROLE,CONTENU,3,1611,9,0,0.0
7eme/mathematiques/devoirs/Devoir-de-Controle-N-1-Math-7eme-2017-2018-Mr-Naceur-Imed.pdf,VALIDE,7e,CERTAIN,CONTROLE,NOM_FICHIER,2,1808,7,0,0.0
7eme/mathematiques/devoirs/Devoir-de-Controle-N-1-Math-7eme-2017-2018-Mr-Salah-Ferjani.pdf,ENCODAGE_CORROMPU,7e,CERTAIN,CONTROLE,NOM_FICHIER,2,3726,9,0,0.066
7eme/mathematiques/devoirs/Devoir-de-Controle-N-1-Math-7eme-2017-2018-Mr-SalahFerjani.pdf,VALIDE,7e,CERTAIN,CONTROLE,NOM_FICHIER,2,1561,11,0,0.0
7eme/mathematiques/devoirs/Devoir-de-Controle-N-1-Math-7eme-2017-2018-Mr-ZOUARI-SAMI.pdf,VALIDE,7e,CERTAIN,CONTROLE,CONTENU,3,6230,9,0,0.0
7eme/mathematiques/devoirs/Devoir-de-Controle-N-1-Math-7eme-2018-2019-Mr-Allani-Najoua.pdf,VALIDE,7e,CERTAIN,CONTROLE,NOM_FICHIER,4,2584,11,0,0.0
7eme/mathematiques/devoirs/Devoir-de-Controle-N-1-Math-7eme-2018-2019-Mr-Ameur-Mounir.pdf,VALIDE,7e,CERTAIN,CONTROLE,CONTENU,2,1317,11,0,0.001
7eme/mathematiques/devoirs/Devoir-de-Controle-N-1-Math-7eme-2018-2019-Mr-Bahar-Farouk.pdf,VALIDE,7e,CERTAIN,CONTROLE,NOM_FICHIER,2,7831,6,0,0.002
7eme/mathematiques/devoirs/Devoir-de-Controle-N-1-Math-7eme-2018-2019-Mr-Hafsi-Salem.pdf,VALIDE,7e,CERTAIN,CONTROLE,CONTENU,2,1221,9,1,0.006
7eme/mathematiques/devoirs/Devoir-de-Controle-N-1-Math-7eme-2018-2019-Mr-Imed-Naceur.pdf,VALIDE,7e,CERTAIN,CONTROLE,CONTENU,3,1016,9,0,0.0
7eme/mathematiques/devoirs/Devoir-de-Controle-N-1-Math-7eme-2018-2019-Mr-Moez-esmiti.pdf,VALIDE,7e,CERTAIN,CONTROLE,CONTENU,2,3478,8,0,0.06
7eme/mathematiques/devoirs/Devoir-de-Controle-N-1-Math-7eme-2019-2020-Mr-Chelly-Sami.pdf,VALIDE,7e,CERTAIN,CONTROLE,NOM_FICHIER,2,3667,6,0,0.04
7eme/mathematiques/devoirs/Devoir-de-Controle-N-1-Math-7eme-2019-2020-Mr-Ghanmi.pdf,VALIDE,7e,CERTAIN,CONTROLE,CONTENU,3,4815,7,0,0.014
7eme/mathematiques/devoirs/Devoir-de-Controle-N-1-Math-7eme-2019-2020-Mr-Hafsi-Salem.pdf,ENCODAGE_CORROMPU,7e,CERTAIN,CONTROLE,NOM_FICHIER,2,3205,7,1,0.083
7eme/mathematiques/devoirs/Devoir-de-Controle-N-1-Math-7eme-2020-2021-Mr-ESMITI-MOEZ.pdf,ENCODAGE_CORROMPU,7e,CERTAIN,CONTROLE,CONTENU,2,2769,7,0,0.09
7eme/mathematiques/devoirs/Devoir-de-Controle-N-1-Math-7eme-2020-2021-Mr-Gharbi-Ridha.pdf,VALIDE,7e,CERTAIN,CONTROLE,CONTENU,2,1401,11,0,0.001
7eme/mathematiques/devoirs/Devoir-de-Controle-N-1-Math-DEVOIR-7eme-2025-2026-Mr-GHARBI-RIDHA-stamped-compressed.pdf,VALIDE,7e,CERTAIN,CONTROLE,CONTENU,2,1330,11,0,0.0
7eme/mathematiques/devoirs/Devoir-de-Controle-N-1-sciences-de-la-vie-et-de-la-terre-7eme-2010-2011-Mme-MAGRAOUI.pdf,CONTENU_MATH_FAIBLE,7e,CERTAIN,CONTROLE,NOM_FICHIER,2,2641,0,0,0.001
7eme/mathematiques/devoirs/Devoir-de-Controle-N-2-College-pilote-Math-7eme-2012-2013-Mr-abbedi-othmen.pdf,VALIDE,7e,CERTAIN,CONTROLE,CONTENU,2,1354,9,1,0.0
7eme/mathematiques/devoirs/Devoir-de-Controle-N-2-College-pilote-Math-7eme-2012-2013-Mr-fulla-zeineb.pdf,CONTENU_MATH_FAIBLE,7e,CERTAIN,CONTROLE,NOM_FICHIER,2,1744,0,0,0.0
7eme/mathematiques/devoirs/Devoir-de-Controle-N-2-College-pilote-Math-7eme-2012-2013-Mr-souissi-nejah-2.pdf,VALIDE,7e,CERTAIN,CONTROLE,CONTENU,2,4179,9,0,0.026
7eme/mathematiques/devoirs/Devoir-de-Controle-N-2-College-pilote-Math-7eme-2012-2013-Mr-souissi-nejah.pdf,VALIDE,7e,CERTAIN,CONTROLE,CONTENU,3,4033,7,1,0.014
7eme/mathematiques/devoirs/Devoir-de-Controle-N-2-College-pilote-Math-7eme-2017-2018-Mme-Tekeri-Zeineb.pdf,ENCODAGE_CORROMPU,7e,CERTAIN,CONTROLE,NOM_FICHIER,2,4268,10,0,0.125
7eme/mathematiques/devoirs/Devoir-de-Controle-N-2-College-pilote-Math-7eme-2018-2019-Mme-Tekeri-Zeineb.pdf,ENCODAGE_CORROMPU,7e,CERTAIN,CONTROLE,NOM_FICHIER,2,3013,8,0,0.196
7eme/mathematiques/devoirs/Devoir-de-Controle-N-2-College-pilote-Math-7eme-2019-2020-Mr-Oueslati.pdf,VALIDE,7e,CERTAIN,CONTROLE,CONTENU,2,1301,10,0,0.002
7eme/mathematiques/devoirs/Devoir-de-Controle-N-2-College-pilote-Math-7eme-2023-2024-Mr-.pdf,VALIDE,7e,CERTAIN,CONTROLE,CONTENU,2,1338,14,0,0.0
7eme/mathematiques/devoirs/Devoir-de-Controle-N-2-College-pilote-Math-7eme-2024-2025-Mme-Hanchi-Imen.pdf,VALIDE,7e,CERTAIN,CONTROLE,CONTENU,1,1567,7,1,0.005
7eme/mathematiques/devoirs/Devoir-de-Controle-N-2-Englais-7eme-2023-2024-.pdf,CONTENU_MATH_FAIBLE,7e,CERTAIN,CONTROLE,NOM_FICHIER,2,3198,0,0,0.002
7eme/mathematiques/devoirs/Devoir-de-Controle-N-2-Math-7eme-2011-2012-Mr-RIAHI-MEHER.pdf,VALIDE,7e,CERTAIN,CONTROLE,CONTENU,4,1408,13,0,0.0
7eme/mathematiques/devoirs/Devoir-de-Controle-N-2-Math-7eme-2012-2013-Mr-Taamallah-Bechir.pdf,ENCODAGE_CORROMPU,7e,CERTAIN,CONTROLE,CONTENU,2,4792,12,1,0.066
7eme/mathematiques/devoirs/Devoir-de-Controle-N-2-Math-7eme-2012-2013-Mr-abbedi-othmen.pdf,VALIDE,7e,CERTAIN,CONTROLE,CONTENU,2,1354,9,1,0.0
7eme/mathematiques/devoirs/Devoir-de-Controle-N-2-Math-7eme-2012-2013-Mr-kallel-med-2.pdf,VALIDE,7e,CERTAIN,CONTROLE,CONTENU,3,4431,8,0,0.023
7eme/mathematiques/devoirs/Devoir-de-Controle-N-2-Math-7eme-2012-2013-Mr-kallel-med.pdf,VALIDE,7e,CERTAIN,CONTROLE,CONTENU,3,4431,8,0,0.023
7eme/mathematiques/devoirs/Devoir-de-Controle-N-2-Math-7eme-2012-2013-Mr-khoudi-mohsen-2.pdf,VALIDE,7e,CERTAIN,CONTROLE,CONTENU,2,1153,11,1,0.0
7eme/mathematiques/devoirs/Devoir-de-Controle-N-2-Math-7eme-2012-2013-Mr-khoudi-mohsen.pdf,VALIDE,7e,CERTAIN,CONTROLE,NOM_FICHIER,2,3191,10,1,0.014
7eme/mathematiques/devoirs/Devoir-de-Controle-N-2-Math-7eme-2012-2013-Mr-mejri-zied-2.pdf,VALIDE,7e,CERTAIN,CONTROLE,CONTENU,3,1150,9,1,0.0
7eme/mathematiques/devoirs/Devoir-de-Controle-N-2-Math-7eme-2012-2013-Mr-mejri-zied.pdf,VALIDE,7e,CERTAIN,CONTROLE,CONTENU,2,1032,7,1,0.0
7eme/mathematiques/devoirs/Devoir-de-Controle-N-2-Math-7eme-2012-2013-Mr-sadok-majdi.pdf,MIXTE_college_lycee,7e,CERTAIN,CONTROLE,CONTENU,2,3749,4,2,0.002
7eme/mathematiques/devoirs/Devoir-de-Controle-N-2-Math-7eme-2012-2013-Mr-souissi-nejah.pdf,VALIDE,7e,CERTAIN,CONTROLE,CONTENU,3,4033,7,1,0.014
7eme/mathematiques/devoirs/Devoir-de-Controle-N-2-Math-7eme-2013-2014-Mme-Khammassi-Leila.pdf,VALIDE,7e,CERTAIN,CONTROLE,CONTENU,3,1758,10,1,0.0
7eme/mathematiques/devoirs/Devoir-de-Controle-N-2-Math-7eme-2013-2014-Mme-TRABELSI-.pdf,MIXTE_college_lycee,7e,CERTAIN,CONTROLE,CONTENU,2,2207,9,2,0.385
7eme/mathematiques/devoirs/Devoir-de-Controle-N-2-Math-7eme-2013-2014-Mr-MEJRI-ZIED.pdf,VALIDE,7e,CERTAIN,CONTROLE,CONTENU,2,2829,11,1,0.038
7eme/mathematiques/devoirs/Devoir-de-Controle-N-2-Math-7eme-2013-2014-Mr-garrab-wissem.pdf,VALIDE,7e,CERTAIN,CONTROLE,CONTENU,2,3611,10,0,0.036
7eme/mathematiques/devoirs/Devoir-de-Controle-N-2-Math-7eme-2014-2015-Mr-Amamria.pdf,ENCODAGE_CORROMPU,7e,CERTAIN,CONTROLE,CONTENU,2,2692,13,1,0.094
7eme/mathematiques/devoirs/Devoir-de-Controle-N-2-Math-7eme-2014-2015-Mr-Faouzi.pdf,ENCODAGE_CORROMPU,7e,CERTAIN,CONTROLE,NOM_FICHIER,2,3218,7,1,0.064
7eme/mathematiques/devoirs/Devoir-de-Controle-N-2-Math-7eme-2014-2015-Mr-Hichem-Khechine-.pdf,VALIDE,7e,CERTAIN,CONTROLE,CONTENU,2,918,13,0,0.0
7eme/mathematiques/devoirs/Devoir-de-Controle-N-2-Math-7eme-2014-2015-Mr-Khlifi-Maher.pdf,ENCODAGE_CORROMPU,7e,CERTAIN,CONTROLE,CONTENU,3,2366,8,1,0.112
7eme/mathematiques/devoirs/Devoir-de-Controle-N-2-Math-7eme-2014-2015-Mr-Mathlouthi-Lotfi.pdf,MIXTE_college_lycee,7e,CERTAIN,CONTROLE,CONTENU,2,3696,9,2,0.006
7eme/mathematiques/devoirs/Devoir-de-Controle-N-2-Math-7eme-2014-2015-Mr-Mezhoud-.pdf,ENCODAGE_CORROMPU,7e,CERTAIN,CONTROLE,CONTENU,2,2255,8,1,0.134
7eme/mathematiques/devoirs/Devoir-de-Controle-N-2-Math-7eme-2014-2015-Mr-maher-KHLIFI.pdf,ENCODAGE_CORROMPU,7e,CERTAIN,CONTROLE,CONTENU,3,2366,8,1,0.112
7eme/mathematiques/devoirs/Devoir-de-Controle-N-2-Math-7eme-2015-2016-Mr-Mathlouthi-Lotfi.pdf,VALIDE,7e,CERTAIN,CONTROLE,CONTENU,2,3820,12,1,0.007
7eme/mathematiques/devoirs/Devoir-de-Controle-N-2-Math-7eme-2015-2016-Mr-Trabelsy-Badreddyne.pdf,VALIDE,7e,CERTAIN,CONTROLE,NOM_FICHIER,2,947,10,0,0.003
7eme/mathematiques/devoirs/Devoir-de-Controle-N-2-Math-7eme-2015-2016-Mr-Zairi-Riadh.pdf,VALIDE,7e,CERTAIN,CONTROLE,CONTENU,4,7468,9,1,0.049
7eme/mathematiques/devoirs/Devoir-de-Controle-N-2-Math-7eme-2015-2016-Mr-khemiri-Tarek.pdf,ENCODAGE_CORROMPU,7e,CERTAIN,CONTROLE,NOM_FICHIER,2,3283,12,0,0.078
7eme/mathematiques/devoirs/Devoir-de-Controle-N-2-Math-7eme-2016-2017-Mr-FAOUZI.pdf,VALIDE,7e,CERTAIN,CONTROLE,CONTENU,2,1224,12,1,0.005
7eme/mathematiques/devoirs/Devoir-de-Controle-N-2-Math-7eme-2016-2017-Mr-Hafsi-Salem.pdf,ENCODAGE_CORROMPU,7e,CERTAIN,CONTROLE,CONTENU,2,3155,10,1,0.193
7eme/mathematiques/devoirs/Devoir-de-Controle-N-2-Math-7eme-2017-2018-Mr-CHELLY-SAMI.pdf,CONTENU_MATH_FAIBLE,7e,CERTAIN,CONTROLE,NOM_FICHIER,2,3499,1,0,0.049
7eme/mathematiques/devoirs/Devoir-de-Controle-N-2-Math-7eme-2017-2018-Mr-Ferjani-Salah.pdf,ENCODAGE_CORROMPU,7e,CERTAIN,CONTROLE,NOM_FICHIER,2,3072,9,1,0.062
7eme/mathematiques/devoirs/Devoir-de-Controle-N-2-Math-7eme-2017-2018-Mr-Hafsi-Salem.pdf,VALIDE,7e,CERTAIN,CONTROLE,CONTENU,2,2860,7,1,0.001
7eme/mathematiques/devoirs/Devoir-de-Controle-N-2-Math-7eme-2017-2018-Mr-Khemiri-Tarek.pdf,VALIDE,7e,CERTAIN,CONTROLE,CONTENU,2,5071,11,0,0.0
7eme/mathematiques/devoirs/Devoir-de-Controle-N-2-Math-7eme-2017-2018-Mr-Mme-Allani.pdf,VALIDE,7e,CERTAIN,CONTROLE,NOM_FICHIER,4,2382,9,1,0.0
7eme/mathematiques/devoirs/Devoir-de-Controle-N-2-Math-7eme-2017-2018-Mr-ZOUARI-SAMI.pdf,VALIDE,7e,CERTAIN,CONTROLE,CONTENU,1,911,8,1,0.008
7eme/mathematiques/devoirs/Devoir-de-Controle-N-2-Math-7eme-2018-2019-Mr-Ameur-Mounir.pdf,VALIDE,7e,CERTAIN,CONTROLE,CONTENU,2,1599,13,1,0.003
7eme/mathematiques/devoirs/Devoir-de-Controle-N-2-Math-7eme-2018-2019-Mr-Moez-Esmiti.pdf,ENCODAGE_CORROMPU,7e,CERTAIN,CONTROLE,CONTENU,3,3235,12,1,0.062
7eme/mathematiques/devoirs/Devoir-de-Controle-N-2-Math-7eme-2020-2021-Mr-Gharbi-Ridha.pdf,MIXTE_college_lycee,7e,CERTAIN,CONTROLE,CONTENU,2,3981,9,2,0.027
7eme/mathematiques/devoirs/Devoir-de-Controle-N-2-Math-7eme-2023-2024-Mr-GHARBI-RIDHA.pdf,VALIDE,7e,CERTAIN,CONTROLE,CONTENU,3,1478,12,1,0.003
7eme/mathematiques/devoirs/Devoir-de-Controle-N-2-Math-7eme-2024-2025-Mr-GHARBI-RIDHA.pdf,VALIDE,7e,CERTAIN,CONTROLE,CONTENU,2,1406,11,1,0.003
7eme/mathematiques/devoirs/Devoir-de-Controle-N-2-Math-DEVOIR-7eme-2025-2026-Mr-GHARBI-RIDHA-stamped-compressed.pdf,VALIDE,7e,CERTAIN,CONTROLE,CONTENU,2,2445,12,0,0.001
7eme/mathematiques/devoirs/Devoir-de-Controle-N-3-2eme-Semestre-Math-7eme-2017-2018-Mr-Baccar-Achraf.pdf,VALIDE,7e,CERTAIN,CONTROLE,NOM_FICHIER,4,5372,13,0,0.001
7eme/mathematiques/devoirs/Devoir-de-Controle-N-3-Education-Civile-7eme-2023-2024-.pdf,VALIDE,7e,CERTAIN,CONTROLE,CONTENU,1,680,3,0,0.0
7eme/mathematiques/devoirs/Devoir-de-Controle-N-3-Education-Civile-7eme-2023-2024-2-.pdf,VALIDE,7e,CERTAIN,CONTROLE,CONTENU,1,695,4,0,0.0
7eme/mathematiques/devoirs/Devoir-de-Controle-N-3-Education-Civile-7eme-2023-2024-3-.pdf,VALIDE,7e,CERTAIN,CONTROLE,NOM_FICHIER,1,591,3,0,0.0
7eme/mathematiques/devoirs/Devoir-de-Controle-N-3-Englais-7eme-2023-2024-.pdf,CONTENU_MATH_FAIBLE,7e,CERTAIN,CONTROLE,NOM_FICHIER,3,3189,0,0,0.0
7eme/mathematiques/devoirs/Devoir-de-Controle-N-3-Math-7eme-2010-2011-Mr-Barkallah-Lotfi-2.pdf,VALIDE,7e,CERTAIN,CONTROLE,NOM_FICHIER,1,2088,3,0,0.013
7eme/mathematiques/devoirs/Devoir-de-Controle-N-3-Math-7eme-2010-2011-Mr-Barkallah-Lotfi.pdf,VALIDE,7e,CERTAIN,CONTROLE,NOM_FICHIER,1,2088,3,0,0.013
7eme/mathematiques/devoirs/Devoir-de-Controle-N-3-Math-7eme-2010-2011-Mr-Dhouib-Ridha-1.pdf,VALIDE,7e,CERTAIN,CONTROLE,NOM_FICHIER,1,2414,4,0,0.008
7eme/mathematiques/devoirs/Devoir-de-Controle-N-3-Math-7eme-2010-2011-Mr-Rahal-Ali.pdf,VALIDE,7e,CERTAIN,CONTROLE,CONTENU,2,1163,11,0,0.001
7eme/mathematiques/devoirs/Devoir-de-Controle-N-3-Math-7eme-2010-2011-Mr-Rouissi.pdf,VALIDE,7e,CERTAIN,CONTROLE,NOM_FICHIER,1,1891,10,1,0.0
7eme/mathematiques/devoirs/Devoir-de-Controle-N-3-Math-7eme-2010-2011-Mr-riahi-meher.pdf,MIXTE_college_lycee,7e,CERTAIN,CONTROLE,CONTENU,3,1488,13,2,0.0
7eme/mathematiques/devoirs/Devoir-de-Controle-N-3-Math-7eme-2011-2012-Mr-MaThlouthi-LoTFi.pdf,CONTENU_MATH_FAIBLE,7e,CERTAIN,CONTROLE,CONTENU,3,2864,1,0,0.001
7eme/mathematiques/devoirs/Devoir-de-Controle-N-3-Math-7eme-2011-2012-Mr-Mouajria-Hattab.pdf,MIXTE_college_lycee,7e,CERTAIN,CONTROLE,NOM_FICHIER,3,5476,14,2,0.001
7eme/mathematiques/devoirs/Devoir-de-Controle-N-3-Math-7eme-2011-2012-Mr-benabdelkader-ahmed-2.pdf,VALIDE,7e,CERTAIN,CONTROLE,CONTENU,2,1497,13,1,0.0
7eme/mathematiques/devoirs/Devoir-de-Controle-N-3-Math-7eme-2011-2012-Mr-benabdelkader-ahmed.pdf,MIXTE_college_lycee,7e,CERTAIN,CONTROLE,CONTENU,2,1463,15,2,0.0
7eme/mathematiques/devoirs/Devoir-de-Controle-N-3-Math-7eme-2011-2012-Mr-hamdi.pdf,CONTENU_MATH_FAIBLE,7e,CERTAIN,CONTROLE,NOM_FICHIER,2,3833,0,0,0.0
7eme/mathematiques/devoirs/Devoir-de-Controle-N-3-Math-7eme-2012-2013-Mme-sghaier-neila.pdf,NIVEAU_INCERTAIN,,CONFLIT:7e/9e,CONTROLE,NOM_FICHIER,4,2952,3,0,0.092
7eme/mathematiques/devoirs/Devoir-de-Controle-N-3-Math-7eme-2012-2013-Mr-Mouajria-Hattab.pdf,VALIDE,7e,CERTAIN,CONTROLE,NOM_FICHIER,3,2997,9,1,0.01
7eme/mathematiques/devoirs/Devoir-de-Controle-N-3-Math-7eme-2012-2013-Mr-ZOUARI-SAMI.pdf,VALIDE,7e,CERTAIN,CONTROLE,CONTENU,2,1325,10,1,0.002
7eme/mathematiques/devoirs/Devoir-de-Controle-N-3-Math-7eme-2012-2013-Mr-chaabani-hamadi-2.pdf,MIXTE_college_lycee,7e,CERTAIN,CONTROLE,CONTENU,2,4151,9,2,0.016
7eme/mathematiques/devoirs/Devoir-de-Controle-N-3-Math-7eme-2012-2013-Mr-chaabani-hamadi.pdf,MIXTE_college_lycee,7e,CERTAIN,CONTROLE,CONTENU,2,4151,9,2,0.016
7eme/mathematiques/devoirs/Devoir-de-Controle-N-3-Math-7eme-2012-2013-Mr-kallel-med.pdf,CONTENU_MATH_FAIBLE,7e,CERTAIN,CONTROLE,NOM_FICHIER,3,587,0,0,0.002
7eme/mathematiques/devoirs/Devoir-de-Controle-N-3-Math-7eme-2013-2014-Mme-allani.pdf,VALIDE,7e,CERTAIN,CONTROLE,NOM_FICHIER,4,12675,11,1,0.007
7eme/mathematiques/devoirs/Devoir-de-Controle-N-3-Math-7eme-2013-2014-Mr-MEJRI-ZIED.pdf,VALIDE,7e,CERTAIN,CONTROLE,CONTENU,2,1438,11,1,0.001
7eme/mathematiques/devoirs/Devoir-de-Controle-N-3-Math-7eme-2013-2014-Mr-Mouajria-Hattab.pdf,VALIDE,7e,CERTAIN,CONTROLE,NOM_FICHIER,2,3518,9,0,0.004
7eme/mathematiques/devoirs/Devoir-de-Controle-N-3-Math-7eme-2013-2014-Mr-ZOUARI-SAMI.pdf,VALIDE,7e,CERTAIN,CONTROLE,NOM_FICHIER,2,868,8,1,0.002
7eme/mathematiques/devoirs/Devoir-de-Controle-N-3-Math-7eme-2014-2015-Mr-Mathlouthi-Lotfi.pdf,MIXTE_college_lycee,7e,CERTAIN,CONTROLE,CONTENU,2,4288,11,2,0.005
7eme/mathematiques/devoirs/Devoir-de-Controle-N-3-Math-7eme-2014-2015-Mr-ZOUARI-SAMI.pdf,VALIDE,7e,CERTAIN,CONTROLE,CONTENU,1,2553,9,1,0.037
7eme/mathematiques/devoirs/Devoir-de-Controle-N-3-Math-7eme-2015-2016-Mr-Bouchriha-khaled.pdf,VALIDE,7e,CERTAIN,CONTROLE,CONTENU,2,4814,8,1,0.005
7eme/mathematiques/devoirs/Devoir-de-Controle-N-3-Math-7eme-2015-2016-Mr-Hafsi-Salem.pdf,MIXTE_college_lycee,7e,CERTAIN,CONTROLE,CONTENU,2,1132,9,2,0.0
7eme/mathematiques/devoirs/Devoir-de-Controle-N-3-Math-7eme-2015-2016-Mr-MaThlouthi-Lotfi.pdf,MIXTE_college_lycee,7e,CERTAIN,CONTROLE,CONTENU,2,3135,10,2,0.003
7eme/mathematiques/devoirs/Devoir-de-Controle-N-3-Math-7eme-2015-2016-Mr-Naceur-Imed.pdf,VALIDE,7e,CERTAIN,CONTROLE,CONTENU,3,1042,10,1,0.0
7eme/mathematiques/devoirs/Devoir-de-Controle-N-3-Math-7eme-2015-2016-Mr-Riadh-Zairi.pdf,VALIDE,7e,CERTAIN,CONTROLE,CONTENU,4,3216,12,1,0.0
7eme/mathematiques/devoirs/Devoir-de-Controle-N-3-Math-7eme-2015-2016-Mr-ZOUARI-SAMI.pdf,VALIDE,7e,CERTAIN,CONTROLE,NOM_FICHIER,2,1001,10,1,0.002
7eme/mathematiques/devoirs/Devoir-de-Controle-N-3-Math-7eme-2016-2017-Mr-Dabboussi-Faouzi.pdf,VALIDE,7e,CERTAIN,CONTROLE,CONTENU,2,1745,15,1,0.003
7eme/mathematiques/devoirs/Devoir-de-Controle-N-3-Math-7eme-2017-2018-Mr-Ameur-Mounir.pdf,CONTENU_MATH_FAIBLE,7e,CERTAIN,CONTROLE,NOM_FICHIER,3,5805,1,0,0.001
7eme/mathematiques/devoirs/Devoir-de-Controle-N-3-Math-7eme-2017-2018-Mr-Mathlouthi-Lotfi.pdf,VALIDE,7e,CERTAIN,CONTROLE,CONTENU,2,1154,9,0,0.0
7eme/mathematiques/devoirs/Devoir-de-Controle-N-3-Math-7eme-2018-2019-Mr-Ouerghi-Chokri.pdf,MIXTE_college_lycee,7e,CERTAIN,CONTROLE,NOM_FICHIER,1,1472,8,2,0.0
7eme/mathematiques/devoirs/Devoir-de-Controle-N-3-Math-7eme-2020-2021-Mr-Ameur-Mounir.pdf,MIXTE_college_lycee,7e,CERTAIN,CONTROLE,CONTENU,2,1348,10,2,0.004
7eme/mathematiques/devoirs/Devoir-de-Controle-N-3-Math-7eme-2021-2022-Mr-GHARBI-RIDHA.pdf,VALIDE,7e,CERTAIN,CONTROLE,CONTENU,2,1400,12,0,0.001
7eme/mathematiques/devoirs/Devoir-de-Controle-N-3-Math-7eme-2023-2024--2.pdf,VALIDE,7e,CERTAIN,CONTROLE,NOM_FICHIER,2,976,8,1,0.0
7eme/mathematiques/devoirs/Devoir-de-Controle-N-3-Math-7eme-2023-2024-.pdf,VALIDE,7e,CERTAIN,CONTROLE,NOM_FICHIER,2,976,8,1,0.0
7eme/mathematiques/devoirs/Devoir-de-Controle-N-3-Math-7eme-2023-2024-2-.pdf,MIXTE_college_lycee,7e,CERTAIN,CONTROLE,CONTENU,2,1169,9,2,0.0
7eme/mathematiques/devoirs/Devoir-de-Controle-N-3-Math-7eme-2023-2024-3-.pdf,VALIDE,7e,CERTAIN,CONTROLE,NOM_FICHIER,2,1275,6,0,0.0
7eme/mathematiques/devoirs/Devoir-de-Controle-N-3-Math-7eme-2023-2024-4-.pdf,VALIDE,7e,CERTAIN,CONTROLE,CONTENU,3,1659,10,1,0.001
7eme/mathematiques/devoirs/Devoir-de-Controle-N-3-Math-7eme-2023-2024-5.pdf,MIXTE_college_lycee,7e,CERTAIN,CONTROLE,CONTENU,2,1430,11,2,0.001
7eme/mathematiques/devoirs/Devoir-de-Controle-N-3-Math-7eme-2023-2024-Mr-GHARBI-RIDHA.pdf,VALIDE,7e,CERTAIN,CONTROLE,CONTENU,3,1190,13,0,0.0
7eme/mathematiques/devoirs/Devoir-de-Controle-N-3-Math-DEVOIR-7eme-2025-2026-Mr-GHARBI-RIDHA-stamped.pdf,VALIDE,7e,CERTAIN,CONTROLE,CONTENU,3,1621,11,0,0.0
7eme/mathematiques/devoirs/Devoir-de-Controle-N-3-Math-DEVOIR-CONTROLE-N-3-7eme-2024-2025-Mr-GHARBI-RIDHA.pdf,VALIDE,7e,CERTAIN,CONTROLE,CONTENU,3,2969,11,0,0.055
7eme/mathematiques/devoirs/Devoir-de-Controle-N-3-Math-Devoir-7eme-2024-2025-Mr-Zantour-Hamdi.pdf,VALIDE,7e,CERTAIN,CONTROLE,CONTENU,3,4871,17,1,0.001
7eme/mathematiques/devoirs/Devoir-de-Controle-N-3-Math-devoir-de-controle-N-3-7eme-2012-2013-Mr-chaabani-hamadi.pdf,MIXTE_college_lycee,7e,CERTAIN,CONTROLE,CONTENU,2,4151,9,2,0.016
7eme/mathematiques/devoirs/Devoir-de-Controle-N-3-Math-symetrie-axiale-ppcm-pgcd-7eme-2012-2013-devoir-Mme-sghaier-neila.pdf,VALIDE,7e,CERTAIN,CONTROLE,NOM_FICHIER,5,2833,2,0,0.0
7eme/mathematiques/devoirs/Devoir-de-Controle-N-3-Science-7eme-2023-2024-2-.pdf,VALIDE,7e,CERTAIN,CONTROLE,NOM_FICHIER,2,1131,4,0,0.006
7eme/mathematiques/devoirs/Devoir-de-Controle-N-3-Tehnologie-7eme-2009-2010-Mr-Mohsni-Samir.pdf,CONTENU_MATH_FAIBLE,7e,CERTAIN,CONTROLE,NOM_FICHIER,1,3179,1,0,0.0
7eme/mathematiques/devoirs/Devoir-de-Controle-N-3-maths-7-eme-Annee-2017-Tawfik-missaoui.pdf,VALIDE,7e,CERTAIN,CONTROLE,NOM_FICHIER,3,4707,11,1,0.0
7eme/mathematiques/devoirs/Devoir-de-Controle-N-4-2eme-Semestre-Math-7eme-2018-2019-Mr-OUERGHI-CHOKRI.pdf,VALIDE,7e,CERTAIN,CONTROLE,NOM_FICHIER,3,1318,11,1,0.0
7eme/mathematiques/devoirs/Devoir-de-Controle-N-4-College-pilote-Math-7eme-2015-2016-Mr-Rahmouni-Zouheir.pdf,VALIDE,7e,CERTAIN,CONTROLE,CONTENU,1,1756,2,1,0.0
7eme/mathematiques/devoirs/Devoir-de-Controle-N-4-Math-7eme-2010-2011-Mr-Barkallah-Lotfi.pdf,VALIDE,7e,CERTAIN,CONTROLE,CONTENU,1,823,12,1,0.001
7eme/mathematiques/devoirs/Devoir-de-Controle-N-4-Math-7eme-2010-2011-Mr-Rahal-Ali.pdf,CONTENU_MATH_FAIBLE,7e,CERTAIN,CONTROLE,NOM_FICHIER,3,2190,1,0,0.008
7eme/mathematiques/devoirs/Devoir-de-Controle-N-4-Math-7eme-2011-2012-Mr-Ali-Amara.pdf,CONTENU_MATH_FAIBLE,7e,CERTAIN,CONTROLE,NOM_FICHIER,2,1109,1,0,0.018
7eme/mathematiques/devoirs/Devoir-de-Controle-N-4-Math-7eme-2011-2012-Mr-BARKALLAH-Lotfi.pdf,VALIDE,7e,CERTAIN,CONTROLE,NOM_FICHIER,1,1236,4,0,0.04
7eme/mathematiques/devoirs/Devoir-de-Controle-N-4-Math-7eme-2011-2012-Mr-MaThlouthi-LoTFi.pdf,VALIDE,7e,CERTAIN,CONTROLE,CONTENU,2,3310,4,1,0.022
7eme/mathematiques/devoirs/Devoir-de-Controle-N-4-Math-7eme-2011-2012-Mr-Mouajria-Hattab.pdf,VALIDE,7e,CERTAIN,CONTROLE,NOM_FICHIER,3,2255,8,1,0.027
7eme/mathematiques/devoirs/Devoir-de-Controle-N-4-Math-7eme-2011-2012-Mr-benabdelkader-ahmed.pdf,VALIDE,7e,CERTAIN,CONTROLE,CONTENU,3,1685,16,1,0.001
7eme/mathematiques/devoirs/Devoir-de-Controle-N-4-Math-7eme-2012-2013-Mr-Mouajria-Hattab.pdf,VALIDE,7e,CERTAIN,CONTROLE,NOM_FICHIER,3,3375,8,1,0.004
7eme/mathematiques/devoirs/Devoir-de-Controle-N-4-Math-7eme-2012-2013-Mr-ZOUARI-SAMI.pdf,VALIDE,7e,CERTAIN,CONTROLE,CONTENU,3,1301,11,1,0.002
7eme/mathematiques/devoirs/Devoir-de-Controle-N-4-Math-7eme-2012-2013-Mr-kallel-med.pdf,ENCODAGE_CORROMPU,7e,CERTAIN,CONTROLE,NOM_FICHIER,3,1323,0,0,0.241
7eme/mathematiques/devoirs/Devoir-de-Controle-N-4-Math-7eme-2013-2014-Mr-Achouri-Mohsen-.pdf,VALIDE,7e,CERTAIN,CONTROLE,CONTENU,2,4407,13,1,0.001
7eme/mathematiques/devoirs/Devoir-de-Controle-N-4-Math-7eme-2013-2014-Mr-MEJRI-ZIED-1.pdf,VALIDE,7e,CERTAIN,CONTROLE,CONTENU,2,1015,9,1,0.0
7eme/mathematiques/devoirs/Devoir-de-Controle-N-4-Math-7eme-2013-2014-Mr-MEJRI-ZIED-2.pdf,VALIDE,7e,CERTAIN,CONTROLE,NOM_FICHIER,2,2734,8,1,0.008
7eme/mathematiques/devoirs/Devoir-de-Controle-N-4-Math-7eme-2013-2014-Mr-Mathlouthi-Lotfi.pdf,VALIDE,7e,CERTAIN,CONTROLE,CONTENU,2,3339,8,1,0.0
7eme/mathematiques/devoirs/Devoir-de-Controle-N-4-Math-7eme-2013-2014-Mr-ZOUARI-SAMI.pdf,VALIDE,7e,CERTAIN,CONTROLE,CONTENU,2,1038,8,0,0.006
7eme/mathematiques/devoirs/Devoir-de-Controle-N-4-Math-7eme-2014-2015-Mr-Dabboussi-faouzi.pdf,VALIDE,7e,CERTAIN,CONTROLE,CONTENU,2,1429,11,0,0.002
7eme/mathematiques/devoirs/Devoir-de-Controle-N-4-Math-7eme-2014-2015-Mr-Mathlouthi-Lotfi.pdf,VALIDE,7e,CERTAIN,CONTROLE,CONTENU,2,3397,7,0,0.024
7eme/mathematiques/devoirs/Devoir-de-Controle-N-4-Math-7eme-2014-2015-Mr-Mezhoud.pdf,ENCODAGE_CORROMPU,7e,CERTAIN,CONTROLE,CONTENU,2,2250,11,1,0.073
7eme/mathematiques/devoirs/Devoir-de-Controle-N-4-Math-7eme-2015-2016-Mr-Ameur-Mounir.pdf,CONTENU_MATH_FAIBLE,7e,CERTAIN,CONTROLE,NOM_FICHIER,3,4317,0,0,0.002
7eme/mathematiques/devoirs/Devoir-de-Controle-N-4-Math-7eme-2015-2016-Mr-BEN-AMARA-MOHAMED.pdf,VALIDE,7e,CERTAIN,CONTROLE,CONTENU,2,1648,14,0,0.0
7eme/mathematiques/devoirs/Devoir-de-Controle-N-4-Math-7eme-2015-2016-Mr-MaThlouthi-Lotfi.pdf,VALIDE,7e,CERTAIN,CONTROLE,CONTENU,2,4531,14,1,0.001
7eme/mathematiques/devoirs/Devoir-de-Controle-N-4-Math-7eme-2015-2016-Mr-Tarek-CHOKRY.pdf,VALIDE,7e,CERTAIN,CONTROLE,CONTENU,2,3377,12,1,0.004
7eme/mathematiques/devoirs/Devoir-de-Controle-N-4-Math-7eme-2015-2016-Mr-ZOUARI-SAMI.pdf,VALIDE,7e,CERTAIN,CONTROLE,CONTENU,2,1017,9,1,0.002
7eme/mathematiques/devoirs/Devoir-de-Controle-N-4-Math-7eme-2016-2017-Mr-Naceur-Imed.pdf,VALIDE,7e,CERTAIN,CONTROLE,NOM_FICHIER,3,3981,7,0,0.002
7eme/mathematiques/devoirs/Devoir-de-Controle-N-4-Math-7eme-2021-2022-Mr-GHARBI-RIDHA.pdf,VALIDE,7e,CERTAIN,CONTROLE,CONTENU,2,1509,12,0,0.001
7eme/mathematiques/devoirs/Devoir-de-Controle-N-4-Math-7eme-2023-2024-2-.pdf,VALIDE,7e,CERTAIN,CONTROLE,CONTENU,2,1643,8,0,0.002
7eme/mathematiques/devoirs/Devoir-de-Controle-N-4-Math-7eme-2023-2024-Mr-GHARBI-RIDHA.pdf,VALIDE,7e,CERTAIN,CONTROLE,CONTENU,3,2941,9,0,0.059
7eme/mathematiques/devoirs/Devoir-de-Controle-N-4-Math-triangles-7eme-2024-2025-Mr-seif-messaoud-.pdf,ENCODAGE_CORROMPU,7e,CERTAIN,CONTROLE,NOM_FICHIER,2,2164,7,0,0.116
7eme/mathematiques/devoirs/Devoir-de-Controle-N-5-2eme-Semestre-Math-7eme-2018-2019-Mr-Abdelghaffar-Sami.pdf,VALIDE,7e,CERTAIN,CONTROLE,NOM_FICHIER,3,7454,5,0,0.004
7eme/mathematiques/devoirs/Devoir-de-Controle-N-5-2eme-Semestre-Math-7eme-2018-2019-Mr-OUERGHI-CHOKRI.pdf,VALIDE,7e,CERTAIN,CONTROLE,NOM_FICHIER,3,6964,10,1,0.027
7eme/mathematiques/devoirs/Devoir-de-Controle-N-5-Math-7eme-2013-2014-Mr-Achouri-Mohsen-.pdf,MIXTE_college_lycee,7e,CERTAIN,CONTROLE,CONTENU,4,6130,14,2,0.001
7eme/mathematiques/devoirs/Devoir-de-Controle-N-5-Math-7eme-2013-2014-Mr-Achouri-Mohsen-4.pdf,MIXTE_college_lycee,7e,CERTAIN,CONTROLE,CONTENU,4,6130,14,2,0.001
7eme/mathematiques/devoirs/Devoir-de-Controle-N-5-Math-7eme-2013-2014-Mr-MEJRI.pdf,VALIDE,7e,CERTAIN,CONTROLE,CONTENU,3,1440,12,0,0.003
7eme/mathematiques/devoirs/Devoir-de-Controle-N-5-Math-7eme-2013-2014-Mr-Mathlouthi-Lotfi-.pdf,VALIDE,7e,CERTAIN,CONTROLE,CONTENU,2,3211,9,1,0.002
7eme/mathematiques/devoirs/Devoir-de-Controle-N-5-Math-7eme-2013-2014-Mr-Werghi-Chokri.pdf,VALIDE,7e,CERTAIN,CONTROLE,CONTENU,1,1422,6,0,0.002
7eme/mathematiques/devoirs/Devoir-de-Controle-N-5-Math-7eme-2013-2014-Mr-ZOUARI-SAMI.pdf,VALIDE,7e,CERTAIN,CONTROLE,NOM_FICHIER,2,770,7,0,0.004
7eme/mathematiques/devoirs/Devoir-de-Controle-N-5-Math-7eme-2015-2016-Mr-Ameur-Mounir.pdf,CONTENU_MATH_FAIBLE,7e,CERTAIN,CONTROLE,NOM_FICHIER,3,4818,0,0,0.012
7eme/mathematiques/devoirs/Devoir-de-Controle-N-5-Math-7eme-2015-2016-Mr-Imed-Naceur.pdf,VALIDE,7e,CERTAIN,CONTROLE,CONTENU,3,1679,7,0,0.0
7eme/mathematiques/devoirs/Devoir-de-Controle-N-5-Math-7eme-2015-2016-Mr-Lotfi-Barkallah.pdf,VALIDE,7e,CERTAIN,CONTROLE,CONTENU,1,891,8,0,0.001
7eme/mathematiques/devoirs/Devoir-de-Controle-N-5-Math-7eme-2015-2016-Mr-Smiti-Moez.pdf,VALIDE,7e,CERTAIN,CONTROLE,CONTENU,2,3565,10,1,0.02
7eme/mathematiques/devoirs/Devoir-de-Controle-N-5-Math-7eme-2015-2016-Mr-Tarek-CHOKRY.pdf,MIXTE_college_lycee,7e,CERTAIN,CONTROLE,CONTENU,2,3454,12,3,0.069
7eme/mathematiques/devoirs/Devoir-de-Controle-N-5-Math-7eme-2021-2022-Mr-GHARBI-RIDHA.pdf,VALIDE,7e,CERTAIN,CONTROLE,CONTENU,2,1351,11,0,0.0
7eme/mathematiques/devoirs/Devoir-de-Controle-N-5-Math-7eme-2023-2024-.pdf,VALIDE,7e,CERTAIN,CONTROLE,CONTENU,2,995,9,1,0.003
7eme/mathematiques/devoirs/Devoir-de-Controle-N-5-Math-7eme-2023-2024-2-.pdf,VALIDE,7e,CERTAIN,CONTROLE,CONTENU,3,861,10,0,0.0
7eme/mathematiques/devoirs/Devoir-de-Controle-N-5-Math-7eme-2023-2024-Mr-GHARBI-RIDHA.pdf,VALIDE,7e,CERTAIN,CONTROLE,CONTENU,3,1705,20,0,0.001
7eme/mathematiques/devoirs/Devoir-de-Controle-N-5-Math-DEVOIR-7eme-2024-2025-Mr-GHARBI-RIDHA-stamped.pdf,VALIDE,7e,CERTAIN,CONTROLE,CONTENU,3,1352,12,0,0.0
7eme/mathematiques/devoirs/Devoir-de-Controle-N-5-Math-DEVOIR-7eme-2025-2026-Mr-GHARBI-RIDHA-stamped.pdf,VALIDE,7e,CERTAIN,CONTROLE,CONTENU,3,1319,13,0,0.001
7eme/mathematiques/devoirs/Devoir-de-Controle-N-6-2eme-Semestre-Math-7eme-2018-2019-Mr-OUERGHI-CHOKRI.pdf,VALIDE,7e,CERTAIN,CONTROLE,NOM_FICHIER,1,1567,11,1,0.0
7eme/mathematiques/devoirs/Devoir-de-Controle-N-6-College-pilote-2eme-Semestre-Math-7eme-2018-2019-Mme-Tekeri-Zeineb.pdf,VALIDE,7e,CERTAIN,CONTROLE,CONTENU,2,1041,11,0,0.0
7eme/mathematiques/devoirs/Devoir-de-Controle-N-6-College-pilote-Math-7eme-2011-2012-Mr-GOUI-MOULDI.pdf,VALIDE,7e,CERTAIN,CONTROLE,CONTENU,2,1263,10,1,0.002
7eme/mathematiques/devoirs/Devoir-de-Controle-N-6-Math-7eme-2012-2013-Mr-Mathlouthi-Lotfi-.pdf,VALIDE,7e,CERTAIN,CONTROLE,CONTENU,2,3068,8,1,0.001
7eme/mathematiques/devoirs/Devoir-de-Controle-N-6-Math-7eme-2012-2013-Mr-rayen.pdf,VALIDE,7e,CERTAIN,CONTROLE,CONTENU,2,1822,9,1,0.001
7eme/mathematiques/devoirs/Devoir-de-Controle-N-6-Math-7eme-2013-2014-Mr-Achouri-Mohsen-2.pdf,VALIDE,7e,CERTAIN,CONTROLE,CONTENU,2,1113,15,0,0.002
7eme/mathematiques/devoirs/Devoir-de-Controle-N-6-Math-7eme-2013-2014-Mr-MEJRI-ZIED.pdf,VALIDE,7e,CERTAIN,CONTROLE,CONTENU,3,1248,10,0,0.003
7eme/mathematiques/devoirs/Devoir-de-Controle-N-6-Math-7eme-2013-2014-Mr-ZOUARI-SAMI-.pdf,VALIDE,7e,CERTAIN,CONTROLE,NOM_FICHIER,1,664,7,0,0.002
7eme/mathematiques/devoirs/Devoir-de-Controle-N-6-Math-7eme-2013-2014-Mr-mezhoud-.pdf,VALIDE,7e,CERTAIN,CONTROLE,CONTENU,2,2030,10,0,0.0
7eme/mathematiques/devoirs/Devoir-de-Controle-N-6-Math-7eme-2021-2022-Mr-GHARBI-RIDHA.pdf,VALIDE,7e,CERTAIN,CONTROLE,CONTENU,2,1782,20,0,0.001
7eme/mathematiques/devoirs/Devoir-de-Controle-N-6-Math-7eme-2023-2024-Mr-GHARBI-RIDHA.pdf,VALIDE,7e,CERTAIN,CONTROLE,CONTENU,3,1551,19,0,0.001
7eme/mathematiques/devoirs/Devoir-de-Controle-N-6-Math-DEVOIR-7eme-2024-2025-Mr-GHARBI-RIDHA-stamped.pdf,VALIDE,7e,CERTAIN,CONTROLE,CONTENU,3,2623,13,0,0.0
7eme/mathematiques/devoirs/Devoir-de-Maison-Math-7eme-2007-2008-Mr-benabdelkader-ahmed.pdf,VALIDE,7e,CERTAIN,MAISON,CONTENU,4,3685,25,0,0.0
7eme/mathematiques/devoirs/Devoir-de-Maison-Math-7eme-2011-2012-Mr-benabdelkader-ahmed.pdf,VALIDE,7e,CERTAIN,MAISON,CONTENU,4,2033,17,1,0.0
7eme/mathematiques/devoirs/Devoir-de-Maison-N-1-College-pilote-Math-7eme-2011-2012-Mr-Alouane.pdf,MIXTE_college_lycee,7e,CERTAIN,MAISON,NOM_FICHIER,1,1932,13,2,0.002
7eme/mathematiques/devoirs/Devoir-de-Maison-N-1-College-pilote-Math-7eme-2011-2012-Mr-MaThlouthi-LoTfi.pdf,CONTENU_MATH_FAIBLE,7e,CERTAIN,MAISON,NOM_FICHIER,2,2682,1,1,0.008
7eme/mathematiques/devoirs/Devoir-de-Maison-N-1-College-pilote-Math-7eme-2015-2016-Mme-Tekeri-Zeineb.pdf,VALIDE,7e,CERTAIN,MAISON,CONTENU,2,1140,12,1,0.001
7eme/mathematiques/devoirs/Devoir-de-Maison-N-1-Math-7eme-2014-2015-Mr-Moussa-Riadh.pdf,MIXTE_college_lycee,7e,CERTAIN,MAISON,CONTENU,1,3112,16,2,0.004
7eme/mathematiques/devoirs/Devoir-de-Maison-N-1-Math-7eme-2015-2016-Mr-Bouchriha-Khaled.pdf,MIXTE_college_lycee,7e,CERTAIN,MAISON,NOM_FICHIER,2,2309,10,3,0.02
7eme/mathematiques/devoirs/Devoir-de-Maison-N-1-Math-7eme-2015-2016-Mr-Ghanmi-Naoufel.pdf,MIXTE_college_lycee,7e,CERTAIN,MAISON,CONTENU,2,1279,17,3,0.0
7eme/mathematiques/devoirs/Devoir-de-Maison-N-2-Math-7eme-2011-2012-Mr-khoudi-mohsen-2.pdf,VALIDE,7e,CERTAIN,MAISON,CONTENU,2,1625,14,0,0.002
7eme/mathematiques/devoirs/Devoir-de-Maison-N-2-Math-7eme-2011-2012-Mr-khoudi-mohsen.pdf,VALIDE,7e,CERTAIN,MAISON,CONTENU,2,1641,14,0,0.002
7eme/mathematiques/devoirs/Devoir-de-Maison-N-3-Math-7eme-2015-2016-Mr-Smiti-Moez.pdf,VALIDE,7e,CERTAIN,MAISON,CONTENU,3,4296,22,0,0.009
7eme/mathematiques/devoirs/Devoir-de-Revision-Math-7eme-2014-2015-Mr-bouchriha-khaled.pdf,VALIDE,7e,CERTAIN,DEVOIR_INDETERMINE,DOSSIER,2,1520,9,1,0.016
7eme/mathematiques/devoirs/Devoir-de-Revision-N-6-Math-7eme-2022-2023-Mr-mouadh.pdf,MIXTE_college_lycee,7e,CERTAIN,DEVOIR_INDETERMINE,DOSSIER,2,1520,11,2,0.004
7eme/mathematiques/devoirs/Devoir-de-S-ynthese-N-3-Math-7eme-2023-2024-.pdf,VALIDE,7e,CERTAIN,SYNTHESE,CONTENU,2,1136,12,0,0.0
7eme/mathematiques/devoirs/Devoir-de-Synthese-N-1-1er-Semestre-Math-7eme-2017-2018-Mr-Baccar-Achraf.pdf,VALIDE,7e,CERTAIN,SYNTHESE,CONTENU,3,4839,12,1,0.007
7eme/mathematiques/devoirs/Devoir-de-Synthese-N-1-2eme-Semestre-Math-7eme-2018-2019-Mr-Hafsi-Salem.pdf,VALIDE,7e,CERTAIN,SYNTHESE,CONTENU,2,6678,2,0,0.022
7eme/mathematiques/devoirs/Devoir-de-Synthese-N-1-College-pilote-Math-7eme-2014-2015-Mme-Tekeri-Zeineb.pdf,VALIDE,7e,CERTAIN,SYNTHESE,CONTENU,4,1325,13,0,0.001
7eme/mathematiques/devoirs/Devoir-de-Synthese-N-1-College-pilote-Math-7eme-2015-2016-Mme-Tekeri-Zeineb.pdf,VALIDE,7e,CERTAIN,SYNTHESE,CONTENU,3,1332,11,1,0.0
7eme/mathematiques/devoirs/Devoir-de-Synthese-N-1-College-pilote-Math-7eme-2016-2017-Mme-Tekeri-Zeineb.pdf,VALIDE,7e,CERTAIN,SYNTHESE,CONTENU,3,1228,10,1,0.0
7eme/mathematiques/devoirs/Devoir-de-Synthese-N-1-College-pilote-Math-7eme-2017-2018-Mme-Tekeri-Zeineb.pdf,ENCODAGE_CORROMPU,7e,CERTAIN,SYNTHESE,NOM_FICHIER,3,4865,10,1,0.13
7eme/mathematiques/devoirs/Devoir-de-Synthese-N-1-College-pilote-Math-7eme-2018-2019-Mme-Tekeri-Zeineb.pdf,ENCODAGE_CORROMPU,7e,CERTAIN,SYNTHESE,NOM_FICHIER,3,2758,9,0,0.117
7eme/mathematiques/devoirs/Devoir-de-Synthese-N-1-Math-7eme-2012-2013-Mr-abbedi-othmen.pdf,VALIDE,7e,CERTAIN,SYNTHESE,CONTENU,3,1304,10,1,0.0
7eme/mathematiques/devoirs/Devoir-de-Synthese-N-1-Math-7eme-2012-2013-Mr-chaabani-hamadi.pdf,MIXTE_college_lycee,7e,CERTAIN,SYNTHESE,NOM_FICHIER,3,3824,12,2,0.036
7eme/mathematiques/devoirs/Devoir-de-Synthese-N-1-Math-7eme-2012-2013-Mr-mejri-zied.pdf,VALIDE,7e,CERTAIN,SYNTHESE,CONTENU,3,1708,13,0,0.004
7eme/mathematiques/devoirs/Devoir-de-Synthese-N-1-Math-7eme-2012-2013-Mr-souissi-nejah.pdf,ENCODAGE_CORROMPU,7e,CERTAIN,SYNTHESE,NOM_FICHIER,2,3439,12,1,0.231
7eme/mathematiques/devoirs/Devoir-de-Synthese-N-1-Math-7eme-2013-2014-Mr-Barkallah-Lotfi.pdf,VALIDE,7e,CERTAIN,SYNTHESE,CONTENU,3,925,9,0,0.0
7eme/mathematiques/devoirs/Devoir-de-Synthese-N-1-Math-7eme-2013-2014-Mr-MEJRI-ZIED.pdf,VALIDE,7e,CERTAIN,SYNTHESE,CONTENU,2,1278,11,0,0.001
7eme/mathematiques/devoirs/Devoir-de-Synthese-N-1-Math-7eme-2013-2014-Mr-ZOUARI-SAMI.pdf,VALIDE,7e,CERTAIN,SYNTHESE,CONTENU,3,1151,10,0,0.002
7eme/mathematiques/devoirs/Devoir-de-Synthese-N-1-Math-7eme-2013-2014-Mr-Zrour-Saber-.pdf,VALIDE,7e,CERTAIN,SYNTHESE,CONTENU,3,1564,13,0,0.004
7eme/mathematiques/devoirs/Devoir-de-Synthese-N-1-Math-7eme-2014-2015-Mme-ouertatani-khadija.pdf,MIXTE_college_lycee,7e,CERTAIN,SYNTHESE,CONTENU,2,2256,10,2,0.02
7eme/mathematiques/devoirs/Devoir-de-Synthese-N-1-Math-7eme-2014-2015-Mr-Amamria.pdf,VALIDE,7e,CERTAIN,SYNTHESE,CONTENU,2,3354,18,1,0.021
7eme/mathematiques/devoirs/Devoir-de-Synthese-N-1-Math-7eme-2014-2015-Mr-Faouzi.pdf,MIXTE_college_lycee,7e,CERTAIN,SYNTHESE,CONTENU,2,4169,15,2,0.052
7eme/mathematiques/devoirs/Devoir-de-Synthese-N-1-Math-7eme-2014-2015-Mr-MEJRI-ZIED.pdf,VALIDE,7e,CERTAIN,SYNTHESE,NOM_FICHIER,2,2548,5,0,0.003
7eme/mathematiques/devoirs/Devoir-de-Synthese-N-1-Math-7eme-2014-2015-Mr-Moussa-Riadh.pdf,VALIDE,7e,CERTAIN,SYNTHESE,CONTENU,2,1924,13,1,0.004
7eme/mathematiques/devoirs/Devoir-de-Synthese-N-1-Math-7eme-2014-2015-Mr-ZOUARI-SAMI.pdf,VALIDE,7e,CERTAIN,SYNTHESE,CONTENU,3,1230,12,1,0.001
7eme/mathematiques/devoirs/Devoir-de-Synthese-N-1-Math-7eme-2015-2016-Mr-Bouchriha-Khaled.pdf,MIXTE_college_lycee,7e,CERTAIN,SYNTHESE,NOM_FICHIER,3,4765,9,3,0.031
7eme/mathematiques/devoirs/Devoir-de-Synthese-N-1-Math-7eme-2015-2016-Mr-ZOUARI-SAMI.pdf,VALIDE,7e,CERTAIN,SYNTHESE,CONTENU,3,1052,11,0,0.003
7eme/mathematiques/devoirs/Devoir-de-Synthese-N-1-Math-7eme-2016-2017-Mr-FAOUZI.pdf,MIXTE_college_lycee,7e,CERTAIN,SYNTHESE,NOM_FICHIER,2,5000,14,2,0.028
7eme/mathematiques/devoirs/Devoir-de-Synthese-N-1-Math-7eme-2016-2017-Mr-Ferjani-Salah.pdf,MIXTE_college_lycee,7e,CERTAIN,SYNTHESE,NOM_FICHIER,2,3957,10,2,0.111
7eme/mathematiques/devoirs/Devoir-de-Synthese-N-1-Math-7eme-2016-2017-Mr-Roufaa-Nasr.pdf,ENCODAGE_CORROMPU,7e,CERTAIN,SYNTHESE,CONTENU,2,4395,12,1,0.107
7eme/mathematiques/devoirs/Devoir-de-Synthese-N-1-Math-7eme-2017-2018-Mr-Abdelghaffar-Sami.pdf,VALIDE,7e,CERTAIN,SYNTHESE,NOM_FICHIER,2,4250,6,1,0.01
7eme/mathematiques/devoirs/Devoir-de-Synthese-N-1-Math-7eme-2017-2018-Mr-Ameur-Mounir.pdf,VALIDE,7e,CERTAIN,SYNTHESE,CONTENU,3,1547,12,1,0.003
7eme/mathematiques/devoirs/Devoir-de-Synthese-N-1-Math-7eme-2017-2018-Mr-Bahar-Farouk.pdf,VALIDE,7e,CERTAIN,SYNTHESE,NOM_FICHIER,2,6059,7,0,0.002
7eme/mathematiques/devoirs/Devoir-de-Synthese-N-1-Math-7eme-2017-2018-Mr-Imed-Naceur.pdf,VALIDE,7e,CERTAIN,SYNTHESE,NOM_FICHIER,6,2743,14,1,0.0
7eme/mathematiques/devoirs/Devoir-de-Synthese-N-1-Math-7eme-2017-2018-Mr-KCHOUM-Abdelhadi.pdf,MIXTE_college_lycee,7e,CERTAIN,SYNTHESE,NOM_FICHIER,1,1212,9,2,0.0
7eme/mathematiques/devoirs/Devoir-de-Synthese-N-1-Math-7eme-2017-2018-Mr-Khlifi.pdf,MIXTE_college_lycee,7e,CERTAIN,SYNTHESE,NOM_FICHIER,3,2807,12,2,0.002
7eme/mathematiques/devoirs/Devoir-de-Synthese-N-1-Math-7eme-2017-2018-Mr-Mathlouthi-Lotfi.pdf,VALIDE,7e,CERTAIN,SYNTHESE,NOM_FICHIER,2,4837,12,1,0.004
7eme/mathematiques/devoirs/Devoir-de-Synthese-N-1-Math-7eme-2017-2018-Mr-ZOUARI-SAMI.pdf,VALIDE,7e,CERTAIN,SYNTHESE,CONTENU,1,3092,10,1,0.001
7eme/mathematiques/devoirs/Devoir-de-Synthese-N-1-Math-7eme-2019-2020-Mr-CHELLY-SAMI.pdf,VALIDE,7e,CERTAIN,SYNTHESE,NOM_FICHIER,2,4489,4,0,0.039
7eme/mathematiques/devoirs/Devoir-de-Synthese-N-1-Math-7eme-2019-2020-Mr-Hafsi-Salem.pdf,VALIDE,7e,CERTAIN,SYNTHESE,CONTENU,2,1247,12,1,0.005
7eme/mathematiques/devoirs/Devoir-de-Synthese-N-1-Math-7eme-2019-2020-Mr-SAEMONGI.pdf,ENCODAGE_CORROMPU,7e,CERTAIN,SYNTHESE,CONTENU,2,4642,9,1,0.074
7eme/mathematiques/devoirs/Devoir-de-Synthese-N-1-Math-7eme-2020-2021-Mr-Badreddyne-Trabelsy.pdf,VALIDE,7e,CERTAIN,SYNTHESE,NOM_FICHIER,2,3332,10,0,0.029
7eme/mathematiques/devoirs/Devoir-de-Synthese-N-1-Math-7eme-2020-2021-Mr-Gharbi-Ridha.pdf,VALIDE,7e,CERTAIN,SYNTHESE,CONTENU,2,1433,11,0,0.003
7eme/mathematiques/devoirs/Devoir-de-Synthese-N-1-Math-7eme-2023-2024-Mr-GHARBI-RIDHA.pdf,VALIDE,7e,CERTAIN,SYNTHESE,CONTENU,3,1498,15,1,0.001
7eme/mathematiques/devoirs/Devoir-de-Synthese-N-1-Math-7eme-2024-2025-Mme-Trabelsi-Saoussen.pdf,VALIDE,7e,CERTAIN,SYNTHESE,NOM_FICHIER,2,4593,6,0,0.025
7eme/mathematiques/devoirs/Devoir-de-Synthese-N-1-Math-7eme-2024-2025-Mr-GHARBI-RIDHA.pdf,MIXTE_college_lycee,7e,CERTAIN,SYNTHESE,NOM_FICHIER,3,3106,9,2,0.012
7eme/mathematiques/devoirs/Devoir-de-Synthese-N-1-Math-DEVOIR-7eme-2025-2026-Mr-GHARBI-RIDHA-stamped-compressed.pdf,MIXTE_college_lycee,7e,CERTAIN,SYNTHESE,NOM_FICHIER,3,2682,9,2,0.0
7eme/mathematiques/devoirs/Devoir-de-Synthese-N-1-maths-7eme-Annee-2017-Tawfik-missaoui.pdf,CONTENU_MATH_FAIBLE,7e,CERTAIN,SYNTHESE,NOM_FICHIER,4,9007,0,0,0.001
7eme/mathematiques/devoirs/Devoir-de-Synthese-N-1-tecchnologie-7eme-2010-2011-Mr-ksomtini-maher.pdf,VALIDE,7e,CERTAIN,SYNTHESE,NOM_FICHIER,2,4800,3,0,0.003
7eme/mathematiques/devoirs/Devoir-de-Synthese-N-1-technoloie-7eme-_2010-2011_-Mr-tarek.pdf,VALIDE,7e,CERTAIN,SYNTHESE,CONTENU,4,5412,3,1,0.007
7eme/mathematiques/devoirs/Devoir-de-Synthese-N-2-1er-Semestre-Math-7eme-2018-2019-Mme-Allani.pdf,VALIDE,7e,CERTAIN,SYNTHESE,CONTENU,2,1732,18,1,0.0
7eme/mathematiques/devoirs/Devoir-de-Synthese-N-2-2eme-Semestre-Math-7eme-2018-2019-Mr-OUERGHI-CHOKRI.pdf,VALIDE,7e,CERTAIN,SYNTHESE,NOM_FICHIER,3,2516,16,1,0.01
7eme/mathematiques/devoirs/Devoir-de-Synthese-N-2-College-pilote-Math-7eme-2013-2014-Mr-Ouni-Anouar-.pdf,VALIDE,7e,CERTAIN,SYNTHESE,CONTENU,2,2121,13,0,0.001
7eme/mathematiques/devoirs/Devoir-de-Synthese-N-2-Math-7-eme-2023-2022-Mr-Hamed-Abbasi.pdf,VALIDE,7e,CERTAIN,SYNTHESE,CONTENU,3,1234,10,1,0.001
7eme/mathematiques/devoirs/Devoir-de-Synthese-N-2-Math-7eme-2010-2011-Mr-Dhouib-Ridha.pdf,CONTENU_MATH_FAIBLE,7e,CERTAIN,SYNTHESE,NOM_FICHIER,1,2465,1,1,0.007
7eme/mathematiques/devoirs/Devoir-de-Synthese-N-2-Math-7eme-2011-2012-Mr-MEJRI-ZIED.pdf,VALIDE,7e,CERTAIN,SYNTHESE,CONTENU,2,1572,14,1,0.0
7eme/mathematiques/devoirs/Devoir-de-Synthese-N-2-Math-7eme-2011-2012-Mr-Mouajria-Hattab.pdf,VALIDE,7e,CERTAIN,SYNTHESE,NOM_FICHIER,3,3186,11,1,0.0
7eme/mathematiques/devoirs/Devoir-de-Synthese-N-2-Math-7eme-2011-2012-Mr-khoudi-mohsen.pdf,CONTENU_MATH_FAIBLE,7e,CERTAIN,SYNTHESE,NOM_FICHIER,2,3643,0,0,0.015
7eme/mathematiques/devoirs/Devoir-de-Synthese-N-2-Math-7eme-2012-2013-Mr-Mouajria-Hattab.pdf,VALIDE,7e,CERTAIN,SYNTHESE,NOM_FICHIER,3,3980,10,0,0.0
7eme/mathematiques/devoirs/Devoir-de-Synthese-N-2-Math-7eme-2012-2013-Mr-chedly-maamouri.pdf,VALIDE,7e,CERTAIN,SYNTHESE,NOM_FICHIER,2,540,4,0,0.0
7eme/mathematiques/devoirs/Devoir-de-Synthese-N-2-Math-7eme-2012-2013-Mr-chedly.pdf,VALIDE,7e,CERTAIN,SYNTHESE,NOM_FICHIER,2,540,4,0,0.0
7eme/mathematiques/devoirs/Devoir-de-Synthese-N-2-Math-7eme-2013-2014-Mme-Allani-.pdf,VALIDE,7e,CERTAIN,SYNTHESE,NOM_FICHIER,4,11099,8,1,0.032
7eme/mathematiques/devoirs/Devoir-de-Synthese-N-2-Math-7eme-2013-2014-Mr-MEJRI.pdf,VALIDE,7e,CERTAIN,SYNTHESE,CONTENU,2,1856,14,1,0.001
7eme/mathematiques/devoirs/Devoir-de-Synthese-N-2-Math-7eme-2013-2014-Mr-Mathlouthi-Lotfi.pdf,MIXTE_college_lycee,7e,CERTAIN,SYNTHESE,NOM_FICHIER,2,3046,10,2,0.0
7eme/mathematiques/devoirs/Devoir-de-Synthese-N-2-Math-7eme-2014-2015-Mr-Dabboussi-Faouzi.pdf,VALIDE,7e,CERTAIN,SYNTHESE,CONTENU,2,1623,12,1,0.002
7eme/mathematiques/devoirs/Devoir-de-Synthese-N-2-Math-7eme-2015-2016-Mr-Dabboussi-Faouzi.pdf,ENCODAGE_CORROMPU,7e,CERTAIN,SYNTHESE,NOM_FICHIER,2,2811,8,0,0.17
7eme/mathematiques/devoirs/Devoir-de-Synthese-N-2-Math-7eme-2015-2016-Mr-Zantour-Hamdi.pdf,VALIDE,7e,CERTAIN,SYNTHESE,CONTENU,4,5688,19,0,0.0
7eme/mathematiques/devoirs/Devoir-de-Synthese-N-2-Math-7eme-2016-2017-Mr-Hafsi-Salem.pdf,VALIDE,7e,CERTAIN,SYNTHESE,CONTENU,2,1178,12,1,0.0
7eme/mathematiques/devoirs/Devoir-de-Synthese-N-2-Math-7eme-2016-2017-Mr-ZOUARI-SAMI.pdf,VALIDE,7e,CERTAIN,SYNTHESE,CONTENU,1,882,7,0,0.006
7eme/mathematiques/devoirs/Devoir-de-Synthese-N-2-Math-7eme-2021-2022-Mr-GHARBI-RIDHA.pdf,VALIDE,7e,CERTAIN,SYNTHESE,CONTENU,2,1434,13,0,0.001
7eme/mathematiques/devoirs/Devoir-de-Synthese-N-2-Math-7eme-2023-2024--2.pdf,VALIDE,7e,CERTAIN,SYNTHESE,CONTENU,2,1411,14,0,0.001
7eme/mathematiques/devoirs/Devoir-de-Synthese-N-2-Math-7eme-2023-2024-.pdf,VALIDE,7e,CERTAIN,SYNTHESE,CONTENU,3,1234,10,1,0.001
7eme/mathematiques/devoirs/Devoir-de-Synthese-N-2-Math-7eme-2023-2024-2-.pdf,MIXTE_college_lycee,7e,CERTAIN,SYNTHESE,NOM_FICHIER,3,1569,12,2,0.001
7eme/mathematiques/devoirs/Devoir-de-Synthese-N-2-Math-7eme-2023-2024-Mr-Abdelghaffar-Sami.pdf,VALIDE,7e,CERTAIN,SYNTHESE,NOM_FICHIER,2,6569,9,0,0.016
7eme/mathematiques/devoirs/Devoir-de-Synthese-N-2-Math-7eme-2023-2024-Mr-GHARBI-RIDHA.pdf,VALIDE,7e,CERTAIN,SYNTHESE,CONTENU,3,1614,14,0,0.001
7eme/mathematiques/devoirs/Devoir-de-Synthese-N-2-Math-7eme-2024-2025-Mr-Ameur-Mounir-stamped.pdf,VALIDE,7e,CERTAIN,SYNTHESE,CONTENU,2,1353,13,1,0.0
7eme/mathematiques/devoirs/Devoir-de-Synthese-N-2-Math-DEVOIR-SYNTHESE-N2-7eme-2025-2026-Mr-GHARBI-RIDHA-stamped.pdf,VALIDE,7e,CERTAIN,SYNTHESE,CONTENU,3,1549,13,1,0.0
7eme/mathematiques/devoirs/Devoir-de-Synthese-N-3-2eme-Semestre-Math-7eme-2018-2019-Mr-Abdelghaffar-Sami.pdf,VALIDE,7e,CERTAIN,SYNTHESE,CONTENU,4,1820,14,0,0.002
7eme/mathematiques/devoirs/Devoir-de-Synthese-N-3-2eme-Semestre-Math-7eme-2018-2019-Mr-OUERGHI-CHOKRI.pdf,VALIDE,7e,CERTAIN,SYNTHESE,NOM_FICHIER,4,4707,18,1,0.0
7eme/mathematiques/devoirs/Devoir-de-Synthese-N-3-2eme-Semestre-Math-7eme-2018-2019-Mr-Salah-ferjani.pdf,VALIDE,7e,CERTAIN,SYNTHESE,CONTENU,2,5444,13,0,0.005
7eme/mathematiques/devoirs/Devoir-de-Synthese-N-3-College-pilote-Math-7eme-2012-2013-Tous-les-profs.pdf,VALIDE,7e,CERTAIN,CORRIGE,CONTENU,2,1598,14,0,0.004
7eme/mathematiques/devoirs/Devoir-de-Synthese-N-3-Math-7-eme-2023-2022-Mr-Hamed-Abbasi.pdf,VALIDE,7e,CERTAIN,SYNTHESE,CONTENU,3,1553,16,1,0.001
7eme/mathematiques/devoirs/Devoir-de-Synthese-N-3-Math-7eme-2013-2014-Mr-MEJRI-ZIED.pdf,VALIDE,7e,CERTAIN,SYNTHESE,NOM_FICHIER,2,2221,12,1,0.035
7eme/mathematiques/devoirs/Devoir-de-Synthese-N-3-Math-7eme-2013-2014-Mr-ZOUARI-SAMI-.pdf,VALIDE,7e,CERTAIN,SYNTHESE,CONTENU,3,1154,13,0,0.001
7eme/mathematiques/devoirs/Devoir-de-Synthese-N-3-Math-7eme-2014-2015-Mlle-Dissem-Yosr.pdf,VALIDE,7e,CERTAIN,SYNTHESE,CONTENU,2,1178,17,0,0.004
7eme/mathematiques/devoirs/Devoir-de-Synthese-N-3-Math-7eme-2014-2015-Mr-BEN-AMARA-MOHAMED.pdf,VALIDE,7e,CERTAIN,SYNTHESE,NOM_FICHIER,2,4182,14,1,0.025
7eme/mathematiques/devoirs/Devoir-de-Synthese-N-3-Math-7eme-2014-2015-Mr-ZOUARI-SAMI.pdf,VALIDE,7e,CERTAIN,SYNTHESE,NOM_FICHIER,1,2750,15,0,0.001
7eme/mathematiques/devoirs/Devoir-de-Synthese-N-3-Math-7eme-2015-2016-Mr-Mohamed-Ben-Amara.pdf,VALIDE,7e,CERTAIN,SYNTHESE,CONTENU,2,5542,11,1,0.031
7eme/mathematiques/devoirs/Devoir-de-Synthese-N-3-Math-7eme-2021-2022-Mr-GHARBI-RIDHA.pdf,VALIDE,7e,CERTAIN,SYNTHESE,CONTENU,2,1572,22,0,0.0
7eme/mathematiques/devoirs/Devoir-de-Synthese-N-3-Math-7eme-2023-2022-Mrs-JIHENE-BEN-TALEB.pdf,VALIDE,7e,CERTAIN,SYNTHESE,CONTENU,3,1836,15,0,0.0
7eme/mathematiques/devoirs/Devoir-de-Synthese-N-3-Math-7eme-2023-2024--2.pdf,VALIDE,7e,CERTAIN,SYNTHESE,CONTENU,3,1556,16,1,0.003
7eme/mathematiques/devoirs/Devoir-de-Synthese-N-3-Math-7eme-2023-2024-.pdf,VALIDE,7e,CERTAIN,SYNTHESE,NOM_FICHIER,2,1098,10,1,0.003
7eme/mathematiques/devoirs/Devoir-de-Synthese-N-3-Math-7eme-2023-2024-2-.pdf,VALIDE,7e,CERTAIN,SYNTHESE,CONTENU,3,1850,15,0,0.0
7eme/mathematiques/devoirs/Devoir-de-Synthese-N-3-Math-7eme-2023-2024-Mr-GHARBI-RIDHA.pdf,VALIDE,7e,CERTAIN,SYNTHESE,CONTENU,3,1568,15,0,0.0
7eme/mathematiques/devoirs/Devoir-de-Synthese-N-3-Math-DEVOIR-7eme-2025-2026-Mr-GHARBI-RIDHA-stamped.pdf,VALIDE,7e,CERTAIN,SYNTHESE,CONTENU,3,1839,22,0,0.0
7eme/mathematiques/devoirs/Devoir-de-Synthese-N-3-Math-DEVOIR-SYNTHESE-N3-7eme-2024-2025-Mr-GHARBI-RIDHA_watermark.pdf,VALIDE,7e,CERTAIN,SYNTHESE,CONTENU,3,1765,21,0,0.0
7eme/mathematiques/devoirs/Devoir-de-controle-N-3-College-pilote-Math-7eme-2011-2012-Mr-Kamel-Gharbi.pdf,VALIDE,7e,CERTAIN,CORRIGE,CONTENU,3,982,9,0,0.001
7eme/mathematiques/devoirs/Devoir-de-controle-N-3-Math-7eme-2011-2012-Mr-Makram-Trabelsi.pdf,MIXTE_college_lycee,7e,CERTAIN,CONTROLE,NOM_FICHIER,2,1004,8,2,0.0
7eme/mathematiques/devoirs/Devoir-de-controle-N-4-Math-7eme-2011-2012-Mr-Makram-trabelsi.pdf,CONTENU_MATH_FAIBLE,7e,CERTAIN,CONTROLE,NOM_FICHIER,2,874,1,1,0.043
7eme/mathematiques/devoirs/Devoir-de-controle-N-6-Math-7eme-College-pilote-Les-berges-du-lac-Mr-Faouzi-El-Gharbi-2.pdf,VALIDE,7e,CERTAIN,CONTROLE,NOM_FICHIER,3,6487,11,0,0.0
7eme/mathematiques/devoirs/Devoir-de-controle-N-6-Math-7eme-College-pilote-Les-berges-du-lac-Mr-Faouzi-El-Gharbi.pdf,VALIDE,7e,CERTAIN,CONTROLE,NOM_FICHIER,3,3597,9,0,0.0
7eme/mathematiques/devoirs/Devoir-de-controle-n-2-maths-7-eme-Annee-2017-Tawfik-missaoui-2.pdf,CONTENU_MATH_FAIBLE,7e,CERTAIN,CONTROLE,NOM_FICHIER,2,3479,1,0,0.0
7eme/mathematiques/devoirs/Devoir-de-controle-n-2-maths-7-eme-Annee-2017-Tawfik-missaoui.pdf,CONTENU_MATH_FAIBLE,7e,CERTAIN,CONTROLE,NOM_FICHIER,2,3479,1,0,0.0
7eme/mathematiques/devoirs/Devoir-de-maison-2eme-Trimestre-Math-7eme-College-pilote-Les-berges-du-lac-Mr-Faouzi-El-Gharbi.pdf,VALIDE,7e,CERTAIN,MAISON,NOM_FICHIER,1,2111,13,0,0.0
7eme/mathematiques/devoirs/Devoir-de-maison-N-2-Math-7eme-College-pilote-Les-berges-du-lac-Mr-Faouzi-El-Gharbi.pdf,VALIDE,7e,CERTAIN,MAISON,NOM_FICHIER,1,1984,15,0,0.0
7eme/mathematiques/devoirs/Devoir-de-maison-N-3-Math-7eme-Mr-Mourad-Khlifi.pdf,VALIDE,7e,CERTAIN,MAISON,NOM_FICHIER,3,2323,5,0,0.009
7eme/mathematiques/devoirs/Devoir-de-maison-N-5-Math-7eme-College-pilote-Les-berges-du-lac-Mr-Faouzi-El-Gharbi-1.pdf,VALIDE,7e,CERTAIN,MAISON,NOM_FICHIER,1,1462,15,0,0.0
7eme/mathematiques/devoirs/Devoir-de-maison-N-5-Math-7eme-College-pilote-Les-berges-du-lac-Mr-Faouzi-El-Gharbi-2.pdf,VALIDE,7e,CERTAIN,MAISON,NOM_FICHIER,2,1506,10,0,0.001
7eme/mathematiques/devoirs/Devoir-de-maison-N-5-Math-7eme-College-pilote-Les-berges-du-lac-Mr-Faouzi-El-Gharbi-3.pdf,VALIDE,7e,CERTAIN,MAISON,NOM_FICHIER,1,1501,10,0,0.001
7eme/mathematiques/devoirs/Devoir-de-synthese-N-2-Math-7eme-2011-2012-Mr-Makram-Trabelsi.pdf,CONTENU_MATH_FAIBLE,7e,CERTAIN,SYNTHESE,CONTENU,1,591,1,0,0.055
7eme/mathematiques/devoirs/Devoir-de-synthese-N-2-Math-7eme-College-pilote-Les-berges-du-lac-Mr-Faouzi-El-Gharbi.pdf,VALIDE,7e,CERTAIN,SYNTHESE,NOM_FICHIER,3,8101,15,0,0.0
7eme/mathematiques/devoirs/Revision-pour-Devoir-de-synthese-N-3-Math-7eme-College-pilote-Les-berges-du-lac-Mr-Faouzi-El-Gharbi.pdf,VALIDE,7e,CERTAIN,SYNTHESE,NOM_FICHIER,2,3309,15,0,0.002
7eme/mathematiques/exercices/02-7-2012-2011-.pdf,CONTENU_MATH_FAIBLE,7e,CERTAIN,SERIE,DOSSIER,2,7944,0,0,0.0
7eme/mathematiques/exercices/1-2010-2011-7.pdf,VALIDE,7e,INCERTAIN,SERIE,DOSSIER,2,6716,2,1,0.001
7eme/mathematiques/exercices/1-7-.pdf,CONTENU_MATH_FAIBLE,7e,CERTAIN,SERIE,DOSSIER,3,7516,1,0,0.0
7eme/mathematiques/exercices/1-7-2006-2007-.pdf,VALIDE,7e,CERTAIN,SERIE,DOSSIER,3,3109,3,0,0.002
7eme/mathematiques/exercices/1-7-2008-2009--2.pdf,VALIDE,7e,CERTAIN,SYNTHESE,CONTENU,3,2930,4,0,0.002
7eme/mathematiques/exercices/1-7-2008-2009-.pdf,VALIDE,7e,CERTAIN,SERIE,DOSSIER,3,2864,3,0,0.0
7eme/mathematiques/exercices/1-7-2009-2008--2.pdf,CONTENU_MATH_FAIBLE,7e,CERTAIN,SYNTHESE,CONTENU,1,1542,1,0,0.0
7eme/mathematiques/exercices/1-7-2009-2008-.pdf,CONTENU_MATH_FAIBLE,7e,CERTAIN,CORRIGE,CONTENU,1,342,1,0,0.0
7eme/mathematiques/exercices/1-7-2009-2010--2.pdf,VALIDE,7e,CERTAIN,SYNTHESE,CONTENU,3,2825,4,1,0.001
7eme/mathematiques/exercices/1-7-2009-2010--3.pdf,VALIDE,7e,CERTAIN,SYNTHESE,CONTENU,2,1313,2,0,0.0
7eme/mathematiques/exercices/1-7-2009-2010--4.pdf,CONTENU_MATH_FAIBLE,7e,CERTAIN,SERIE,DOSSIER,1,536,1,0,0.0
7eme/mathematiques/exercices/1-7-2009-2010--5.pdf,VALIDE,7e,CERTAIN,SERIE,DOSSIER,2,1834,2,0,0.002
7eme/mathematiques/exercices/1-7-2009-2010-.pdf,CONTENU_MATH_FAIBLE,7e,CERTAIN,SERIE,DOSSIER,5,8757,1,0,0.001
7eme/mathematiques/exercices/1-7-2009-2010-1-2.pdf,CONTENU_MATH_FAIBLE,7e,CERTAIN,SERIE,DOSSIER,5,311,0,0,0.0
7eme/mathematiques/exercices/1-7-2009-2010-1-3.pdf,VALIDE,7e,CERTAIN,SERIE,DOSSIER,4,9229,2,0,0.002
7eme/mathematiques/exercices/1-7-2009-2010-1-4.pdf,HORS_MATIERE:arabe,7e,CERTAIN,SERIE,DOSSIER,3,1852,1,0,0.0
7eme/mathematiques/exercices/1-7-2009-2010-1-5.pdf,VALIDE,7e,CERTAIN,SYNTHESE,CONTENU,3,2162,3,0,0.0
7eme/mathematiques/exercices/1-7-2009-2010-1.pdf,ENCODAGE_CORROMPU,7e,CERTAIN,SERIE,DOSSIER,4,302,0,0,0.12
7eme/mathematiques/exercices/1-7-2009-2010-2-2.pdf,VALIDE,7e,CERTAIN,SYNTHESE,CONTENU,2,2058,5,0,0.002
7eme/mathematiques/exercices/1-7-2009-2010-2.pdf,VALIDE,7e,CERTAIN,SERIE,DOSSIER,2,2051,2,1,0.0
7eme/mathematiques/exercices/1-7-2009-2010-3.pdf,VALIDE,7e,CERTAIN,SYNTHESE,CONTENU,2,2332,4,0,0.001
7eme/mathematiques/exercices/1-7-2010-2009-.pdf,CONTENU_MATH_FAIBLE,7e,CERTAIN,SYNTHESE,CONTENU,2,715,1,0,0.003
7eme/mathematiques/exercices/1-7-2011-2010-.pdf,VALIDE,7e,CERTAIN,CONTROLE,CONTENU,1,1258,2,1,0.0
7eme/mathematiques/exercices/1-7-2012-2011--2.pdf,CONTENU_MATH_FAIBLE,7e,CERTAIN,EXAMEN_NATIONAL,CONTENU,1,324,0,1,0.0
7eme/mathematiques/exercices/1-7-2012-2011--3.pdf,VALIDE,7e,CERTAIN,CORRIGE,CONTENU,3,5042,2,0,0.0
7eme/mathematiques/exercices/1-7-2012-2011--4.pdf,CONTENU_MATH_FAIBLE,7e,CERTAIN,SYNTHESE,CONTENU,1,830,1,0,0.0
7eme/mathematiques/exercices/1-7-2012-2011--5.pdf,CONTENU_MATH_FAIBLE,7e,CERTAIN,SYNTHESE,CONTENU,1,329,1,0,0.0
7eme/mathematiques/exercices/1-7-2012-2011--6.pdf,VALIDE,7e,CERTAIN,CONTROLE,CONTENU,3,2308,5,1,0.0
7eme/mathematiques/exercices/1-7-2012-2011--7.pdf,CONTENU_MATH_FAIBLE,7e,CERTAIN,SERIE,DOSSIER,1,1867,1,0,0.001
7eme/mathematiques/exercices/1-7-2012-2011--8.pdf,CONTENU_MATH_FAIBLE,7e,CERTAIN,SYNTHESE,CONTENU,2,3427,1,0,0.001
7eme/mathematiques/exercices/1-7-2012-2011--9.pdf,CONTENU_MATH_FAIBLE,7e,CERTAIN,CONTROLE,CONTENU,8,1575,1,0,0.006
7eme/mathematiques/exercices/1-7-2012-2011-.pdf,CONTENU_MATH_FAIBLE,7e,CERTAIN,SERIE,DOSSIER,2,5115,0,0,0.0
7eme/mathematiques/exercices/1-7-2012-2011-5.pdf,CONTENU_MATH_FAIBLE,7e,CERTAIN,SERIE,DOSSIER,3,7822,0,0,0.0
7eme/mathematiques/exercices/1-7-2013-2012-.pdf,ENCODAGE_CORROMPU,7e,CERTAIN,SYNTHESE,CONTENU,2,2138,2,0,0.106
7eme/mathematiques/exercices/1-7-2014-2013--2.pdf,VALIDE,7e,CERTAIN,SERIE,DOSSIER,4,11768,5,0,0.0
7eme/mathematiques/exercices/1-7-2014-2013--3.pdf,VALIDE,7e,CERTAIN,CONTROLE,CONTENU,2,5448,5,0,0.0
7eme/mathematiques/exercices/1-7-2014-2013--4.pdf,SANS_TEXTE_SCAN,7e,NON_VERIFIABLE,SERIE,DOSSIER,1,109,,,
7eme/mathematiques/exercices/1-7-2014-2013--5.pdf,VALIDE,7e,CERTAIN,SERIE,DOSSIER,2,1449,4,0,0.0
7eme/mathematiques/exercices/1-7-2014-2013--6.pdf,VALIDE,7e,CERTAIN,SYNTHESE,CONTENU,2,1885,3,0,0.002
7eme/mathematiques/exercices/1-7-2014-2013-.pdf,VALIDE,7e,CERTAIN,CONTROLE,CONTENU,1,1471,2,0,0.0
7eme/mathematiques/exercices/1-7-2015-2016--2.pdf,ENCODAGE_CORROMPU,7e,CERTAIN,SERIE,DOSSIER,1,1848,2,0,0.576
7eme/mathematiques/exercices/1-7-2015-2016--3.pdf,VALIDE,7e,CERTAIN,SYNTHESE,CONTENU,4,9073,6,0,0.0
7eme/mathematiques/exercices/1-7-2015-2016--4.pdf,VALIDE,7e,CERTAIN,SYNTHESE,CONTENU,1,1027,3,0,0.034
7eme/mathematiques/exercices/1-7-2015-2016--5.pdf,VALIDE,7e,CERTAIN,SYNTHESE,CONTENU,3,4200,3,0,0.011
7eme/mathematiques/exercices/1-7-2015-2016-.pdf,CONTENU_MATH_FAIBLE,7e,CERTAIN,SYNTHESE,CONTENU,1,469,1,0,0.0
7eme/mathematiques/exercices/1-7-2015-2016-1.pdf,VALIDE,7e,CERTAIN,SYNTHESE,CONTENU,2,4319,3,0,0.017
7eme/mathematiques/exercices/1-7-2015-2016-2.pdf,VALIDE,7e,CERTAIN,SERIE,DOSSIER,3,396,2,0,0.037
7eme/mathematiques/exercices/1-7-2015-2016-3.pdf,VALIDE,7e,CERTAIN,SYNTHESE,CONTENU,3,5000,3,0,0.019
7eme/mathematiques/exercices/1-7-2015-2016-4-2.pdf,VALIDE,7e,CERTAIN,SYNTHESE,CONTENU,2,373,2,0,0.044
7eme/mathematiques/exercices/1-7-2015-2016-4.pdf,VALIDE,7e,CERTAIN,SYNTHESE,CONTENU,2,373,2,0,0.044
7eme/mathematiques/exercices/1-7-2015-2016-6.pdf,VALIDE,7e,CERTAIN,SYNTHESE,CONTENU,2,3698,2,0,0.021
7eme/mathematiques/exercices/1-7-2015-2016-7.pdf,VALIDE,7e,CERTAIN,SYNTHESE,CONTENU,3,362,2,0,0.045
7eme/mathematiques/exercices/1-7-2016-2017--2.pdf,CONTENU_MATH_FAIBLE,7e,CERTAIN,SERIE,DOSSIER,4,10379,0,1,0.042
7eme/mathematiques/exercices/1-7-2016-2017--3.pdf,VALIDE,7e,CERTAIN,SYNTHESE,CONTENU,4,5805,6,1,0.0
7eme/mathematiques/exercices/1-7-2016-2017-.pdf,VALIDE,7e,CERTAIN,SERIE,DOSSIER,5,13089,4,0,0.0
7eme/mathematiques/exercices/1-7-2017-2018--2.pdf,VALIDE,7e,CERTAIN,CONTROLE,CONTENU,1,1217,2,0,0.0
7eme/mathematiques/exercices/1-7-2017-2018-.pdf,VALIDE,7e,CERTAIN,CONTROLE,CONTENU,3,4755,2,0,0.0
7eme/mathematiques/exercices/1-7-2018-2019-.pdf,MIXTE_college_lycee,7e,CERTAIN,SERIE,DOSSIER,8,13964,2,2,0.0
7eme/mathematiques/exercices/1-7-2019-2020--2.pdf,CONTENU_MATH_FAIBLE,7e,CERTAIN,CONTROLE,CONTENU,3,8277,1,0,0.0
7eme/mathematiques/exercices/1-7-2019-2020-.pdf,CONTENU_MATH_FAIBLE,7e,CERTAIN,SERIE,DOSSIER,2,1320,0,0,0.0
7eme/mathematiques/exercices/1-7-2024-2025-.pdf,CONTENU_MATH_FAIBLE,7e,CERTAIN,SERIE,DOSSIER,2,1258,1,0,0.001
7eme/mathematiques/exercices/1-7.pdf,VALIDE,7e,CERTAIN,SYNTHESE,CONTENU,3,2235,3,0,0.0
7eme/mathematiques/exercices/2-7-.pdf,VALIDE,7e,CERTAIN,SERIE,DOSSIER,5,6909,15,0,0.001
7eme/mathematiques/exercices/2-7-2006-2007--2.pdf,CONTENU_MATH_FAIBLE,7e,CERTAIN,SYNTHESE,CONTENU,1,390,1,0,0.0
7eme/mathematiques/exercices/2-7-2006-2007-.pdf,VALIDE,7e,CERTAIN,SERIE,DOSSIER,3,2601,3,0,0.001
7eme/mathematiques/exercices/2-7-2006-2007-1.pdf,CONTENU_MATH_FAIBLE,7e,CERTAIN,SERIE,DOSSIER,3,210,0,0,0.0
7eme/mathematiques/exercices/2-7-2008-2007-.pdf,CONTENU_MATH_FAIBLE,7e,CERTAIN,SERIE,DOSSIER,1,3484,1,1,0.0
7eme/mathematiques/exercices/2-7-2008-2009--2.pdf,VALIDE,7e,CERTAIN,SERIE,DOSSIER,3,3291,2,0,0.003
7eme/mathematiques/exercices/2-7-2008-2009--3.pdf,CONTENU_MATH_FAIBLE,7e,CERTAIN,SYNTHESE,CONTENU,2,1451,1,0,0.0
7eme/mathematiques/exercices/2-7-2008-2009--4.pdf,HORS_MATIERE:arabe,7e,CERTAIN,SYNTHESE,CONTENU,3,3014,1,0,0.004
7eme/mathematiques/exercices/2-7-2008-2009-.pdf,VALIDE,7e,CERTAIN,SERIE,DOSSIER,1,872,3,0,0.0
7eme/mathematiques/exercices/2-7-2009-2010--2.pdf,ENCODAGE_CORROMPU,7e,CERTAIN,SERIE,DOSSIER,3,7272,3,0,0.066
7eme/mathematiques/exercices/2-7-2009-2010-.pdf,CONTENU_MATH_FAIBLE,7e,CERTAIN,SYNTHESE,CONTENU,1,1936,1,0,0.0
7eme/mathematiques/exercices/2-7-2010-2011-.pdf,CONTENU_MATH_FAIBLE,7e,CERTAIN,SYNTHESE,CONTENU,3,3212,1,0,0.004
7eme/mathematiques/exercices/2-7-2012-2011--10.pdf,CONTENU_MATH_FAIBLE,7e,CERTAIN,SERIE,DOSSIER,2,3407,1,0,0.001
7eme/mathematiques/exercices/2-7-2012-2011--2.pdf,CONTENU_MATH_FAIBLE,7e,CERTAIN,CONTROLE,CONTENU,1,298,1,0,0.0
7eme/mathematiques/exercices/2-7-2012-2011--3.pdf,CONTENU_MATH_FAIBLE,7e,CERTAIN,SERIE,DOSSIER,2,6367,1,0,0.0
7eme/mathematiques/exercices/2-7-2012-2011--4.pdf,CONTENU_MATH_FAIBLE,7e,CERTAIN,SERIE,DOSSIER,1,215,0,0,0.0
7eme/mathematiques/exercices/2-7-2012-2011--5.pdf,CONTENU_MATH_FAIBLE,7e,CERTAIN,SERIE,DOSSIER,2,6353,1,0,0.0
7eme/mathematiques/exercices/2-7-2012-2011--6.pdf,CONTENU_MATH_FAIBLE,7e,CERTAIN,SERIE,DOSSIER,2,1200,1,1,0.0
7eme/mathematiques/exercices/2-7-2012-2011--7.pdf,CONTENU_MATH_FAIBLE,7e,CERTAIN,SERIE,DOSSIER,1,741,1,0,0.016
7eme/mathematiques/exercices/2-7-2012-2011--8.pdf,VALIDE,7e,CERTAIN,CONTROLE,CONTENU,1,4150,3,0,0.0
7eme/mathematiques/exercices/2-7-2012-2011--9.pdf,CONTENU_MATH_FAIBLE,7e,CERTAIN,SERIE,DOSSIER,1,4131,1,0,0.001
7eme/mathematiques/exercices/2-7-2012-2011-.pdf,CONTENU_MATH_FAIBLE,7e,CERTAIN,SERIE,DOSSIER,1,273,0,0,0.0
7eme/mathematiques/exercices/2-7-2012-2011-4.pdf,CONTENU_MATH_FAIBLE,7e,CERTAIN,SERIE,DOSSIER,2,7705,0,0,0.0
7eme/mathematiques/exercices/2-7-2012-2011-Sirine.pdf,CONTENU_MATH_FAIBLE,7e,CERTAIN,SERIE,DOSSIER,2,1092,0,0,0.0
7eme/mathematiques/exercices/2-7-2012-2011-hamdi-ahmed.pdf,VALIDE,7e,CERTAIN,SYNTHESE,CONTENU,1,1096,4,1,0.005
7eme/mathematiques/exercices/2-7-2013-2012--2.pdf,ENCODAGE_CORROMPU,7e,CERTAIN,SYNTHESE,CONTENU,5,4505,1,0,0.087
7eme/mathematiques/exercices/2-7-2013-2012--3.pdf,VALIDE,7e,CERTAIN,SERIE,DOSSIER,3,11511,4,0,0.001
7eme/mathematiques/exercices/2-7-2013-2012-.pdf,VALIDE,7e,CERTAIN,CONTROLE,CONTENU,1,1557,10,0,0.005
7eme/mathematiques/exercices/2-7-2014-2013--2.pdf,VALIDE,7e,CERTAIN,SYNTHESE,CONTENU,3,5146,3,0,0.0
7eme/mathematiques/exercices/2-7-2014-2013--3.pdf,CONTENU_MATH_FAIBLE,7e,CERTAIN,SYNTHESE,CONTENU,1,290,1,1,0.0
7eme/mathematiques/exercices/2-7-2014-2013--4.pdf,VALIDE,7e,CERTAIN,SERIE,DOSSIER,1,2165,2,1,0.003
7eme/mathematiques/exercices/2-7-2014-2013--5.pdf,VALIDE,7e,CERTAIN,CONTROLE,CONTENU,1,1499,3,0,0.0
7eme/mathematiques/exercices/2-7-2014-2013--6.pdf,CONTENU_MATH_FAIBLE,7e,CERTAIN,SYNTHESE,CONTENU,1,1104,1,1,0.0
7eme/mathematiques/exercices/2-7-2014-2013-.pdf,VALIDE,7e,CERTAIN,CONTROLE,CONTENU,3,10805,4,0,0.0
7eme/mathematiques/exercices/2-7-2014-2015--2.pdf,CONTENU_MATH_FAIBLE,7e,CERTAIN,CONTROLE,CONTENU,2,1613,1,1,0.0
7eme/mathematiques/exercices/2-7-2014-2015-.pdf,CONTENU_MATH_FAIBLE,7e,CERTAIN,CONTROLE,CONTENU,2,1613,1,1,0.0
7eme/mathematiques/exercices/2-7-2016-2017--2.pdf,CONTENU_MATH_FAIBLE,7e,CERTAIN,SERIE,DOSSIER,1,875,0,1,0.0
7eme/mathematiques/exercices/2-7-2016-2017-.pdf,VALIDE,7e,CERTAIN,CONTROLE,CONTENU,2,2608,2,0,0.0
7eme/mathematiques/exercices/2-7-2023-2024--2.pdf,CONTENU_MATH_FAIBLE,7e,CERTAIN,SERIE,DOSSIER,3,2079,0,0,0.0
7eme/mathematiques/exercices/2-7-2023-2024--3.pdf,VALIDE,7e,CERTAIN,SERIE,DOSSIER,1,712,2,0,0.001
7eme/mathematiques/exercices/2-7-2023-2024-.pdf,VALIDE,7e,CERTAIN,CONTROLE,CONTENU,4,5620,6,1,0.001
7eme/mathematiques/exercices/2-7-2023-2024-10.pdf,VALIDE,7e,CERTAIN,SERIE,DOSSIER,1,355,4,0,0.0
7eme/mathematiques/exercices/2-7-2023-2024-11.pdf,VALIDE,7e,CERTAIN,SYNTHESE,CONTENU,2,1007,4,0,0.0
7eme/mathematiques/exercices/2-7-2023-2024-12.pdf,VALIDE,7e,CERTAIN,SERIE,DOSSIER,2,979,2,0,0.0
7eme/mathematiques/exercices/2-7-2023-2024-13.pdf,VALIDE,7e,CERTAIN,SYNTHESE,CONTENU,2,1142,5,0,0.0
7eme/mathematiques/exercices/2-7-2023-2024-14.pdf,VALIDE,7e,CERTAIN,SYNTHESE,CONTENU,2,891,3,1,0.0
7eme/mathematiques/exercices/2-7-2023-2024-15.pdf,VALIDE,7e,CERTAIN,SERIE,DOSSIER,1,595,3,0,0.0
7eme/mathematiques/exercices/2-7-2023-2024-16.pdf,VALIDE,7e,CERTAIN,CONTROLE,CONTENU,2,1422,3,0,0.001
7eme/mathematiques/exercices/2-7-2023-2024-17.pdf,VALIDE,7e,CERTAIN,SYNTHESE,CONTENU,2,1738,5,0,0.0
7eme/mathematiques/exercices/2-7-2023-2024-18.pdf,VALIDE,7e,CERTAIN,SYNTHESE,CONTENU,2,1738,5,0,0.0
7eme/mathematiques/exercices/2-7-2023-2024-2--2.pdf,VALIDE,7e,CERTAIN,CONTROLE,CONTENU,2,1155,3,0,0.0
7eme/mathematiques/exercices/2-7-2023-2024-2-.pdf,VALIDE,7e,CERTAIN,CONTROLE,CONTENU,1,692,3,0,0.0
7eme/mathematiques/exercices/2-7-2023-2024-2.pdf,VALIDE,7e,CERTAIN,CONTROLE,CONTENU,3,2498,3,0,0.003
7eme/mathematiques/exercices/2-7-2023-2024-3-.pdf,VALIDE,7e,CERTAIN,CONTROLE,CONTENU,2,1494,4,0,0.0
7eme/mathematiques/exercices/2-7-2023-2024-3.pdf,VALIDE,7e,CERTAIN,SERIE,DOSSIER,4,2811,2,0,0.0
7eme/mathematiques/exercices/2-7-2023-2024-4.pdf,CONTENU_MATH_FAIBLE,7e,CERTAIN,SERIE,DOSSIER,4,1914,1,0,0.0
7eme/mathematiques/exercices/2-7-2023-2024-5.pdf,VALIDE,7e,CERTAIN,SERIE,DOSSIER,1,528,3,0,0.0
7eme/mathematiques/exercices/2-7-2023-2024-6.pdf,HORS_MATIERE:histgeo,7e,CERTAIN,SERIE,DOSSIER,2,639,1,0,0.0
7eme/mathematiques/exercices/2-7-2023-2024-7.pdf,CONTENU_MATH_FAIBLE,7e,CERTAIN,SERIE,DOSSIER,2,448,1,0,0.0
7eme/mathematiques/exercices/2-7-2023-2024-8.pdf,VALIDE,7e,CERTAIN,CONTROLE,CONTENU,1,365,4,0,0.0
7eme/mathematiques/exercices/2-7-2023-2024-9.pdf,VALIDE,7e,CERTAIN,CONTROLE,CONTENU,1,377,3,0,0.0
7eme/mathematiques/exercices/2-7-2023-2024.pdf,VALIDE,7e,CERTAIN,CONTROLE,CONTENU,3,4066,4,1,0.0
7eme/mathematiques/exercices/2-7-2024-2025-.pdf,VALIDE,7e,CERTAIN,CONTROLE,CONTENU,4,5568,3,0,0.004
7eme/mathematiques/exercices/3-7--2.pdf,VALIDE,7e,CERTAIN,SYNTHESE,CONTENU,2,1440,8,0,0.0
7eme/mathematiques/exercices/3-7--3.pdf,VALIDE,7e,CERTAIN,SYNTHESE,CONTENU,2,1552,5,0,0.001
7eme/mathematiques/exercices/3-7--4.pdf,VALIDE,7e,CERTAIN,SYNTHESE,CONTENU,4,3902,7,0,0.002
7eme/mathematiques/exercices/3-7--5.pdf,VALIDE,7e,CERTAIN,SYNTHESE,CONTENU,2,759,4,0,0.0
7eme/mathematiques/exercices/3-7-.pdf,VALIDE,7e,CERTAIN,SYNTHESE,CONTENU,4,2294,9,1,0.0
7eme/mathematiques/exercices/3-7-2006-2007--2.pdf,CONTENU_MATH_FAIBLE,7e,CERTAIN,SYNTHESE,CONTENU,1,539,1,0,0.002
7eme/mathematiques/exercices/3-7-2006-2007-.pdf,CONTENU_MATH_FAIBLE,7e,CERTAIN,SERIE,DOSSIER,3,1279,0,0,0.009
7eme/mathematiques/exercices/3-7-2008-2007.pdf,VALIDE,7e,CERTAIN,CORRIGE,CONTENU,1,3607,3,1,0.0
7eme/mathematiques/exercices/3-7-2008-2009-.pdf,VALIDE,7e,CERTAIN,SYNTHESE,CONTENU,3,3068,3,0,0.003
7eme/mathematiques/exercices/3-7-2009-2010--2.pdf,VALIDE,7e,CERTAIN,SYNTHESE,CONTENU,1,1063,2,0,0.0
7eme/mathematiques/exercices/3-7-2009-2010--3.pdf,VALIDE,7e,CERTAIN,SYNTHESE,CONTENU,3,3001,4,0,0.003
7eme/mathematiques/exercices/3-7-2009-2010--4.pdf,CONTENU_MATH_FAIBLE,7e,CERTAIN,SERIE,DOSSIER,5,201,0,0,0.0
7eme/mathematiques/exercices/3-7-2009-2010--5.pdf,CONTENU_MATH_FAIBLE,7e,CERTAIN,SERIE,DOSSIER,1,1447,0,0,0.0
7eme/mathematiques/exercices/3-7-2009-2010-.pdf,VALIDE,7e,CERTAIN,SERIE,DOSSIER,3,2195,3,0,0.002
7eme/mathematiques/exercices/3-7-2010-2011--2.pdf,VALIDE,7e,CERTAIN,SYNTHESE,CONTENU,1,1031,3,1,0.006
7eme/mathematiques/exercices/3-7-2010-2011-.pdf,CONTENU_MATH_FAIBLE,7e,CERTAIN,SERIE,DOSSIER,3,4064,1,0,0.0
7eme/mathematiques/exercices/3-7-2011-2010--2.pdf,CONTENU_MATH_FAIBLE,7e,CERTAIN,SERIE,DOSSIER,1,1088,1,0,0.0
7eme/mathematiques/exercices/3-7-2011-2010-.pdf,CONTENU_MATH_FAIBLE,7e,CERTAIN,SYNTHESE,CONTENU,1,1930,0,0,0.0
7eme/mathematiques/exercices/3-7-2012-2011--2.pdf,CONTENU_MATH_FAIBLE,7e,CERTAIN,SERIE,DOSSIER,3,3777,0,0,0.001
7eme/mathematiques/exercices/3-7-2012-2011--3.pdf,CONTENU_MATH_FAIBLE,7e,CERTAIN,SERIE,DOSSIER,3,3893,0,0,0.003
7eme/mathematiques/exercices/3-7-2012-2011-.pdf,VALIDE,7e,CERTAIN,SYNTHESE,CONTENU,2,1161,2,0,0.003
7eme/mathematiques/exercices/3-7-2012-2011-2.pdf,CONTENU_MATH_FAIBLE,7e,CERTAIN,SERIE,DOSSIER,3,8710,0,0,0.0
7eme/mathematiques/exercices/3-7-2012-2011-3.pdf,CONTENU_MATH_FAIBLE,7e,CERTAIN,SERIE,DOSSIER,3,9622,0,0,0.0
7eme/mathematiques/exercices/3-7-2013-2012--2.pdf,VALIDE,7e,CERTAIN,SERIE,DOSSIER,1,937,2,1,0.0
7eme/mathematiques/exercices/3-7-2013-2012--3.pdf,VALIDE,7e,CERTAIN,SERIE,DOSSIER,6,7926,7,0,0.0
7eme/mathematiques/exercices/3-7-2013-2012-.pdf,VALIDE,7e,CERTAIN,SERIE,DOSSIER,4,8080,20,0,0.005
7eme/mathematiques/exercices/3-7-2014-2013--2.pdf,VALIDE,7e,CERTAIN,CONTROLE,CONTENU,4,6072,4,0,0.001
7eme/mathematiques/exercices/3-7-2014-2013--3.pdf,HORS_MATIERE:arabe,7e,CERTAIN,SERIE,DOSSIER,3,10997,2,0,0.0
7eme/mathematiques/exercices/3-7-2014-2013--4.pdf,VALIDE,7e,CERTAIN,SERIE,DOSSIER,3,8800,3,1,0.0
7eme/mathematiques/exercices/3-7-2014-2013--5.pdf,VALIDE,7e,CERTAIN,SYNTHESE,CONTENU,3,9076,2,0,0.0
7eme/mathematiques/exercices/3-7-2014-2013--6.pdf,VALIDE,7e,CERTAIN,SYNTHESE,CONTENU,3,3625,2,1,0.001
7eme/mathematiques/exercices/3-7-2014-2013--7.pdf,VALIDE,7e,CERTAIN,CONTROLE,CONTENU,2,3063,2,0,0.0
7eme/mathematiques/exercices/3-7-2014-2013-.pdf,VALIDE,7e,CERTAIN,SERIE,DOSSIER,3,11357,6,0,0.0
7eme/mathematiques/exercices/3-7-2014-2015-.pdf,VALIDE,7e,CERTAIN,SERIE,DOSSIER,1,442,2,0,0.0
7eme/mathematiques/exercices/3-7-2015-2016-.pdf,VALIDE,7e,CERTAIN,SYNTHESE,CONTENU,1,767,2,0,0.008
7eme/mathematiques/exercices/3-7-2022-2023-2.pdf,VALIDE,7e,CERTAIN,SYNTHESE,CONTENU,3,3106,5,0,0.004
7eme/mathematiques/exercices/3-7-2022-2023-3.pdf,VALIDE,7e,CERTAIN,SERIE,DOSSIER,3,2078,4,0,0.002
7eme/mathematiques/exercices/3-7-2022-2023-4.pdf,VALIDE,7e,CERTAIN,SERIE,DOSSIER,3,1996,4,0,0.002
7eme/mathematiques/exercices/3-7-2022-2023-5.pdf,VALIDE,7e,CERTAIN,SYNTHESE,CONTENU,3,3328,5,0,0.002
7eme/mathematiques/exercices/3-7-2022-2023.pdf,VALIDE,7e,CERTAIN,SERIE,DOSSIER,3,1996,4,0,0.002
7eme/mathematiques/exercices/3-7-2023-2024-.pdf,VALIDE,7e,CERTAIN,SYNTHESE,CONTENU,3,3325,4,0,0.003
7eme/mathematiques/exercices/3-7-2023-2024-2--2.pdf,VALIDE,7e,CERTAIN,SYNTHESE,CONTENU,3,3089,5,0,0.004
7eme/mathematiques/exercices/3-7-2023-2024-2-.pdf,VALIDE,7e,CERTAIN,SERIE,DOSSIER,3,3850,2,0,0.0
7eme/mathematiques/exercices/3-7-2023-2024-2.pdf,VALIDE,7e,CERTAIN,SYNTHESE,CONTENU,3,2808,3,0,0.0
7eme/mathematiques/exercices/3-7-2023-2024.pdf,VALIDE,7e,CERTAIN,SERIE,DOSSIER,3,2941,3,0,0.001
7eme/mathematiques/exercices/3-7-2025-2026-TakiAcademy-stamped.pdf,CONTENU_MATH_FAIBLE,7e,CERTAIN,SERIE,DOSSIER,6,7565,0,0,0.0
7eme/mathematiques/exercices/3-7-3-.pdf,VALIDE,7e,CERTAIN,SYNTHESE,CONTENU,3,1794,4,0,0.006
7eme/mathematiques/exercices/7--10.pdf,VALIDE,7e,INCERTAIN,SERIE,DOSSIER,4,7247,11,0,0.0
7eme/mathematiques/exercices/7--11.pdf,VALIDE,7e,INCERTAIN,SERIE,DOSSIER,1,3133,7,1,0.0
7eme/mathematiques/exercices/7--12.pdf,VALIDE,7e,INCERTAIN,SERIE,DOSSIER,1,2365,5,0,0.0
7eme/mathematiques/exercices/7--13.pdf,VALIDE,7e,INCERTAIN,SERIE,DOSSIER,1,1641,6,0,0.0
7eme/mathematiques/exercices/7--14.pdf,VALIDE,7e,INCERTAIN,SERIE,DOSSIER,2,1707,8,0,0.001
7eme/mathematiques/exercices/7--15.pdf,VALIDE,7e,INCERTAIN,SERIE,DOSSIER,1,844,4,0,0.024
7eme/mathematiques/exercices/7--2.pdf,VALIDE,7e,INCERTAIN,SERIE,DOSSIER,1,493,4,0,0.0
7eme/mathematiques/exercices/7--3.pdf,VALIDE,7e,INCERTAIN,SERIE,DOSSIER,1,589,9,0,0.0
7eme/mathematiques/exercices/7--4.pdf,VALIDE,7e,INCERTAIN,SERIE,DOSSIER,4,431,4,0,0.0
7eme/mathematiques/exercices/7--5.pdf,ENCODAGE_CORROMPU,7e,INCERTAIN,SERIE,DOSSIER,2,1965,4,0,0.062
7eme/mathematiques/exercices/7--6.pdf,VALIDE,7e,INCERTAIN,SERIE,DOSSIER,4,4534,8,0,0.0
7eme/mathematiques/exercices/7--7.pdf,VALIDE,7e,INCERTAIN,SERIE,DOSSIER,2,2470,4,0,0.015
7eme/mathematiques/exercices/7--8.pdf,VALIDE,7e,INCERTAIN,SERIE,DOSSIER,2,2562,7,0,0.0
7eme/mathematiques/exercices/7--9.pdf,VALIDE,7e,INCERTAIN,SERIE,DOSSIER,1,500,2,0,0.0
7eme/mathematiques/exercices/7-.pdf,VALIDE,7e,INCERTAIN,SERIE,DOSSIER,1,707,5,0,0.0
7eme/mathematiques/exercices/7-2-2.pdf,VALIDE,7e,INCERTAIN,SERIE,DOSSIER,1,1664,4,0,0.0
7eme/mathematiques/exercices/7-2-3.pdf,VALIDE,7e,INCERTAIN,SERIE,DOSSIER,1,1310,3,0,0.004
7eme/mathematiques/exercices/7-2-4.pdf,VALIDE,7e,INCERTAIN,SERIE,DOSSIER,1,2848,11,1,0.0
7eme/mathematiques/exercices/7-2-5.pdf,VALIDE,7e,INCERTAIN,SERIE,DOSSIER,1,1821,8,0,0.0
7eme/mathematiques/exercices/7-2-6.pdf,VALIDE,7e,INCERTAIN,SERIE,DOSSIER,2,329,4,0,0.0
7eme/mathematiques/exercices/7-2-7.pdf,CONTENU_MATH_FAIBLE,7e,INCERTAIN,SERIE,DOSSIER,2,5037,1,0,0.002
7eme/mathematiques/exercices/7-2.pdf,VALIDE,7e,INCERTAIN,SERIE,DOSSIER,2,2208,7,0,0.0
7eme/mathematiques/exercices/7-2010-.pdf,VALIDE,7e,INCERTAIN,SERIE,DOSSIER,1,1591,7,0,0.002
7eme/mathematiques/exercices/7-2012-2011--2.pdf,CONTENU_MATH_FAIBLE,7e,INCERTAIN,SERIE,DOSSIER,2,4501,0,0,0.0
7eme/mathematiques/exercices/7-2012-2011-.pdf,VALIDE,7e,INCERTAIN,SERIE,DOSSIER,7,27440,8,0,0.05
7eme/mathematiques/exercices/7-2012-2011-1.pdf,CONTENU_MATH_FAIBLE,7e,INCERTAIN,SERIE,DOSSIER,2,3279,0,0,0.003
7eme/mathematiques/exercices/7-2012-2011-2.pdf,CONTENU_MATH_FAIBLE,7e,INCERTAIN,SERIE,DOSSIER,3,8662,0,0,0.001
7eme/mathematiques/exercices/7-2014-2013-Bois-et-cuivres.pdf,CONTENU_MATH_FAIBLE,7e,INCERTAIN,SERIE,DOSSIER,1,2432,0,0,0.0
7eme/mathematiques/exercices/7-2014-2013-Folk-Tun.pdf,CONTENU_MATH_FAIBLE,7e,INCERTAIN,SERIE,DOSSIER,1,1895,0,0,0.0
7eme/mathematiques/exercices/7-2014-2013-Les-Cordes.pdf,CONTENU_MATH_FAIBLE,7e,INCERTAIN,SERIE,DOSSIER,1,2615,1,0,0.0
7eme/mathematiques/exercices/7-2014-2013-Percussion.pdf,CONTENU_MATH_FAIBLE,7e,INCERTAIN,SERIE,DOSSIER,1,3316,0,0,0.0
7eme/mathematiques/exercices/7-2014-2013-ta5t.pdf,VALIDE,7e,INCERTAIN,SERIE,DOSSIER,1,3978,2,0,0.0
7eme/mathematiques/exercices/7-2014-2013-trad-tun.pdf,CONTENU_MATH_FAIBLE,7e,INCERTAIN,SERIE,DOSSIER,1,1518,0,1,0.0
7eme/mathematiques/exercices/7-2016-2017-.pdf,VALIDE,7e,INCERTAIN,SERIE,DOSSIER,3,4970,6,0,0.005
7eme/mathematiques/exercices/7-2017-2018-.pdf,VALIDE,7e,CERTAIN,SERIE,DOSSIER,4,7197,2,0,0.0
7eme/mathematiques/exercices/7-3-2.pdf,VALIDE,7e,INCERTAIN,SERIE,DOSSIER,1,1272,4,0,0.015
7eme/mathematiques/exercices/7-3-3.pdf,VALIDE,7e,INCERTAIN,SERIE,DOSSIER,2,3367,7,0,0.0
7eme/mathematiques/exercices/7-3-4.pdf,VALIDE,7e,INCERTAIN,SERIE,DOSSIER,4,5981,7,0,0.0
7eme/mathematiques/exercices/7-3-5.pdf,CONTENU_MATH_FAIBLE,7e,INCERTAIN,SERIE,DOSSIER,2,6281,0,0,0.002
7eme/mathematiques/exercices/7-3.pdf,VALIDE,7e,INCERTAIN,SERIE,DOSSIER,1,3486,5,0,0.0
7eme/mathematiques/exercices/7-4.pdf,VALIDE,7e,INCERTAIN,SERIE,DOSSIER,3,3121,5,0,0.0
7eme/mathematiques/exercices/7-8--2.pdf,VALIDE,8e,RECLASSE_depuis_7eme,SERIE,DOSSIER,2,455,3,0,0.0
7eme/mathematiques/exercices/7-8-.pdf,VALIDE,8e,RECLASSE_depuis_7eme,SERIE,DOSSIER,3,2469,10,0,0.0
7eme/mathematiques/exercices/7-8-2.pdf,VALIDE,8e,RECLASSE_depuis_7eme,SERIE,DOSSIER,2,405,4,0,0.0
7eme/mathematiques/exercices/Serie-d-exercices-2eme-Semestre-Math-7eme-2017-2018-Mr-Baccar-Achraf.pdf,VALIDE,7e,CERTAIN,SERIE,NOM_FICHIER,2,942,10,0,0.001
7eme/mathematiques/exercices/Serie-d-exercices-College-pilote-Math-7eme-2010-2011-Mr-goui.pdf,CONTENU_MATH_FAIBLE,7e,CERTAIN,SERIE,NOM_FICHIER,1,355,0,0,0.0
7eme/mathematiques/exercices/Serie-d-exercices-College-pilote-Math-7eme-2017-2018-PILOTE-ALI-TRAD.pdf,VALIDE,7e,CERTAIN,SERIE,CONTENU,1,689,7,0,0.0
7eme/mathematiques/exercices/Serie-d-exercices-College-pilote-Math-addition-dans-Z-nouveau-programme-7eme-2012-2013-Mr-Gharbi-4.pdf,NIVEAU_INCERTAIN,,CONFLIT:7e/8e,SERIE,NOM_FICHIER,1,559,5,0,0.0
7eme/mathematiques/exercices/Serie-d-exercices-College-pilote-Math-addition-dans-Z-nouveau-programme-7eme-2012-2013-Mr-Gharbi-5.pdf,NIVEAU_INCERTAIN,,CONFLIT:7e/8e,SERIE,NOM_FICHIER,1,1274,5,0,0.0
7eme/mathematiques/exercices/Serie-d-exercices-College-pilote-Math-addition-dans-Z-nouveau-programme-7eme-2012-2013-Mr-Gharbi-6.pdf,VALIDE,7e,CERTAIN,SERIE,NOM_FICHIER,3,2884,15,0,0.0
7eme/mathematiques/exercices/Serie-d-exercices-College-pilote-Math-addition-dans-Z-nouveau-programme-7eme-2012-2013-Mr-Gharbi-7.pdf,NIVEAU_INCERTAIN,,CONFLIT:7e/8e,SERIE,NOM_FICHIER,4,4179,7,0,0.0
7eme/mathematiques/exercices/Serie-d-exercices-Math-7eme-2007-2008-Mr-benabdelkader-ahmed--2.pdf,VALIDE,7e,CERTAIN,SERIE,NOM_FICHIER,2,2753,2,0,0.0
7eme/mathematiques/exercices/Serie-d-exercices-Math-7eme-2007-2008-Mr-benabdelkader-ahmed--3.pdf,VALIDE,7e,CERTAIN,SERIE,NOM_FICHIER,3,6658,9,0,0.022
7eme/mathematiques/exercices/Serie-d-exercices-Math-7eme-2007-2008-Mr-benabdelkader-ahmed--4.pdf,VALIDE,7e,CERTAIN,SERIE,NOM_FICHIER,2,1888,12,0,0.0
7eme/mathematiques/exercices/Serie-d-exercices-Math-7eme-2007-2008-Mr-benabdelkader-ahmed-.pdf,VALIDE,7e,CERTAIN,SERIE,NOM_FICHIER,2,672,8,0,0.0
7eme/mathematiques/exercices/Serie-d-exercices-Math-7eme-2007-2008-Mr-benabdelkader-ahmed-1..pdf,VALIDE,7e,CERTAIN,SERIE,NOM_FICHIER,4,4378,14,0,0.018
7eme/mathematiques/exercices/Serie-d-exercices-Math-7eme-2007-2008-Mr-benabdelkader-ahmed-1.pdf,NIVEAU_INCERTAIN,,CONFLIT:7e/8e,SERIE,NOM_FICHIER,2,1886,5,0,0.004
7eme/mathematiques/exercices/Serie-d-exercices-Math-7eme-2011-2012-Mr-Mouajria-Hattab-2.pdf,VALIDE,7e,CERTAIN,SERIE,NOM_FICHIER,2,1190,8,1,0.003
7eme/mathematiques/exercices/Serie-d-exercices-Math-7eme-2011-2012-Mr-Mouajria-Hattab-3.pdf,VALIDE,7e,CERTAIN,SERIE,NOM_FICHIER,3,3039,12,0,0.004
7eme/mathematiques/exercices/Serie-d-exercices-Math-7eme-2011-2012-Mr-Mouajria-Hattab.pdf,VALIDE,7e,CERTAIN,SERIE,NOM_FICHIER,3,3638,9,1,0.0
7eme/mathematiques/exercices/Serie-d-exercices-Math-7eme-2013-2014-Mr-Kartable.pdf,VALIDE,7e,CERTAIN,SERIE,NOM_FICHIER,3,1771,6,0,0.035
7eme/mathematiques/exercices/Serie-d-exercices-Math-7eme-2015-2016-Mr-Bouebdelli.pdf,VALIDE,7e,CERTAIN,SERIE,CONTENU,1,731,7,0,0.0
7eme/mathematiques/exercices/Serie-d-exercices-Math-7eme-2016-2017-Mr-Ilyes-Negra.pdf,ENCODAGE_CORROMPU,7e,CERTAIN,SERIE,CONTENU,5,8312,15,0,0.06
7eme/mathematiques/exercices/Serie-d-exercices-Math-7eme-2017-2018-Mr-Ghriss-Abderrahmen.pdf,VALIDE,7e,CERTAIN,SERIE,CONTENU,2,3919,7,1,0.041
7eme/mathematiques/exercices/Serie-d-exercices-N-1-College-pilote-Math-_-7eme-2017-2018-Mr-Mohamed-Ben-Ali.pdf,VALIDE,7e,CERTAIN,SERIE,NOM_FICHIER,2,1674,12,0,0.001
7eme/mathematiques/exercices/Serie-d-exercices-N-1-Math-7eme-2010-2011-Mr-Dhouib-Ridha.pdf,VALIDE,7e,CERTAIN,SERIE,NOM_FICHIER,1,2362,2,0,0.009
7eme/mathematiques/exercices/Serie-d-exercices-N-1-Math-7eme-2013-2014-Mr-Kartable.pdf,VALIDE,7e,CERTAIN,SERIE,NOM_FICHIER,3,2324,6,0,0.027
7eme/mathematiques/exercices/Serie-d-exercices-N-1-Math-7eme-2015-2016-Mr-Zantour-Hamdi.pdf,VALIDE,7e,CERTAIN,SERIE,CONTENU,2,2713,11,1,0.0
7eme/mathematiques/exercices/Serie-d-exercices-N-2-Math-7eme-2010-2011-Mr-Dhouib-Ridha.pdf,VALIDE,7e,CERTAIN,SERIE,NOM_FICHIER,1,2003,3,0,0.012
7eme/mathematiques/exercices/Serie-d-exercices-N-2-Math-7eme-2013-2014-Mr-Kartable.pdf,VALIDE,7e,CERTAIN,SERIE,NOM_FICHIER,3,2775,14,0,0.008
7eme/mathematiques/exercices/Serie-d-exercices-N-2-Math-7eme-2017-2018-Mr-Mohamed-Ben-Ali.pdf,VALIDE,7e,CERTAIN,SERIE,NOM_FICHIER,2,3098,11,0,0.007
7eme/mathematiques/exercices/Serie-d-exercices-N-3-Math-7eme-2013-2014-Mr-Kartable.pdf,MIXTE_college_lycee,7e,CERTAIN,SERIE,NOM_FICHIER,2,2274,9,2,0.001
7eme/mathematiques/exercices/Serie-d-exercices-N-4-Math-7eme-2015-2016-Mr-Ayari-Sallem-.pdf,ENCODAGE_CORROMPU,7e,CERTAIN,SERIE,NOM_FICHIER,2,2609,8,0,0.362
7eme/mathematiques/exercices/Serie-d-exercices-N-7-Math-7eme-2011-2012-Mr-MEJRI-ZIED.pdf,MIXTE_college_lycee,7e,CERTAIN,SERIE,NOM_FICHIER,2,1888,16,2,0.001
7eme/mathematiques/exercices/Serie-d-exercices-N-7-Math-8eme-2010-2011-Mr-Dhouib-Ridha.pdf,VALIDE,7e,CERTAIN,SERIE,NOM_FICHIER,1,1053,4,0,0.05
7eme/mathematiques/exercices/Serie-d-exercices-N-7-Math-8eme-2016-2017-Mr-Zantour-Hamdi.pdf,VALIDE,8e,RECLASSE_depuis_7eme,SERIE,NOM_FICHIER,2,3552,8,1,0.003
7eme/mathematiques/exercices/Serie-d-exercices-N-7-Math-9eme-2010-2011-Mr-Dhouib-Ridha.pdf,VALIDE,7e,CERTAIN,SERIE,NOM_FICHIER,2,3813,4,0,0.01
7eme/mathematiques/exercices/TP-7-Tableur-Excel.pdf,NIVEAU_INCERTAIN,,CONFLIT:7e/9e,SERIE,DOSSIER,1,1067,3,0,0.005
7eme/mathematiques/exercices/TP-N-7.pdf,CONTENU_MATH_FAIBLE,8e,RECLASSE_depuis_7eme,SERIE,DOSSIER,2,959,0,0,0.02
7eme/mathematiques/manuel/manuel-mathematiques-7eme.pdf,CONTENU_MATH_FAIBLE,7e,CERTAIN,MANUEL,NOM_FICHIER,214,193996,0,1,0.025
7eme/mathematiques/parascolaire/attaysir-mathematiques-7eme-ed2.pdf,VALIDE,7e,CERTAIN,SYNTHESE,CONTENU,34,7252,26,0,0.0
7eme/mathematiques/parascolaire/attaysir-mathematiques-7eme.pdf,CONTENU_MATH_FAIBLE,7e,CERTAIN,PARASCOLAIRE,DOSSIER,102,3052,0,0,0.0
7eme/mathematiques/parascolaire/collection-pilote-7eme-ed2.pdf,VALIDE,7e,CERTAIN,CORRIGE,CONTENU,108,17519,26,1,0.001
7eme/mathematiques/parascolaire/collection-pilote-7eme.pdf,SANS_TEXTE_SCAN,7e,NON_VERIFIABLE,PARASCOLAIRE,DOSSIER,0,0,,,
7eme/mathematiques/parascolaire/livre-math-7eme.pdf,CONTENU_MATH_FAIBLE,7e,CERTAIN,PARASCOLAIRE,DOSSIER,214,193996,0,1,0.025
8eme/mathematiques/corrections/Devoir-Corrige-de-Controle-N-1-Math-8eme-2014-2015-Mlle-Manel.pdf,VALIDE,8e,CERTAIN,CORRIGE,CONTENU,2,1697,10,0,0.0
8eme/mathematiques/corrections/Devoir-Corrige-de-Controle-N-5-College-pilote-Math-8eme-2018-2019-Mme-Tekeri-Zeineb.pdf,CONTENU_MATH_FAIBLE,8e,CERTAIN,CORRIGE,NOM_FICHIER,5,8402,0,0,0.055
8eme/mathematiques/corrections/Devoir-de-Controle-N-1-College-pilote-Avec-correction-Math-8eme-2017-2018-Mr-Tekeri-Zeineb.pdf,VALIDE,8e,CERTAIN,CORRIGE,CONTENU,2,2517,10,0,0.002
8eme/mathematiques/corrections/Devoir-de-Controle-N-1-College-pilote-Avec-correction-Math-8eme-2018-2019-Mme-Tekeri-Zeineb.pdf,ENCODAGE_CORROMPU,8e,CERTAIN,CORRIGE,NOM_FICHIER,4,9880,11,0,0.06
8eme/mathematiques/corrections/Devoir-de-Controle-N-2-Avec-correction-Math-8eme-2019-2020-Mr-Hafsi-Salem.pdf,VALIDE,8e,CERTAIN,CORRIGE,CONTENU,4,3037,13,1,0.0
8eme/mathematiques/corrections/Devoir-de-Controle-N-2-Avec-correction-Math-8eme-2021-2022-Mr-Amine-Jebali.pdf,VALIDE,8e,CERTAIN,CONTROLE,CONTENU,3,1979,11,0,0.0
8eme/mathematiques/corrections/Devoir-de-Controle-N-3-Avec-correction-Math-8eme-2019-2020-Mr-Hafsi-Salem.pdf,VALIDE,8e,CERTAIN,CORRIGE,CONTENU,4,2507,9,1,0.001
8eme/mathematiques/corrections/Devoir-de-Controle-N-6-Avec-correction-Math-8eme-2021-2022-Mr-ZOUARI-SAMI.pdf,VALIDE,8e,CERTAIN,CONTROLE,CONTENU,2,1058,17,0,0.001
8eme/mathematiques/corrections/Devoir-de-Synthese-N-1-Avec-correction-Math-8eme-2020-2021-Mme-Trabelsy-Saoussen.pdf,VALIDE,8e,CERTAIN,CORRIGE,NOM_FICHIER,5,6273,9,0,0.017
8eme/mathematiques/corrections/Devoir-de-Synthese-N-2-Avec-correction-Math-8eme-2013-2014-Mr-Abdelaziz-Ben-Marzouk-.pdf,CONTENU_MATH_FAIBLE,8e,CERTAIN,CORRIGE,NOM_FICHIER,3,3915,0,0,0.014
8eme/mathematiques/corrections/Serie-Corrigee-de-Revision-College-pilote-Math-8eme-2014-2015-Mr-Saber-Souidki-.pdf,VALIDE,8e,CERTAIN,CORRIGE,CONTENU,6,2337,14,0,0.001
8eme/mathematiques/corrections/Serie-Corrigee-de-Revision-N-1-College-pilote-Math-8eme-2014-2015-Mr-Saber-Souidki--2.pdf,VALIDE,8e,CERTAIN,CORRIGE,CONTENU,3,809,8,0,0.0
8eme/mathematiques/corrections/Serie-Corrigee-de-Revision-N-1-College-pilote-Math-8eme-2014-2015-Mr-Saber-Souidki-.pdf,VALIDE,8e,CERTAIN,CORRIGE,CONTENU,4,859,7,0,0.0
8eme/mathematiques/corrections/Serie-Corrigee-de-Revision-N-2-College-pilote-Math-8eme-2014-2015-Mr-Saber-Souidki--2.pdf,VALIDE,8e,CERTAIN,CORRIGE,CONTENU,5,1499,9,0,0.0
8eme/mathematiques/corrections/Serie-Corrigee-de-Revision-N-2-College-pilote-Math-8eme-2014-2015-Mr-Saber-Souidki-.pdf,VALIDE,8e,CERTAIN,CORRIGE,CONTENU,7,1966,9,0,0.0
8eme/mathematiques/cours/8.pdf,VALIDE,8e,INCERTAIN,COURS,DOSSIER,1,1464,6,0,0.022
8eme/mathematiques/cours/Cours-College-pilote-Math-8eme-2016-2017-Mr-Gharbi-Kamel.pdf,VALIDE,8e,CERTAIN,COURS,NOM_FICHIER,2,2296,5,0,0.015
8eme/mathematiques/cours/Cours-College-pilote-Math-8eme-2018-2019-Mme-Tekeri-Zeineb.pdf,VALIDE,8e,CERTAIN,COURS,NOM_FICHIER,2,2979,5,0,0.006
8eme/mathematiques/cours/Cours-Math-8eme-2015-2016-Mr-ZAIRI-RIADH.pdf,VALIDE,8e,CERTAIN,COURS,NOM_FICHIER,2,3347,10,0,0.023
8eme/mathematiques/cours/Cours-Math-8eme-2016-2017-Mr-Zairi-Riadh.pdf,VALIDE,8e,CERTAIN,COURS,NOM_FICHIER,3,3329,8,1,0.021
8eme/mathematiques/cours/Cours-Math-8eme-2021-2022-Mr-Alaya-Mohamed.pdf,VALIDE,8e,CERTAIN,COURS,NOM_FICHIER,2,1116,5,1,0.003
8eme/mathematiques/devoirs/Add_Sous_Q_part1.pdf,VALIDE,8e,INCERTAIN,DEVOIR_INDETERMINE,DOSSIER,5,2947,8,0,0.02
8eme/mathematiques/devoirs/Add_Sous_Q_part2.pdf,VALIDE,8e,INCERTAIN,DEVOIR_INDETERMINE,DOSSIER,6,3310,8,0,0.01
8eme/mathematiques/devoirs/Add_Sous_Q_part3.pdf,VALIDE,8e,INCERTAIN,DEVOIR_INDETERMINE,DOSSIER,5,5869,7,0,0.047
8eme/mathematiques/devoirs/Add_Sous_Q_part4.pdf,VALIDE,8e,INCERTAIN,DEVOIR_INDETERMINE,DOSSIER,3,4113,10,0,0.038
8eme/mathematiques/devoirs/Add_Sous_Q_part5.pdf,VALIDE,8e,INCERTAIN,DEVOIR_INDETERMINE,DOSSIER,7,4628,7,0,0.003
8eme/mathematiques/devoirs/Add_Sous_Q_part6.pdf,VALIDE,8e,INCERTAIN,DEVOIR_INDETERMINE,DOSSIER,4,4670,9,0,0.055
8eme/mathematiques/devoirs/Devoir-de-Contole-N-5-Math-8eme-2007-2008-Mr-Werghi-Chokri.pdf,VALIDE,8e,CERTAIN,DEVOIR_INDETERMINE,DOSSIER,2,2407,16,1,0.001
8eme/mathematiques/devoirs/Devoir-de-Controle-N-1-College-pilote-Math-8eme-2012-2013-Mr-ghazi-mechergui.pdf,VALIDE,8e,CERTAIN,CONTROLE,CONTENU,2,643,5,0,0.0
8eme/mathematiques/devoirs/Devoir-de-Controle-N-1-College-pilote-Math-8eme-2016-2017-Mr-Zantour-Hamdi.pdf,VALIDE,8e,CERTAIN,CONTROLE,NOM_FICHIER,3,4994,6,0,0.001
8eme/mathematiques/devoirs/Devoir-de-Controle-N-1-College-pilote-Math-8eme-2017-2018-Mme-Tekeri-Zeineb.pdf,VALIDE,8e,CERTAIN,CONTROLE,CONTENU,2,1278,8,0,0.002
8eme/mathematiques/devoirs/Devoir-de-Controle-N-1-Math-8eme-2012-2013-Mme-leila.pdf,VALIDE,8e,CERTAIN,CONTROLE,CONTENU,3,1481,9,0,0.001
8eme/mathematiques/devoirs/Devoir-de-Controle-N-1-Math-8eme-2012-2013-Mr-KHELIF.pdf,VALIDE,8e,CERTAIN,CONTROLE,CONTENU,2,1199,11,0,0.003
8eme/mathematiques/devoirs/Devoir-de-Controle-N-1-Math-8eme-2013-2014-Mr-Achouri-Mohsen-.pdf,VALIDE,8e,CERTAIN,CONTROLE,CONTENU,2,2699,10,0,0.038
8eme/mathematiques/devoirs/Devoir-de-Controle-N-1-Math-8eme-2013-2014-Mr-Achouri-Mohsen.pdf,VALIDE,8e,CERTAIN,CONTROLE,CONTENU,2,4382,10,0,0.0
8eme/mathematiques/devoirs/Devoir-de-Controle-N-1-Math-8eme-2013-2014-Mr-Ameur-Mounir.pdf,VALIDE,8e,CERTAIN,CONTROLE,CONTENU,2,2283,5,0,0.0
8eme/mathematiques/devoirs/Devoir-de-Controle-N-1-Math-8eme-2013-2014-Mr-Mouajria-Hattab.pdf,VALIDE,8e,CERTAIN,CONTROLE,CONTENU,3,1596,10,1,0.001
8eme/mathematiques/devoirs/Devoir-de-Controle-N-1-Math-8eme-2013-2014-Mr-Taamallah-Bechir.pdf,VALIDE,8e,CERTAIN,CONTROLE,CONTENU,2,2866,12,0,0.004
8eme/mathematiques/devoirs/Devoir-de-Controle-N-1-Math-8eme-2014-2015-Mr-ABIDI.pdf,VALIDE,8e,CERTAIN,CONTROLE,CONTENU,2,1486,12,0,0.0
8eme/mathematiques/devoirs/Devoir-de-Controle-N-1-Math-8eme-2014-2015-Mr-Ayari-Sallem.pdf,VALIDE,8e,CERTAIN,CONTROLE,NOM_FICHIER,2,1310,8,0,0.0
8eme/mathematiques/devoirs/Devoir-de-Controle-N-1-Math-8eme-2014-2015-Mr-Ben-Amara-Mohamed-.pdf,VALIDE,8e,CERTAIN,CONTROLE,CONTENU,2,1958,9,0,0.002
8eme/mathematiques/devoirs/Devoir-de-Controle-N-1-Math-8eme-2014-2015-Mr-Mezhoud.pdf,VALIDE,8e,CERTAIN,CONTROLE,CONTENU,2,3283,10,0,0.034
8eme/mathematiques/devoirs/Devoir-de-Controle-N-1-Math-8eme-2014-2015-Mr-khlifi-maher-.pdf,ENCODAGE_CORROMPU,8e,CERTAIN,CONTROLE,CONTENU,4,3320,8,0,0.127
8eme/mathematiques/devoirs/Devoir-de-Controle-N-1-Math-8eme-2015-2016-Mr-Ayari-Sallem.pdf,VALIDE,8e,CERTAIN,CONTROLE,NOM_FICHIER,2,1212,6,0,0.0
8eme/mathematiques/devoirs/Devoir-de-Controle-N-1-Math-8eme-2015-2016-Mr-Barkallah-Lotfi.pdf,VALIDE,8e,CERTAIN,CONTROLE,CONTENU,1,888,6,0,0.001
8eme/mathematiques/devoirs/Devoir-de-Controle-N-1-Math-8eme-2015-2016-Mr-Ouerghi-Chokri.pdf,VALIDE,8e,CERTAIN,CONTROLE,NOM_FICHIER,2,2240,11,1,0.005
8eme/mathematiques/devoirs/Devoir-de-Controle-N-1-Math-8eme-2015-2016-Mr-RACHED.pdf,VALIDE,8e,CERTAIN,CONTROLE,CONTENU,1,1207,3,0,0.004
8eme/mathematiques/devoirs/Devoir-de-Controle-N-1-Math-8eme-2015-2016-Mr-ZAIRI-RIADH.pdf,VALIDE,8e,CERTAIN,CONTROLE,NOM_FICHIER,1,1600,10,0,0.001
8eme/mathematiques/devoirs/Devoir-de-Controle-N-1-Math-8eme-2015-2016-Mr-ZOUARI-SAMI.pdf,VALIDE,8e,CERTAIN,CONTROLE,NOM_FICHIER,2,981,7,0,0.005
8eme/mathematiques/devoirs/Devoir-de-Controle-N-1-Math-8eme-2015-2016-Mr-bboussaffa-belgacem.pdf,VALIDE,8e,CERTAIN,CONTROLE,CONTENU,1,1710,12,0,0.001
8eme/mathematiques/devoirs/Devoir-de-Controle-N-1-Math-8eme-2016-2017-Mme-Allani.pdf,VALIDE,8e,CERTAIN,CONTROLE,NOM_FICHIER,4,2852,12,0,0.0
8eme/mathematiques/devoirs/Devoir-de-Controle-N-1-Math-8eme-2016-2017-Mr-RIADH-ZAIRI.pdf,VALIDE,8e,CERTAIN,CONTROLE,CONTENU,2,1824,12,1,0.001
8eme/mathematiques/devoirs/Devoir-de-Controle-N-1-Math-8eme-2016-2017-Mr-ZOUARI-SAMI.pdf,VALIDE,8e,CERTAIN,CONTROLE,CONTENU,2,2989,11,0,0.002
8eme/mathematiques/devoirs/Devoir-de-Controle-N-1-Math-8eme-2016-2017-Mr-Zantour-Hamdi.pdf,VALIDE,8e,CERTAIN,CONTROLE,NOM_FICHIER,2,2585,10,0,0.001
8eme/mathematiques/devoirs/Devoir-de-Controle-N-1-Math-8eme-2017-2018-Mlle-Dissem-Yosr.pdf,ENCODAGE_CORROMPU,8e,CERTAIN,CONTROLE,CONTENU,2,3377,8,0,0.155
8eme/mathematiques/devoirs/Devoir-de-Controle-N-1-Math-8eme-2017-2018-Mr-Ben-Slama.pdf,ENCODAGE_CORROMPU,8e,CERTAIN,CONTROLE,NOM_FICHIER,2,2547,7,0,0.114
8eme/mathematiques/devoirs/Devoir-de-Controle-N-1-Math-8eme-2017-2018-Mr-Ouerghi-Chokri.pdf,VALIDE,8e,CERTAIN,CONTROLE,NOM_FICHIER,2,3123,14,1,0.002
8eme/mathematiques/devoirs/Devoir-de-Controle-N-1-Math-8eme-2018-2019-Mr-Ben-Alaya-Aymen.pdf,VALIDE,8e,CERTAIN,CONTROLE,CONTENU,2,4359,12,1,0.001
8eme/mathematiques/devoirs/Devoir-de-Controle-N-1-Math-8eme-2018-2019-Mr-Hafsi-Salem.pdf,VALIDE,8e,CERTAIN,CONTROLE,CONTENU,2,1445,9,1,0.006
8eme/mathematiques/devoirs/Devoir-de-Controle-N-1-Math-8eme-2018-2019-Mr-Moez-Esmiti.pdf,VALIDE,8e,CERTAIN,CONTROLE,CONTENU,4,6256,12,1,0.006
8eme/mathematiques/devoirs/Devoir-de-Controle-N-1-Math-8eme-2019-2020-Mme-Allani-najoua.pdf,VALIDE,8e,CERTAIN,CONTROLE,NOM_FICHIER,4,12153,2,0,0.041
8eme/mathematiques/devoirs/Devoir-de-Controle-N-1-Math-8eme-2019-2020-Mr-BEN-CHEIKH-Mourad.pdf,VALIDE,8e,CERTAIN,CONTROLE,CONTENU,4,2333,12,0,0.005
8eme/mathematiques/devoirs/Devoir-de-Controle-N-1-Math-8eme-2019-2020-Mr-Ghanmi.pdf,ENCODAGE_CORROMPU,8e,CERTAIN,CONTROLE,CONTENU,2,2113,5,0,0.156
8eme/mathematiques/devoirs/Devoir-de-Controle-N-1-Math-8eme-2019-2020-Mr-Hafsi-Salem.pdf,VALIDE,8e,CERTAIN,CONTROLE,CONTENU,3,1495,9,1,0.003
8eme/mathematiques/devoirs/Devoir-de-Controle-N-1-Math-8eme-2019-2020-Mr-OUERGHI-CHOKRI.pdf,VALIDE,8e,CERTAIN,CONTROLE,NOM_FICHIER,4,9393,12,1,0.007
8eme/mathematiques/devoirs/Devoir-de-Controle-N-1-Math-8eme-2019-2020-Mr-ZOUARI-SAMI.pdf,VALIDE,8e,CERTAIN,CONTROLE,CONTENU,1,1289,13,0,0.002
8eme/mathematiques/devoirs/Devoir-de-Controle-N-1-Math-8eme-2020-2021-Mr-Gharbi-Ridha.pdf,VALIDE,8e,CERTAIN,CONTROLE,CONTENU,2,5645,10,0,0.003
8eme/mathematiques/devoirs/Devoir-de-Controle-N-1-Math-8eme-2021-2022-Mme-DISSEM-yosr.pdf,VALIDE,8e,CERTAIN,CONTROLE,CONTENU,3,4656,11,0,0.038
8eme/mathematiques/devoirs/Devoir-de-Controle-N-1-Math-8eme-2021-2022-Mr-ZOUARI-SAMI.pdf,VALIDE,8e,CERTAIN,CONTROLE,CONTENU,2,1434,10,1,0.001
8eme/mathematiques/devoirs/Devoir-de-Controle-N-1-Math-8eme-2022-2023-Mme-Allani.pdf,VALIDE,8e,CERTAIN,CONTROLE,NOM_FICHIER,8,20136,5,0,0.012
8eme/mathematiques/devoirs/Devoir-de-Controle-N-1-Math-8eme-2022-2023-Mr-GHARBI-RIDHA.pdf,VALIDE,8e,CERTAIN,CONTROLE,CONTENU,2,6278,9,0,0.001
8eme/mathematiques/devoirs/Devoir-de-Controle-N-1-Math-8eme-2022-2023-Mr-Moez-Mohamed-Sghaier.pdf,VALIDE,8e,CERTAIN,CONTROLE,CONTENU,3,5438,10,0,0.001
8eme/mathematiques/devoirs/Devoir-de-Controle-N-1-Math-Z-8eme-2014-2015-Mr-BOULAABA-FAKHREDDINE.pdf,VALIDE,8e,CERTAIN,CONTROLE,CONTENU,2,1700,10,0,0.004
8eme/mathematiques/devoirs/Devoir-de-Controle-N-2-College-pilote-Math-8eme-2016-2017-Mr-Zantour-Hamdi.pdf,VALIDE,8e,CERTAIN,CONTROLE,NOM_FICHIER,3,4452,6,0,0.001
8eme/mathematiques/devoirs/Devoir-de-Controle-N-2-College-pilote-Math-8eme-2018-2019-Mme-Tekeri-Zeineb.pdf,VALIDE,8e,CERTAIN,CONTROLE,CONTENU,2,1185,8,1,0.0
8eme/mathematiques/devoirs/Devoir-de-Controle-N-2-Englais-8eme-2023-2024-.pdf,CONTENU_MATH_FAIBLE,8e,CERTAIN,CONTROLE,NOM_FICHIER,3,3815,0,0,0.0
8eme/mathematiques/devoirs/Devoir-de-Controle-N-2-Englais-8eme-2023-2024-2-.pdf,CONTENU_MATH_FAIBLE,8e,CERTAIN,CONTROLE,NOM_FICHIER,3,4253,1,0,0.0
8eme/mathematiques/devoirs/Devoir-de-Controle-N-2-Englais-8eme-2023-2024-3-.pdf,CONTENU_MATH_FAIBLE,8e,CERTAIN,CONTROLE,NOM_FICHIER,2,3400,0,0,0.0
8eme/mathematiques/devoirs/Devoir-de-Controle-N-2-Math-8eme-2011-2012-Mme-leila.pdf,CONTENU_MATH_FAIBLE,8e,CERTAIN,CONTROLE,NOM_FICHIER,2,12039,1,0,0.003
8eme/mathematiques/devoirs/Devoir-de-Controle-N-2-Math-8eme-2011-2012-Mr-BEN-CHEIKH-Mourad.pdf,CONTENU_MATH_FAIBLE,8e,CERTAIN,CONTROLE,NOM_FICHIER,2,739,0,0,0.008
8eme/mathematiques/devoirs/Devoir-de-Controle-N-2-Math-8eme-2011-2012-Mr-Dhouib-Ridha.pdf,CONTENU_MATH_FAIBLE,8e,CERTAIN,CONTROLE,NOM_FICHIER,1,2749,1,0,0.033
8eme/mathematiques/devoirs/Devoir-de-Controle-N-2-Math-8eme-2011-2012-Mr-grairi.mohsen.pdf,CONTENU_MATH_FAIBLE,8e,CERTAIN,CONTROLE,NOM_FICHIER,3,2631,1,0,0.016
8eme/mathematiques/devoirs/Devoir-de-Controle-N-2-Math-8eme-2012-2013-Mr-sadok-majdi.pdf,VALIDE,8e,CERTAIN,CONTROLE,CONTENU,2,1100,10,1,0.003
8eme/mathematiques/devoirs/Devoir-de-Controle-N-2-Math-8eme-2013-2014-Mme-Khammassi-Leila.pdf,VALIDE,8e,CERTAIN,CONTROLE,CONTENU,3,1698,9,0,0.001
8eme/mathematiques/devoirs/Devoir-de-Controle-N-2-Math-8eme-2013-2014-Mr-.pdf,VALIDE,8e,CERTAIN,CONTROLE,NOM_FICHIER,2,5654,10,0,0.009
8eme/mathematiques/devoirs/Devoir-de-Controle-N-2-Math-8eme-2014-2015-Mme-Tekeri-Zeineb-2.pdf,ENCODAGE_CORROMPU,8e,CERTAIN,CONTROLE,NOM_FICHIER,2,4446,10,0,0.335
8eme/mathematiques/devoirs/Devoir-de-Controle-N-2-Math-8eme-2014-2015-Mme-Tekeri-Zeineb.pdf,ENCODAGE_CORROMPU,8e,CERTAIN,CONTROLE,NOM_FICHIER,2,3478,9,0,0.473
8eme/mathematiques/devoirs/Devoir-de-Controle-N-2-Math-8eme-2014-2015-Mr-ABDEL-HADI-KCHOUM.pdf,VALIDE,8e,CERTAIN,CONTROLE,NOM_FICHIER,1,875,4,0,0.012
8eme/mathematiques/devoirs/Devoir-de-Controle-N-2-Math-8eme-2014-2015-Mr-BOULAABA-FAKHREDDINE-.pdf,VALIDE,8e,CERTAIN,CONTROLE,CONTENU,2,1521,12,0,0.001
8eme/mathematiques/devoirs/Devoir-de-Controle-N-2-Math-8eme-2014-2015-Mr-Faouzi.pdf,ENCODAGE_CORROMPU,8e,CERTAIN,CONTROLE,NOM_FICHIER,2,4389,11,1,0.239
8eme/mathematiques/devoirs/Devoir-de-Controle-N-2-Math-8eme-2014-2015-Mr-Khlifi-Maher.pdf,VALIDE,8e,CERTAIN,CONTROLE,CONTENU,3,1056,11,1,0.002
8eme/mathematiques/devoirs/Devoir-de-Controle-N-2-Math-8eme-2014-2015-Mr-Masmoudi-Sofien.pdf,VALIDE,8e,CERTAIN,CONTROLE,CONTENU,1,1464,10,0,0.0
8eme/mathematiques/devoirs/Devoir-de-Controle-N-2-Math-8eme-2014-2015-Mr-Mezhoud.pdf,VALIDE,8e,CERTAIN,CONTROLE,CONTENU,2,3971,11,0,0.054
8eme/mathematiques/devoirs/Devoir-de-Controle-N-2-Math-8eme-2015-2016-Mme-Tekeri-Zeineb.pdf,VALIDE,8e,CERTAIN,CONTROLE,CONTENU,3,1109,8,0,0.0
8eme/mathematiques/devoirs/Devoir-de-Controle-N-2-Math-8eme-2015-2016-Mr-Ayari-Sallem.pdf,ENCODAGE_CORROMPU,8e,CERTAIN,CONTROLE,CONTENU,2,3379,11,0,0.258
8eme/mathematiques/devoirs/Devoir-de-Controle-N-2-Math-8eme-2015-2016-Mr-Ouerghi-Chokri.pdf,VALIDE,8e,CERTAIN,CONTROLE,NOM_FICHIER,2,2720,9,1,0.0
8eme/mathematiques/devoirs/Devoir-de-Controle-N-2-Math-8eme-2015-2016-Mr-RIADH-ZAIRI.pdf,VALIDE,8e,CERTAIN,CONTROLE,CONTENU,1,1348,12,0,0.001
8eme/mathematiques/devoirs/Devoir-de-Controle-N-2-Math-8eme-2015-2016-Mr-ZOUARI-SAMI.pdf,VALIDE,8e,CERTAIN,CONTROLE,NOM_FICHIER,2,934,10,0,0.003
8eme/mathematiques/devoirs/Devoir-de-Controle-N-2-Math-8eme-2016-2017-Mme-Allani.pdf,VALIDE,8e,CERTAIN,CONTROLE,NOM_FICHIER,4,3043,12,0,0.0
8eme/mathematiques/devoirs/Devoir-de-Controle-N-2-Math-8eme-2016-2017-Mr-Hafsi-Salem.pdf,ENCODAGE_CORROMPU,8e,CERTAIN,CONTROLE,CONTENU,2,5450,9,1,0.132
8eme/mathematiques/devoirs/Devoir-de-Controle-N-2-Math-8eme-2016-2017-Mr-RIADH-ZAIRI.pdf,VALIDE,8e,CERTAIN,CONTROLE,NOM_FICHIER,2,1564,13,1,0.0
8eme/mathematiques/devoirs/Devoir-de-Controle-N-2-Math-8eme-2017-2018-Mr-Abidi.pdf,VALIDE,8e,CERTAIN,CONTROLE,NOM_FICHIER,2,1768,10,0,0.007
8eme/mathematiques/devoirs/Devoir-de-Controle-N-2-Math-8eme-2017-2018-Mr-Ben-Slama.pdf,VALIDE,8e,CERTAIN,CONTROLE,CONTENU,3,1090,10,0,0.001
8eme/mathematiques/devoirs/Devoir-de-Controle-N-2-Math-8eme-2017-2018-Mr-Hafsi-Salem.pdf,VALIDE,8e,CERTAIN,CONTROLE,CONTENU,2,778,7,0,0.0
8eme/mathematiques/devoirs/Devoir-de-Controle-N-2-Math-8eme-2017-2018-Mr-Imed-Naceur.pdf,VALIDE,8e,CERTAIN,CONTROLE,CONTENU,3,3462,12,1,0.002
8eme/mathematiques/devoirs/Devoir-de-Controle-N-2-Math-8eme-2017-2018-Mr-Ouerghi-Chokri.pdf,VALIDE,8e,CERTAIN,CONTROLE,NOM_FICHIER,3,2346,11,1,0.0
8eme/mathematiques/devoirs/Devoir-de-Controle-N-2-Math-8eme-2017-2018-Mr-Tekeri-Zeineb.pdf,VALIDE,8e,CERTAIN,CONTROLE,CONTENU,2,1088,8,0,0.0
8eme/mathematiques/devoirs/Devoir-de-Controle-N-2-Math-8eme-2018-2019-Mr-Moez-Esmiti.pdf,VALIDE,8e,CERTAIN,CONTROLE,CONTENU,2,5428,9,0,0.007
8eme/mathematiques/devoirs/Devoir-de-Controle-N-2-Math-8eme-2019-2020-Mme-Allani-Najoua.pdf,VALIDE,8e,CERTAIN,CONTROLE,NOM_FICHIER,8,4766,12,1,0.0
8eme/mathematiques/devoirs/Devoir-de-Controle-N-2-Math-8eme-2019-2020-Mr-ZOUARI-SAMI-2.pdf,VALIDE,8e,CERTAIN,CONTROLE,CONTENU,2,1355,11,0,0.001
8eme/mathematiques/devoirs/Devoir-de-Controle-N-2-Math-8eme-2019-2020-Mr-ZOUARI-SAMI.pdf,VALIDE,8e,CERTAIN,CONTROLE,CONTENU,2,1343,11,0,0.0
8eme/mathematiques/devoirs/Devoir-de-Controle-N-2-Math-8eme-2020-2021-Mr-Gharbi-Ridha.pdf,VALIDE,8e,CERTAIN,CONTROLE,CONTENU,2,1510,13,1,0.0
8eme/mathematiques/devoirs/Devoir-de-Controle-N-2-Math-8eme-2021-2022-Mme-Allani.pdf,ENCODAGE_CORROMPU,8e,CERTAIN,CONTROLE,NOM_FICHIER,4,5429,8,0,0.194
8eme/mathematiques/devoirs/Devoir-de-Controle-N-2-Math-8eme-2022-2023-Mr-GHARBI-RIDHA.pdf,VALIDE,8e,CERTAIN,CONTROLE,CONTENU,2,1732,16,0,0.0
8eme/mathematiques/devoirs/Devoir-de-Controle-N-2-Math-8eme-2022-2023-Mr-ZOUARI-SAMI.pdf,VALIDE,8e,CERTAIN,CONTROLE,CONTENU,1,903,6,0,0.0
8eme/mathematiques/devoirs/Devoir-de-Controle-N-2-Maths-8eme-2010-2011-Mr-Haddagi-Moncef-College-H.sousse-.Sahloul.pdf,VALIDE,8e,CERTAIN,CONTROLE,CONTENU,2,1505,14,0,0.0
8eme/mathematiques/devoirs/Devoir-de-Controle-N-2-math-8eme-2010-2011-Mr-imed-chihaoui.pdf,CONTENU_MATH_FAIBLE,8e,CERTAIN,CONTROLE,NOM_FICHIER,2,503,0,0,0.055
8eme/mathematiques/devoirs/Devoir-de-Controle-N-2-mathematique-8eme-2010-2011-Mme-najah.pdf,CONTENU_MATH_FAIBLE,8e,CERTAIN,CONTROLE,NOM_FICHIER,3,681,0,0,0.003
8eme/mathematiques/devoirs/Devoir-de-Controle-N-3-2eme-Semestre-Math-8eme-2018-2019-Mr-Mansour-Jarradi.pdf,VALIDE,8e,CERTAIN,CONTROLE,CONTENU,2,1069,12,0,0.0
8eme/mathematiques/devoirs/Devoir-de-Controle-N-3-College-pilote-Math-8eme-2011-2012-Mr-grairi-Mohsen.pdf,VALIDE,8e,CERTAIN,CONTROLE,NOM_FICHIER,3,3488,4,0,0.016
8eme/mathematiques/devoirs/Devoir-de-Controle-N-3-College-pilote-Math-8eme-2012-2013-Mr-aloui-slah.pdf,VALIDE,8e,CERTAIN,CONTROLE,CONTENU,1,1619,13,0,0.0
8eme/mathematiques/devoirs/Devoir-de-Controle-N-3-College-pilote-Math-8eme-2012-2013-Mr-mehdi-khalfalli.pdf,VALIDE,8e,CERTAIN,CONTROLE,CONTENU,3,1654,13,0,0.023
8eme/mathematiques/devoirs/Devoir-de-Controle-N-3-College-pilote-math-8eme-2010-2011-Mr-gharbi.pdf,VALIDE,8e,CERTAIN,CONTROLE,NOM_FICHIER,5,4748,18,0,0.0
8eme/mathematiques/devoirs/Devoir-de-Controle-N-3-Education-Civile-8eme-2023-2024-.pdf,VALIDE,8e,CERTAIN,CONTROLE,CONTENU,2,1209,4,1,0.0
8eme/mathematiques/devoirs/Devoir-de-Controle-N-3-Education-Civile-8eme-2023-2024-2-.pdf,VALIDE,8e,CERTAIN,CONTROLE,CONTENU,2,847,3,1,0.0
8eme/mathematiques/devoirs/Devoir-de-Controle-N-3-Education-Civile-8eme-2023-2024-3-.pdf,VALIDE,8e,CERTAIN,CONTROLE,CONTENU,1,712,2,1,0.0
8eme/mathematiques/devoirs/Devoir-de-Controle-N-3-Math-8eme-2010-2011-Mr-Dhouib-Ridha.pdf,VALIDE,8e,CERTAIN,CONTROLE,NOM_FICHIER,1,2698,3,0,0.019
8eme/mathematiques/devoirs/Devoir-de-Controle-N-3-Math-8eme-2010-2011-Mr-Meher-Riahi.pdf,VALIDE,8e,CERTAIN,CONTROLE,NOM_FICHIER,2,1996,3,0,0.038
8eme/mathematiques/devoirs/Devoir-de-Controle-N-3-Math-8eme-2011-2012-Mr-BARKALLAH-Lotfi.pdf,VALIDE,8e,CERTAIN,CONTROLE,CONTENU,1,823,8,0,0.0
8eme/mathematiques/devoirs/Devoir-de-Controle-N-3-Math-8eme-2011-2012-Mr-MEJRI-ZIED.pdf,VALIDE,8e,CERTAIN,CONTROLE,CONTENU,2,1207,13,0,0.0
8eme/mathematiques/devoirs/Devoir-de-Controle-N-3-Math-8eme-2011-2012-Mr-gahbiche.pdf,VALIDE,8e,CERTAIN,CONTROLE,CONTENU,2,860,11,0,0.0
8eme/mathematiques/devoirs/Devoir-de-Controle-N-3-Math-8eme-2011-2012-Mr-gharsalli-zinelabidine.pdf,VALIDE,8e,CERTAIN,CONTROLE,NOM_FICHIER,1,1357,7,1,0.008
8eme/mathematiques/devoirs/Devoir-de-Controle-N-3-Math-8eme-2012-2013-Mr-Barkallah.pdf,VALIDE,8e,CERTAIN,CONTROLE,CONTENU,1,840,3,0,0.0
8eme/mathematiques/devoirs/Devoir-de-Controle-N-3-Math-8eme-2013-2014-Mr-Abidi-hedi.pdf,VALIDE,8e,CERTAIN,CONTROLE,CONTENU,1,1461,7,0,0.005
8eme/mathematiques/devoirs/Devoir-de-Controle-N-3-Math-8eme-2013-2014-Mr-Achouri-Mohsen-2.pdf,VALIDE,8e,CERTAIN,CONTROLE,CONTENU,2,1187,9,0,0.0
8eme/mathematiques/devoirs/Devoir-de-Controle-N-3-Math-8eme-2013-2014-Mr-ameur-mounir.pdf,VALIDE,8e,CERTAIN,CONTROLE,NOM_FICHIER,2,1288,12,1,0.001
8eme/mathematiques/devoirs/Devoir-de-Controle-N-3-Math-8eme-2014-2015-Mr-Ouerghi-Chokri.pdf,VALIDE,8e,CERTAIN,CONTROLE,NOM_FICHIER,2,2167,12,1,0.0
8eme/mathematiques/devoirs/Devoir-de-Controle-N-3-Math-8eme-2014-2015-Mr-ZOUARI-SAMI.pdf,VALIDE,8e,CERTAIN,CONTROLE,CONTENU,2,1167,6,0,0.0
8eme/mathematiques/devoirs/Devoir-de-Controle-N-3-Math-8eme-2014-2015-Mr-ayari-sallem.pdf,VALIDE,8e,CERTAIN,CONTROLE,NOM_FICHIER,2,1039,12,0,0.0
8eme/mathematiques/devoirs/Devoir-de-Controle-N-3-Math-8eme-2015-2016-Mr-Ayari-Sallem.pdf,VALIDE,8e,CERTAIN,CONTROLE,NOM_FICHIER,2,1183,9,0,0.0
8eme/mathematiques/devoirs/Devoir-de-Controle-N-3-Math-8eme-2015-2016-Mr-Ouerghi-Chokri.pdf,VALIDE,8e,CERTAIN,CONTROLE,NOM_FICHIER,2,2910,11,1,0.0
8eme/mathematiques/devoirs/Devoir-de-Controle-N-3-Math-8eme-2015-2016-Mr-Riadh-Zairi.pdf,VALIDE,8e,CERTAIN,CONTROLE,NOM_FICHIER,1,1357,11,1,0.0
8eme/mathematiques/devoirs/Devoir-de-Controle-N-3-Math-8eme-2015-2016-Mr-ZOUARI-SAMI.pdf,VALIDE,8e,CERTAIN,CONTROLE,NOM_FICHIER,2,930,10,0,0.0
8eme/mathematiques/devoirs/Devoir-de-Controle-N-3-Math-8eme-2016-2017-Mme-Allani.pdf,VALIDE,8e,CERTAIN,CONTROLE,NOM_FICHIER,5,3100,12,0,0.0
8eme/mathematiques/devoirs/Devoir-de-Controle-N-3-Math-8eme-2016-2017-Mr-Ayari-Sallem.pdf,VALIDE,8e,CERTAIN,CONTROLE,NOM_FICHIER,2,1011,6,0,0.0
8eme/mathematiques/devoirs/Devoir-de-Controle-N-3-Math-8eme-2017-2018-Mr-Ghriss-Abderrahmen.pdf,VALIDE,8e,CERTAIN,CONTROLE,NOM_FICHIER,3,8119,7,1,0.013
8eme/mathematiques/devoirs/Devoir-de-Controle-N-3-Math-8eme-2017-2018-Mr-Hafsi-Salem.pdf,VALIDE,8e,CERTAIN,CONTROLE,NOM_FICHIER,2,7407,13,0,0.002
8eme/mathematiques/devoirs/Devoir-de-Controle-N-3-Math-8eme-2017-2018-Mr-Imed-Naceur-Et-Dorsaf-Ben-Ouhida.pdf,ENCODAGE_CORROMPU,8e,CERTAIN,CONTROLE,CONTENU,3,4388,11,1,0.17
8eme/mathematiques/devoirs/Devoir-de-Controle-N-3-Math-8eme-2018-2019-Mr-Ouerghi-Chokri.pdf,VALIDE,8e,CERTAIN,CONTROLE,NOM_FICHIER,2,1776,10,1,0.011
8eme/mathematiques/devoirs/Devoir-de-Controle-N-3-Math-8eme-2019-2020-Mme-Allani.pdf,VALIDE,8e,CERTAIN,CONTROLE,NOM_FICHIER,7,4084,10,1,0.0
8eme/mathematiques/devoirs/Devoir-de-Controle-N-3-Math-8eme-2019-2020-Mr-OUERGHI-CHOKRI.pdf,VALIDE,8e,CERTAIN,CONTROLE,NOM_FICHIER,4,3797,13,1,0.0
8eme/mathematiques/devoirs/Devoir-de-Controle-N-3-Math-8eme-2021-2022-Mr-GHARBI-RIDHA.pdf,VALIDE,8e,CERTAIN,CONTROLE,CONTENU,2,5746,8,0,0.058
8eme/mathematiques/devoirs/Devoir-de-Controle-N-3-Math-8eme-2022-2023-Mr-Alaya-Med.pdf,VALIDE,8e,CERTAIN,CONTROLE,CONTENU,2,534,2,0,0.0
8eme/mathematiques/devoirs/Devoir-de-Controle-N-3-Math-8eme-2022-2023-Mr-GHARBI-RIDHA.pdf,VALIDE,8e,CERTAIN,CONTROLE,CONTENU,3,1361,12,0,0.0
8eme/mathematiques/devoirs/Devoir-de-Controle-N-3-Math-8eme-2023-2024-.pdf,VALIDE,8e,CERTAIN,CONTROLE,CONTENU,4,1116,8,0,0.01
8eme/mathematiques/devoirs/Devoir-de-Controle-N-3-Math-8eme-2023-2024-2-.pdf,VALIDE,8e,CERTAIN,CONTROLE,CONTENU,2,1129,10,0,0.0
8eme/mathematiques/devoirs/Devoir-de-Controle-N-3-math-8eme-_2009-2010_-Mr-gary-badredine.pdf,VALIDE,8e,CERTAIN,CONTROLE,NOM_FICHIER,4,1008,7,0,0.0
8eme/mathematiques/devoirs/Devoir-de-Controle-N-4-College-pilote-Math-8eme-2010-2011-Mr-gharbi.pdf,VALIDE,8e,CERTAIN,CONTROLE,NOM_FICHIER,3,1863,13,1,0.0
8eme/mathematiques/devoirs/Devoir-de-Controle-N-4-College-pilote-Math-8eme-2011-2012-Eleve-faress-rtibi.pdf,VALIDE,8e,CERTAIN,CONTROLE,CONTENU,1,1093,12,1,0.0
8eme/mathematiques/devoirs/Devoir-de-Controle-N-4-College-pilote-Math-8eme-2015-2016-Mr-GHARBI-KAMEL.pdf,NIVEAU_INCERTAIN,,CONFLIT:7e/8e/9e,CORRIGE,CONTENU,3,1536,4,0,0.0
8eme/mathematiques/devoirs/Devoir-de-Controle-N-4-College-pilote-Math-8eme-2015-2016-Mr-Rahmouni-Zouheir.pdf,VALIDE,8e,CERTAIN,CONTROLE,CONTENU,1,1784,2,1,0.001
8eme/mathematiques/devoirs/Devoir-de-Controle-N-4-Math-8eme-2010-2011-Mr-Dhouib-Ridha.pdf,VALIDE,8e,CERTAIN,CONTROLE,NOM_FICHIER,2,2913,3,0,0.029
8eme/mathematiques/devoirs/Devoir-de-Controle-N-4-Math-8eme-2011-2012-Mr-BARKALLAH-Lotfi-2.pdf,VALIDE,8e,CERTAIN,CONTROLE,CONTENU,1,697,6,0,0.0
8eme/mathematiques/devoirs/Devoir-de-Controle-N-4-Math-8eme-2011-2012-Mr-BARKALLAH-Lotfi-3.pdf,VALIDE,8e,CERTAIN,CONTROLE,CONTENU,1,840,13,0,0.0
8eme/mathematiques/devoirs/Devoir-de-Controle-N-4-Math-8eme-2011-2012-Mr-BARKALLAH-Lotfi.pdf,VALIDE,8e,CERTAIN,CONTROLE,CONTENU,1,784,7,0,0.003
8eme/mathematiques/devoirs/Devoir-de-Controle-N-4-Math-8eme-2012-2013-Mme-zelfani.pdf,VALIDE,8e,CERTAIN,CONTROLE,NOM_FICHIER,2,1069,9,0,0.001
8eme/mathematiques/devoirs/Devoir-de-Controle-N-4-Math-8eme-2012-2013-Mr-grairi-mohsen.pdf,VALIDE,8e,CERTAIN,CONTROLE,NOM_FICHIER,2,1746,5,0,0.007
8eme/mathematiques/devoirs/Devoir-de-Controle-N-4-Math-8eme-2013-2014-Mr-AKROUT-TAREK.pdf,VALIDE,8e,CERTAIN,CONTROLE,CONTENU,2,1743,15,0,0.0
8eme/mathematiques/devoirs/Devoir-de-Controle-N-4-Math-8eme-2013-2014-Mr-Achouri-Mohsen-1.pdf,VALIDE,8e,CERTAIN,CONTROLE,CONTENU,3,5595,15,0,0.005
8eme/mathematiques/devoirs/Devoir-de-Controle-N-4-Math-8eme-2013-2014-Mr-Mouajria-Hattab.pdf,VALIDE,8e,CERTAIN,CONTROLE,NOM_FICHIER,1,1178,8,0,0.0
8eme/mathematiques/devoirs/Devoir-de-Controle-N-4-Math-8eme-2013-2014-Mr-goui-mouldi.pdf,VALIDE,8e,CERTAIN,CONTROLE,CONTENU,2,1127,11,0,0.001
8eme/mathematiques/devoirs/Devoir-de-Controle-N-4-Math-8eme-2013-2014-Mr-hedi-abidi-.pdf,VALIDE,8e,CERTAIN,CONTROLE,CONTENU,2,1769,14,0,0.003
8eme/mathematiques/devoirs/Devoir-de-Controle-N-4-Math-8eme-2014-2015-Mr-ABIDI.pdf,VALIDE,8e,CERTAIN,CONTROLE,CONTENU,2,1348,10,0,0.0
8eme/mathematiques/devoirs/Devoir-de-Controle-N-4-Math-8eme-2014-2015-Mr-Ayari-Sallem-2.pdf,ENCODAGE_CORROMPU,8e,CERTAIN,CONTROLE,NOM_FICHIER,2,5159,9,0,0.125
8eme/mathematiques/devoirs/Devoir-de-Controle-N-4-Math-8eme-2014-2015-Mr-Ayari-Sallem.pdf,ENCODAGE_CORROMPU,8e,CERTAIN,CONTROLE,NOM_FICHIER,2,3127,5,0,0.397
8eme/mathematiques/devoirs/Devoir-de-Controle-N-4-Math-8eme-2014-2015-Mr-Barkallah-Lotfi.pdf,VALIDE,8e,CERTAIN,CONTROLE,CONTENU,1,1275,2,0,0.0
8eme/mathematiques/devoirs/Devoir-de-Controle-N-4-Math-8eme-2014-2015-Mr-Faouzi-Dabboussi.pdf,ENCODAGE_CORROMPU,8e,CERTAIN,CONTROLE,CONTENU,3,4125,11,0,0.091
8eme/mathematiques/devoirs/Devoir-de-Controle-N-4-Math-8eme-2014-2015-Mr-Mezhoud.pdf,VALIDE,8e,CERTAIN,CONTROLE,CONTENU,2,3101,8,0,0.04
8eme/mathematiques/devoirs/Devoir-de-Controle-N-4-Math-8eme-2014-2015-Mr-Werghi-Chokri.pdf,VALIDE,8e,CERTAIN,CONTROLE,NOM_FICHIER,2,2460,11,1,0.0
8eme/mathematiques/devoirs/Devoir-de-Controle-N-4-Math-8eme-2014-2015-Mr-ZOUARI-SAMI.pdf,VALIDE,8e,CERTAIN,CONTROLE,NOM_FICHIER,1,837,9,0,0.006
8eme/mathematiques/devoirs/Devoir-de-Controle-N-4-Math-8eme-2014-2015-Mr-fouzai-hichem.pdf,VALIDE,8e,CERTAIN,CONTROLE,CONTENU,3,3680,11,0,0.042
8eme/mathematiques/devoirs/Devoir-de-Controle-N-4-Math-8eme-2015-2016-Mr-Ameur-Mounir.pdf,CONTENU_MATH_FAIBLE,8e,CERTAIN,CONTROLE,NOM_FICHIER,3,4395,0,0,0.003
8eme/mathematiques/devoirs/Devoir-de-Controle-N-4-Math-8eme-2015-2016-Mr-Ayari-Sallem.pdf,VALIDE,8e,CERTAIN,CONTROLE,NOM_FICHIER,2,1102,7,0,0.0
8eme/mathematiques/devoirs/Devoir-de-Controle-N-4-Math-8eme-2015-2016-Mr-BEN-AMARA-MOHAMED.pdf,VALIDE,8e,CERTAIN,CONTROLE,CONTENU,2,3773,11,0,0.042
8eme/mathematiques/devoirs/Devoir-de-Controle-N-4-Math-8eme-2015-2016-Mr-Ouerghi-Chokri.pdf,VALIDE,8e,CERTAIN,CONTROLE,NOM_FICHIER,2,2750,13,1,0.0
8eme/mathematiques/devoirs/Devoir-de-Controle-N-4-Math-8eme-2015-2016-Mr-ZOUARI-SAMI.pdf,VALIDE,8e,CERTAIN,CONTROLE,NOM_FICHIER,2,767,8,0,0.004
8eme/mathematiques/devoirs/Devoir-de-Controle-N-4-Math-8eme-2016-2017-Mme-Allani.pdf,ENCODAGE_CORROMPU,8e,CERTAIN,CONTROLE,NOM_FICHIER,4,6879,11,0,0.358
8eme/mathematiques/devoirs/Devoir-de-Controle-N-4-Math-8eme-2016-2017-Mr-Naceur-Imed.pdf,VALIDE,8e,CERTAIN,CONTROLE,CONTENU,4,3466,14,0,0.007
8eme/mathematiques/devoirs/Devoir-de-Controle-N-4-Math-8eme-2019-2020-Mme-Allani.pdf,VALIDE,8e,CERTAIN,CONTROLE,NOM_FICHIER,7,4465,14,0,0.0
8eme/mathematiques/devoirs/Devoir-de-Controle-N-4-Math-8eme-2021-2022-Mme-Allani.pdf,ENCODAGE_CORROMPU,8e,CERTAIN,CONTROLE,NOM_FICHIER,4,6123,7,0,0.33
8eme/mathematiques/devoirs/Devoir-de-Controle-N-4-Math-8eme-2021-2022-Mr-GHARBI-RIDHA.pdf,VALIDE,8e,CERTAIN,CONTROLE,CONTENU,2,4810,8,0,0.021
8eme/mathematiques/devoirs/Devoir-de-Controle-N-4-Math-8eme-2022-2023-Mr-GHARBI-RIDHA.pdf,VALIDE,8e,CERTAIN,CONTROLE,CONTENU,3,1298,11,0,0.0
8eme/mathematiques/devoirs/Devoir-de-Controle-N-4-Math-8eme-2022-2023-Mr-ZOUARI-SAMI.pdf,VALIDE,8e,CERTAIN,CONTROLE,CONTENU,2,955,12,0,0.0
8eme/mathematiques/devoirs/Devoir-de-Controle-N-4-Math-8eme-2023-2024--2.pdf,VALIDE,8e,CERTAIN,CONTROLE,CONTENU,2,1400,9,0,0.004
8eme/mathematiques/devoirs/Devoir-de-Controle-N-4-Math-8eme-2023-2024-.pdf,VALIDE,8e,CERTAIN,CONTROLE,CONTENU,4,968,8,0,0.008
8eme/mathematiques/devoirs/Devoir-de-Controle-N-4-Mathematiques-8eme-2009-2010-Mr-Belaifa-Mohamed-Fadhel.pdf,VALIDE,8e,CERTAIN,CONTROLE,CONTENU,2,4332,5,0,0.006
8eme/mathematiques/devoirs/Devoir-de-Controle-N-5-2eme-Semestre-Math-8eme-2018-2019-Mr-OUERGHI-CHOKRI.pdf,VALIDE,8e,CERTAIN,CONTROLE,NOM_FICHIER,1,1752,17,1,0.0
8eme/mathematiques/devoirs/Devoir-de-Controle-N-5-College-pilote-Math-8eme-2012-2013-Mr-Sadri-boularesse.pdf,VALIDE,8e,CERTAIN,CONTROLE,NOM_FICHIER,4,7670,4,0,0.016
8eme/mathematiques/devoirs/Devoir-de-Controle-N-5-Math-8-eme-2023-2024-.pdf,VALIDE,8e,CERTAIN,CONTROLE,NOM_FICHIER,3,1157,9,0,0.003
8eme/mathematiques/devoirs/Devoir-de-Controle-N-5-Math-8eme-2010-2011-Mr-Dhouib-Ridha.pdf,VALIDE,8e,CERTAIN,CONTROLE,NOM_FICHIER,1,2846,2,0,0.022
8eme/mathematiques/devoirs/Devoir-de-Controle-N-5-Math-8eme-2011-2012-Mr-ridha-jemaa.pdf,VALIDE,8e,CERTAIN,CONTROLE,NOM_FICHIER,2,1951,19,0,0.0
8eme/mathematiques/devoirs/Devoir-de-Controle-N-5-Math-8eme-2012-2013-Mr-gharsalli-zinelabidine.pdf,VALIDE,8e,CERTAIN,CONTROLE,CONTENU,2,1169,14,0,0.0
8eme/mathematiques/devoirs/Devoir-de-Controle-N-5-Math-8eme-2013-2014-Mr-Abdelaziz-Ben-Marzouk-.pdf,CONTENU_MATH_FAIBLE,8e,CERTAIN,CONTROLE,NOM_FICHIER,2,4983,0,0,0.022
8eme/mathematiques/devoirs/Devoir-de-Controle-N-5-Math-8eme-2013-2014-Mr-Achouri-Mohsen-3.pdf,VALIDE,8e,CERTAIN,CONTROLE,CONTENU,3,1574,17,0,0.001
8eme/mathematiques/devoirs/Devoir-de-Controle-N-5-Math-8eme-2014-2015-Mr-Ayari-Sallem.pdf,ENCODAGE_CORROMPU,8e,CERTAIN,CONTROLE,NOM_FICHIER,2,2828,8,0,0.307
8eme/mathematiques/devoirs/Devoir-de-Controle-N-5-Math-8eme-2014-2015-Mr-Faouzi-Dabbousi.pdf,VALIDE,8e,CERTAIN,CONTROLE,CONTENU,2,4129,12,0,0.029
8eme/mathematiques/devoirs/Devoir-de-Controle-N-5-Math-8eme-2015-2016-Mr-Abdelghaffar-Sami.pdf,VALIDE,8e,CERTAIN,CONTROLE,NOM_FICHIER,2,5957,2,1,0.027
8eme/mathematiques/devoirs/Devoir-de-Controle-N-5-Math-8eme-2015-2016-Mr-Ameur-Mounir.pdf,CONTENU_MATH_FAIBLE,8e,CERTAIN,CONTROLE,NOM_FICHIER,4,8439,0,0,0.006
8eme/mathematiques/devoirs/Devoir-de-Controle-N-5-Math-8eme-2015-2016-Mr-Ayari-Sallem.pdf,ENCODAGE_CORROMPU,8e,CERTAIN,CONTROLE,NOM_FICHIER,2,2754,11,0,0.514
8eme/mathematiques/devoirs/Devoir-de-Controle-N-5-Math-8eme-2015-2016-Mr-Khlifi-Maher.pdf,VALIDE,8e,CERTAIN,CONTROLE,CONTENU,2,1004,9,0,0.001
8eme/mathematiques/devoirs/Devoir-de-Controle-N-5-Math-8eme-2015-2016-Mr-Lotfi-Barkallah.pdf,VALIDE,8e,CERTAIN,CONTROLE,CONTENU,1,1028,9,0,0.0
8eme/mathematiques/devoirs/Devoir-de-Controle-N-5-Math-8eme-2015-2016-Mr-OUERGHI-CHOKRI.pdf,MIXTE_college_lycee,8e,CERTAIN,CONTROLE,NOM_FICHIER,2,3123,16,2,0.0
8eme/mathematiques/devoirs/Devoir-de-Controle-N-5-Math-8eme-2021-2022-Mr-GHARBI-RIDHA.pdf,VALIDE,8e,CERTAIN,CONTROLE,CONTENU,2,2491,8,0,0.0
8eme/mathematiques/devoirs/Devoir-de-Controle-N-5-Math-8eme-2021-2022-Mr-ZOUARI-SAMI.pdf,VALIDE,8e,CERTAIN,CONTROLE,CONTENU,2,820,10,0,0.0
8eme/mathematiques/devoirs/Devoir-de-Controle-N-5-Math-8eme-2022-2023-Mr-GHARBI-RIDHA.pdf,VALIDE,8e,CERTAIN,CONTROLE,CONTENU,3,1332,21,0,0.001
8eme/mathematiques/devoirs/Devoir-de-Controle-N-5-Math-8eme-2023-2024--2.pdf,VALIDE,8e,CERTAIN,CONTROLE,NOM_FICHIER,4,856,9,0,0.005
8eme/mathematiques/devoirs/Devoir-de-Controle-N-5-Math-8eme-2023-2024-.pdf,VALIDE,8e,CERTAIN,CONTROLE,NOM_FICHIER,4,856,9,0,0.005
8eme/mathematiques/devoirs/Devoir-de-Controle-N-5-Math-8eme-2023-2024-Mr-Alaya-Mohamed.pdf,VALIDE,8e,CERTAIN,CONTROLE,CONTENU,2,216,2,0,0.0
8eme/mathematiques/devoirs/Devoir-de-Controle-N-6-2eme-Semestre-Math-8eme-2018-2019-Mr-OUERGHI-CHOKRI.pdf,ENCODAGE_CORROMPU,8e,CERTAIN,CONTROLE,NOM_FICHIER,2,3017,11,1,0.099
8eme/mathematiques/devoirs/Devoir-de-Controle-N-6-College-pilote-Math-8eme-2013-2014-Mr-Boulares-sadri-.pdf,VALIDE,8e,CERTAIN,CONTROLE,NOM_FICHIER,2,2118,2,0,0.035
8eme/mathematiques/devoirs/Devoir-de-Controle-N-6-Math-8eme-2010-2011-Mr-Dhouib-Ridha.pdf,CONTENU_MATH_FAIBLE,8e,CERTAIN,CONTROLE,NOM_FICHIER,2,3461,0,0,0.013
8eme/mathematiques/devoirs/Devoir-de-Controle-N-6-Math-8eme-2011-2012-Mr-yahyaoui-nabil.pdf,VALIDE,8e,CERTAIN,CONTROLE,CONTENU,1,1494,2,0,0.041
8eme/mathematiques/devoirs/Devoir-de-Controle-N-6-Math-8eme-2013-2014-Mr-Achouri-Mohsen-.pdf,VALIDE,8e,CERTAIN,CONTROLE,CONTENU,3,1603,14,0,0.0
8eme/mathematiques/devoirs/Devoir-de-Controle-N-6-Math-8eme-2014-2015-Mr-Ayari-Sallem.pdf,ENCODAGE_CORROMPU,8e,CERTAIN,CONTROLE,NOM_FICHIER,2,5391,11,0,0.124
8eme/mathematiques/devoirs/Devoir-de-Controle-N-6-Math-8eme-2014-2015-Mr-ZOUARI-SAMI.pdf,VALIDE,8e,CERTAIN,CONTROLE,CONTENU,1,2483,11,0,0.002
8eme/mathematiques/devoirs/Devoir-de-Controle-N-6-Math-8eme-2015-2016-Mr-Ouerghi-Chokri.pdf,VALIDE,8e,CERTAIN,CONTROLE,NOM_FICHIER,4,8078,22,1,0.018
8eme/mathematiques/devoirs/Devoir-de-Controle-N-6-Math-8eme-2021-2022-Mme-Allani.pdf,ENCODAGE_CORROMPU,8e,CERTAIN,CONTROLE,NOM_FICHIER,4,8945,12,0,0.061
8eme/mathematiques/devoirs/Devoir-de-Controle-N-6-Math-8eme-2021-2022-Mr-GHARBI-RIDHA.pdf,VALIDE,8e,CERTAIN,CONTROLE,CONTENU,2,1444,14,0,0.001
8eme/mathematiques/devoirs/Devoir-de-Controle-N-6-Math-8eme-2021-2022-Mr-ZOUARI-SAMI.pdf,VALIDE,8e,CERTAIN,CONTROLE,CONTENU,1,2038,16,0,0.02
8eme/mathematiques/devoirs/Devoir-de-Controle-N-6-Math-8eme-2022-2023-Mr-ALAYA-MOHAMED.pdf,VALIDE,8e,CERTAIN,CONTROLE,CONTENU,2,422,2,0,0.0
8eme/mathematiques/devoirs/Devoir-de-Controle-N-6-Math-8eme-2022-2023-Mr-GHARBI-RIDHA.pdf,VALIDE,8e,CERTAIN,CONTROLE,CONTENU,3,3057,11,0,0.005
8eme/mathematiques/devoirs/Devoir-de-Controle-N-6-math-8eme-2009-2010-Mr-gary-badredine.pdf,VALIDE,8e,CERTAIN,CONTROLE,NOM_FICHIER,2,1646,5,0,0.006
8eme/mathematiques/devoirs/Devoir-de-Maison-N-1-Math-8eme-2012-2013-Mr-Barkallah-Lotfi.pdf,VALIDE,8e,CERTAIN,MAISON,CONTENU,1,1353,13,0,0.001
8eme/mathematiques/devoirs/Devoir-de-Maison-N-1-Math-8eme-2015-2016-Mr-Ayari-Sallem.pdf,VALIDE,8e,CERTAIN,SYNTHESE,CONTENU,2,2947,13,0,0.043
8eme/mathematiques/devoirs/Devoir-de-Maison-N-2-Math-8eme-2011-2012-Mr-BARKALLAH-Lotfi.pdf,VALIDE,8e,CERTAIN,MAISON,CONTENU,2,999,6,1,0.002
8eme/mathematiques/devoirs/Devoir-de-Maison-N-2-Math-8eme-2013-2014-Mr-boussaffa-.pdf,MIXTE_college_lycee,8e,CERTAIN,MAISON,CONTENU,2,1966,12,2,0.001
8eme/mathematiques/devoirs/Devoir-de-Maison-N-3-Math-8eme-2011-2012-Mr-BARKALLAH-Lotfi.pdf,VALIDE,8e,CERTAIN,MAISON,CONTENU,2,1773,17,0,0.003
8eme/mathematiques/devoirs/Devoir-de-Synthese-N-1-1er-Semestre-Math-8eme-2017-2018-Mr-Baccar-Achraf.pdf,VALIDE,8e,CERTAIN,SYNTHESE,NOM_FICHIER,3,6327,11,1,0.025
8eme/mathematiques/devoirs/Devoir-de-Synthese-N-1-1er-Semestre-Math-8eme-2018-2019-Mr-Saem-Mongi.pdf,ENCODAGE_CORROMPU,8e,CERTAIN,SYNTHESE,CONTENU,2,2247,4,0,0.122
8eme/mathematiques/devoirs/Devoir-de-Synthese-N-1-2eme-Semestre-Math-8eme-2018-2019-Mr-Hafsi-Salem.pdf,VALIDE,8e,CERTAIN,SYNTHESE,CONTENU,2,8422,10,0,0.012
8eme/mathematiques/devoirs/Devoir-de-Synthese-N-1-College-pilote-Math-8eme-2017-2018-Mr-tekeri-zeineb.pdf,VALIDE,8e,CERTAIN,SYNTHESE,CONTENU,2,1580,9,0,0.0
8eme/mathematiques/devoirs/Devoir-de-Synthese-N-1-College-pilote-Math-8eme-2018-2019-Mme-Tekeri-Zeineb.pdf,VALIDE,8e,CERTAIN,SYNTHESE,CONTENU,1,2055,13,0,0.011
8eme/mathematiques/devoirs/Devoir-de-Synthese-N-1-College-pilote-Math-8eme-2023-2024-Mlle-Dissem-yosr.pdf,VALIDE,8e,CERTAIN,SYNTHESE,CONTENU,3,1765,10,0,0.001
8eme/mathematiques/devoirs/Devoir-de-Synthese-N-1-Math-8eme-2012-2013-Mr-grairi-mohsen.pdf,VALIDE,8e,CERTAIN,SYNTHESE,NOM_FICHIER,2,4847,2,0,0.014
8eme/mathematiques/devoirs/Devoir-de-Synthese-N-1-Math-8eme-2013-2014-Mr-Ben-Amara-Mohamed.pdf,VALIDE,8e,CERTAIN,SYNTHESE,CONTENU,2,1198,9,0,0.0
8eme/mathematiques/devoirs/Devoir-de-Synthese-N-1-Math-8eme-2013-2014-Mr-Mohamed-Bacha.pdf,ENCODAGE_CORROMPU,8e,CERTAIN,SYNTHESE,CONTENU,2,3819,9,0,0.132
8eme/mathematiques/devoirs/Devoir-de-Synthese-N-1-Math-8eme-2013-2014-Mr-dabboussi-faouzi.pdf,ENCODAGE_CORROMPU,8e,CERTAIN,SYNTHESE,CONTENU,2,6044,11,0,0.141
8eme/mathematiques/devoirs/Devoir-de-Synthese-N-1-Math-8eme-2014-2015-Mr-Amamria.pdf,VALIDE,8e,CERTAIN,SYNTHESE,NOM_FICHIER,2,909,7,0,0.001
8eme/mathematiques/devoirs/Devoir-de-Synthese-N-1-Math-8eme-2014-2015-Mr-Boussaffa-Belgacem.pdf,VALIDE,8e,CERTAIN,SYNTHESE,CONTENU,1,2239,14,1,0.001
8eme/mathematiques/devoirs/Devoir-de-Synthese-N-1-Math-8eme-2014-2015-Mr-Faouzi.pdf,VALIDE,8e,CERTAIN,SYNTHESE,CONTENU,2,6053,10,0,0.033
8eme/mathematiques/devoirs/Devoir-de-Synthese-N-1-Math-8eme-2014-2015-Mr-Hafsi-Salem.pdf,ENCODAGE_CORROMPU,8e,CERTAIN,SYNTHESE,NOM_FICHIER,2,3217,12,0,0.186
8eme/mathematiques/devoirs/Devoir-de-Synthese-N-1-Math-8eme-2014-2015-Mr-Labidi-Hedi.pdf,VALIDE,8e,CERTAIN,SYNTHESE,NOM_FICHIER,2,1962,10,0,0.002
8eme/mathematiques/devoirs/Devoir-de-Synthese-N-1-Math-8eme-2014-2015-Mr-ZOUARI-SAMI.pdf,VALIDE,8e,CERTAIN,SYNTHESE,CONTENU,1,962,9,0,0.001
8eme/mathematiques/devoirs/Devoir-de-Synthese-N-1-Math-8eme-2015-2016-Mr-Ameur-Mounir.pdf,VALIDE,8e,CERTAIN,SYNTHESE,CONTENU,3,1331,15,0,0.0
8eme/mathematiques/devoirs/Devoir-de-Synthese-N-1-Math-8eme-2015-2016-Mr-Ayari-Sallem.pdf,ENCODAGE_CORROMPU,8e,CERTAIN,SYNTHESE,CONTENU,2,3372,6,0,0.349
8eme/mathematiques/devoirs/Devoir-de-Synthese-N-1-Math-8eme-2015-2016-Mr-Ouerghi-Chokri.pdf,VALIDE,8e,CERTAIN,SYNTHESE,NOM_FICHIER,2,2610,16,1,0.0
8eme/mathematiques/devoirs/Devoir-de-Synthese-N-1-Math-8eme-2015-2016-Mr-bboussaffa-belgacem.pdf,VALIDE,8e,CERTAIN,SYNTHESE,CONTENU,2,1585,13,1,0.001
8eme/mathematiques/devoirs/Devoir-de-Synthese-N-1-Math-8eme-2016-2017-Mme-Allani.pdf,VALIDE,8e,CERTAIN,SYNTHESE,CONTENU,2,1443,13,0,0.0
8eme/mathematiques/devoirs/Devoir-de-Synthese-N-1-Math-8eme-2016-2017-Mr-Abdelghaffar.pdf,VALIDE,8e,CERTAIN,SYNTHESE,NOM_FICHIER,2,8607,5,0,0.015
8eme/mathematiques/devoirs/Devoir-de-Synthese-N-1-Math-8eme-2016-2017-Mr-Ayari-Sallem.pdf,ENCODAGE_CORROMPU,8e,CERTAIN,SYNTHESE,NOM_FICHIER,2,3195,7,0,0.463
8eme/mathematiques/devoirs/Devoir-de-Synthese-N-1-Math-8eme-2016-2017-Mr-Hcine-Said.pdf,VALIDE,8e,CERTAIN,SYNTHESE,CONTENU,4,8076,9,0,0.001
8eme/mathematiques/devoirs/Devoir-de-Synthese-N-1-Math-8eme-2016-2017-Mr-ZAIRI-RIADH.pdf,VALIDE,8e,CERTAIN,SYNTHESE,CONTENU,2,1160,10,1,0.003
8eme/mathematiques/devoirs/Devoir-de-Synthese-N-1-Math-8eme-2016-2017-Mr-Zantour-Hamdi-2.pdf,VALIDE,8e,CERTAIN,SYNTHESE,NOM_FICHIER,2,3226,5,0,0.001
8eme/mathematiques/devoirs/Devoir-de-Synthese-N-1-Math-8eme-2016-2017-Mr-Zantour-Hamdi.pdf,VALIDE,8e,CERTAIN,SYNTHESE,NOM_FICHIER,4,6440,11,0,0.0
8eme/mathematiques/devoirs/Devoir-de-Synthese-N-1-Math-8eme-2017-2018-Mr-Abdelghaffar-Sami.pdf,VALIDE,8e,CERTAIN,SYNTHESE,NOM_FICHIER,2,8033,7,0,0.025
8eme/mathematiques/devoirs/Devoir-de-Synthese-N-1-Math-8eme-2017-2018-Mr-Hafsi-Salem.pdf,VALIDE,8e,CERTAIN,SYNTHESE,CONTENU,2,8919,8,0,0.003
8eme/mathematiques/devoirs/Devoir-de-Synthese-N-1-Math-8eme-2017-2018-Mr-Khardani-Salem.pdf,ENCODAGE_CORROMPU,8e,CERTAIN,SYNTHESE,NOM_FICHIER,2,3481,15,0,0.1
8eme/mathematiques/devoirs/Devoir-de-Synthese-N-1-Math-8eme-2019-2020-Mme-Allani.pdf,VALIDE,8e,CERTAIN,SYNTHESE,CONTENU,4,2914,13,0,0.001
8eme/mathematiques/devoirs/Devoir-de-Synthese-N-1-Math-8eme-2019-2020-Mr-GHAZALA-HEDI.pdf,VALIDE,8e,CERTAIN,SYNTHESE,CONTENU,4,4932,13,1,0.001
8eme/mathematiques/devoirs/Devoir-de-Synthese-N-1-Math-8eme-2019-2020-Mr-Hafsi-Salem.pdf,MIXTE_college_lycee,8e,CERTAIN,SYNTHESE,CONTENU,2,1191,11,2,0.013
8eme/mathematiques/devoirs/Devoir-de-Synthese-N-1-Math-8eme-2020-2021-Mr-Gharbi-Ridha.pdf,ENCODAGE_CORROMPU,8e,CERTAIN,SYNTHESE,CONTENU,2,4339,13,0,0.166
8eme/mathematiques/devoirs/Devoir-de-Synthese-N-1-Math-8eme-2021-2022-Mr-ZOUARI-SAMI.pdf,VALIDE,8e,CERTAIN,SYNTHESE,CONTENU,2,1277,13,1,0.001
8eme/mathematiques/devoirs/Devoir-de-Synthese-N-1-Math-8eme-2022-2023-Mr-GHARBI-RIDHA.pdf,MIXTE_college_lycee,8e,CERTAIN,SYNTHESE,CONTENU,2,1334,13,2,0.001
8eme/mathematiques/devoirs/Devoir-de-Synthese-N-1-Math-8eme-2022-2023-Mr-ZOUARI-SAMI.pdf,VALIDE,8e,CERTAIN,SYNTHESE,CONTENU,2,1512,11,1,0.001
8eme/mathematiques/devoirs/Devoir-de-Synthese-N-1-technique-8eme-_2010-2011_-Mr-Sekri.pdf,VALIDE,8e,CERTAIN,SYNTHESE,CONTENU,3,4018,4,0,0.006
8eme/mathematiques/devoirs/Devoir-de-Synthese-N-2-1er-Semestre-Math-8eme-2018-2019-Mr-Abidi-Hedi.pdf,VALIDE,8e,CERTAIN,SYNTHESE,NOM_FICHIER,2,1531,11,0,0.0
8eme/mathematiques/devoirs/Devoir-de-Synthese-N-2-2eme-Semestre-Math-8eme-2018-2019-Mr-OUERGHI-CHOKRI.pdf,VALIDE,8e,CERTAIN,SYNTHESE,NOM_FICHIER,2,2707,16,1,0.001
8eme/mathematiques/devoirs/Devoir-de-Synthese-N-2-College-pilote-Math-8eme-2013-2014-Mr-goui-mouldi.pdf,VALIDE,8e,CERTAIN,SYNTHESE,CONTENU,2,1220,14,0,0.0
8eme/mathematiques/devoirs/Devoir-de-Synthese-N-2-College-pilote-Math-8eme-2021-2022-Mr-ZOUARI-SAMI.pdf,VALIDE,8e,CERTAIN,SYNTHESE,CONTENU,2,1126,11,0,0.0
8eme/mathematiques/devoirs/Devoir-de-Synthese-N-2-Math-8eme-2009-2010-Mr-GAHBICHE-.pdf,VALIDE,8e,CERTAIN,SYNTHESE,CONTENU,2,1383,7,0,0.0
8eme/mathematiques/devoirs/Devoir-de-Synthese-N-2-Math-8eme-2010-2011-Mr-Dhouib-Ridha.pdf,CONTENU_MATH_FAIBLE,8e,CERTAIN,SYNTHESE,NOM_FICHIER,1,2898,1,0,0.005
8eme/mathematiques/devoirs/Devoir-de-Synthese-N-2-Math-8eme-2011-2012-Mr-MEJRI-ZIED.pdf,VALIDE,8e,CERTAIN,SYNTHESE,NOM_FICHIER,2,1241,10,0,0.0
8eme/mathematiques/devoirs/Devoir-de-Synthese-N-2-Math-8eme-2011-2012-Mr-Makram-Trabelsi.pdf,VALIDE,8e,CERTAIN,SYNTHESE,CONTENU,1,1009,9,1,0.0
8eme/mathematiques/devoirs/Devoir-de-Synthese-N-2-Math-8eme-2012-2013-Mr-Barkallah-Lotfi.pdf,VALIDE,8e,CERTAIN,SYNTHESE,CONTENU,1,933,7,0,0.001
8eme/mathematiques/devoirs/Devoir-de-Synthese-N-2-Math-8eme-2013-2014-Mme-zelfani-.pdf,VALIDE,8e,CERTAIN,SYNTHESE,CONTENU,3,5946,12,0,0.0
8eme/mathematiques/devoirs/Devoir-de-Synthese-N-2-Math-8eme-2013-2014-Mr-ABIDI-HEDI-.pdf,VALIDE,8e,CERTAIN,SYNTHESE,CONTENU,2,1323,13,0,0.0
8eme/mathematiques/devoirs/Devoir-de-Synthese-N-2-Math-8eme-2013-2014-Mr-Abidi-hedi.pdf,VALIDE,8e,CERTAIN,SYNTHESE,CONTENU,2,2072,13,0,0.011
8eme/mathematiques/devoirs/Devoir-de-Synthese-N-2-Math-8eme-2013-2014-Mr-boussaffa-.pdf,VALIDE,8e,CERTAIN,SYNTHESE,CONTENU,2,2081,12,0,0.001
8eme/mathematiques/devoirs/Devoir-de-Synthese-N-2-Math-8eme-2014-2015-Mr-Werghi-Chokri.pdf,VALIDE,8e,CERTAIN,SYNTHESE,NOM_FICHIER,2,2766,15,1,0.0
8eme/mathematiques/devoirs/Devoir-de-Synthese-N-2-Math-8eme-2015-2016-Mr-Abidi-Hedi.pdf,VALIDE,8e,CERTAIN,SYNTHESE,CONTENU,2,1482,19,1,0.001
8eme/mathematiques/devoirs/Devoir-de-Synthese-N-2-Math-8eme-2015-2016-Mr-Dabboussi-Faouzi.pdf,ENCODAGE_CORROMPU,8e,CERTAIN,SYNTHESE,NOM_FICHIER,2,3830,14,1,0.147
8eme/mathematiques/devoirs/Devoir-de-Synthese-N-2-Math-8eme-2015-2016-Mr-Mohamed-Ben-Amara.pdf,VALIDE,8e,CERTAIN,SYNTHESE,CONTENU,2,2436,25,0,0.0
8eme/mathematiques/devoirs/Devoir-de-Synthese-N-2-Math-8eme-2016-2017-Mr-Ameur-Mounir.pdf,VALIDE,8e,CERTAIN,SYNTHESE,NOM_FICHIER,4,4868,3,0,0.003
8eme/mathematiques/devoirs/Devoir-de-Synthese-N-2-Math-8eme-2016-2017-Mr-Hafsi-Salem.pdf,VALIDE,8e,CERTAIN,SYNTHESE,CONTENU,3,1027,12,0,0.003
8eme/mathematiques/devoirs/Devoir-de-Synthese-N-2-Math-8eme-2016-2017-Mr-ZOUARI-SAMI.pdf,VALIDE,8e,CERTAIN,SYNTHESE,NOM_FICHIER,2,1194,7,0,0.0
8eme/mathematiques/devoirs/Devoir-de-Synthese-N-2-Math-8eme-2019-2020-Mme-Allani-et-Ayedi-et-Mr-el-Kamel.pdf,VALIDE,8e,CERTAIN,SYNTHESE,CONTENU,2,1296,8,0,0.0
8eme/mathematiques/devoirs/Devoir-de-Synthese-N-2-Math-8eme-2021-2022-Mme-Allani.pdf,ENCODAGE_CORROMPU,8e,CERTAIN,SYNTHESE,CONTENU,3,4634,9,0,0.345
8eme/mathematiques/devoirs/Devoir-de-Synthese-N-2-Math-8eme-2021-2022-Mr-GHARBI-RIDHA-2.pdf,VALIDE,8e,CERTAIN,SYNTHESE,CONTENU,2,1421,14,0,0.0
8eme/mathematiques/devoirs/Devoir-de-Synthese-N-2-Math-8eme-2021-2022-Mr-GHARBI-RIDHA.pdf,VALIDE,8e,CERTAIN,SYNTHESE,CONTENU,2,6525,9,0,0.035
8eme/mathematiques/devoirs/Devoir-de-Synthese-N-2-Math-8eme-2021-2022-Mr-ZOUARI-SAMI.pdf,VALIDE,8e,CERTAIN,SYNTHESE,CONTENU,2,1141,11,0,0.0
8eme/mathematiques/devoirs/Devoir-de-Synthese-N-2-Math-8eme-2022-2023-Mr-GHARBI-RIDHA.pdf,VALIDE,8e,CERTAIN,SYNTHESE,CONTENU,3,1365,14,0,0.001
8eme/mathematiques/devoirs/Devoir-de-Synthese-N-2-Math-8eme-2022-2023-Mr-ZOUARI-SAMI.pdf,VALIDE,8e,CERTAIN,SYNTHESE,CONTENU,2,1456,12,0,0.001
8eme/mathematiques/devoirs/Devoir-de-Synthese-N-2-Math-8eme-2023-2024-.pdf,VALIDE,8e,CERTAIN,SYNTHESE,NOM_FICHIER,3,1359,11,0,0.001
8eme/mathematiques/devoirs/Devoir-de-Synthese-N-2-Math-8eme-2023-2024-2-.pdf,VALIDE,8e,CERTAIN,SYNTHESE,CONTENU,4,1183,9,0,0.006
8eme/mathematiques/devoirs/Devoir-de-Synthese-N-2-Math-8eme-2023-2024-Mr-Ameur-Mounir.pdf,CONTENU_MATH_FAIBLE,8e,CERTAIN,SYNTHESE,NOM_FICHIER,3,427,0,0,0.0
8eme/mathematiques/devoirs/Devoir-de-Synthese-N-2-Math-8eme-2024-2025-Mr-Ameur-Mounir-stamped.pdf,VALIDE,8e,CERTAIN,SYNTHESE,CONTENU,1,964,11,0,0.0
8eme/mathematiques/devoirs/Devoir-de-Synthese-N-3-2eme-Semestre-Math-8eme-2018-2019-Mr-OUERGHI-CHOKRI.pdf,VALIDE,8e,CERTAIN,SYNTHESE,NOM_FICHIER,3,3447,18,1,0.012
8eme/mathematiques/devoirs/Devoir-de-Synthese-N-3-2eme-Semestre-Math-8eme-2018-2019-Mr-Saem-Mongi.pdf,VALIDE,8e,CERTAIN,SYNTHESE,CONTENU,2,4870,11,0,0.041
8eme/mathematiques/devoirs/Devoir-de-Synthese-N-3-Englais-8eme-2023-2024-.pdf,CONTENU_MATH_FAIBLE,8e,CERTAIN,SYNTHESE,NOM_FICHIER,3,3904,0,0,0.001
8eme/mathematiques/devoirs/Devoir-de-Synthese-N-3-Math-8-eme-2023-2022-.pdf,VALIDE,8e,CERTAIN,SYNTHESE,CONTENU,4,1492,14,0,0.005
8eme/mathematiques/devoirs/Devoir-de-Synthese-N-3-Math-8-eme-2023-2022-Mr-Hamed-Abbasi.pdf,VALIDE,8e,CERTAIN,SYNTHESE,CONTENU,3,1852,13,0,0.002
8eme/mathematiques/devoirs/Devoir-de-Synthese-N-3-Math-8eme-2010-2011-Mme-Alya.pdf,CONTENU_MATH_FAIBLE,8e,CERTAIN,SYNTHESE,NOM_FICHIER,3,1311,1,0,0.008
8eme/mathematiques/devoirs/Devoir-de-Synthese-N-3-Math-8eme-2010-2011-Mr-Dhouib-Ridha.pdf,CONTENU_MATH_FAIBLE,8e,CERTAIN,SYNTHESE,NOM_FICHIER,3,4819,1,0,0.01
8eme/mathematiques/devoirs/Devoir-de-Synthese-N-3-Math-8eme-2010-2011-Mr-Riahi-Riadh.pdf,VALIDE,8e,CERTAIN,SYNTHESE,CONTENU,2,1423,11,0,0.0
8eme/mathematiques/devoirs/Devoir-de-Synthese-N-3-Math-8eme-2011-2012-Mr-BARKALLAH-Lotfi.pdf,VALIDE,8e,CERTAIN,SYNTHESE,CONTENU,2,1986,20,1,0.001
8eme/mathematiques/devoirs/Devoir-de-Synthese-N-3-Math-8eme-2011-2012-Mr-ben-amor-mohamed.pdf,VALIDE,8e,CERTAIN,SYNTHESE,CONTENU,8,1373,8,0,0.0
8eme/mathematiques/devoirs/Devoir-de-Synthese-N-3-Math-8eme-2011-2012-Mr-gharsalli-zinelabidine.pdf,VALIDE,8e,CERTAIN,SYNTHESE,NOM_FICHIER,2,2537,10,0,0.007
8eme/mathematiques/devoirs/Devoir-de-Synthese-N-3-Math-8eme-2011-2012-Mr-ouerghi-chokri.pdf,VALIDE,8e,CERTAIN,SYNTHESE,NOM_FICHIER,4,2441,19,1,0.001
8eme/mathematiques/devoirs/Devoir-de-Synthese-N-3-Math-8eme-2013-2014-Mr-Achouri.pdf,VALIDE,8e,CERTAIN,SYNTHESE,CONTENU,4,2625,15,0,0.001
8eme/mathematiques/devoirs/Devoir-de-Synthese-N-3-Math-8eme-2013-2014-Mr-Dekhili.pdf,VALIDE,8e,CERTAIN,SYNTHESE,CONTENU,2,3316,12,0,0.0
8eme/mathematiques/devoirs/Devoir-de-Synthese-N-3-Math-8eme-2013-2014-Mr-kallel-bilel.pdf,VALIDE,8e,CERTAIN,SYNTHESE,CONTENU,4,1810,18,0,0.001
8eme/mathematiques/devoirs/Devoir-de-Synthese-N-3-Math-8eme-2014-2015-Mlle-Dissem-Yosr.pdf,VALIDE,8e,CERTAIN,SYNTHESE,CONTENU,2,1885,17,0,0.001
8eme/mathematiques/devoirs/Devoir-de-Synthese-N-3-Math-8eme-2014-2015-Mr-Ameur-Mounir.pdf,VALIDE,8e,CERTAIN,SYNTHESE,CONTENU,3,1934,18,1,0.001
8eme/mathematiques/devoirs/Devoir-de-Synthese-N-3-Math-8eme-2014-2015-Mr-BEN-AMARA-MOHAMED.pdf,VALIDE,8e,CERTAIN,SYNTHESE,CONTENU,2,2316,21,0,0.0
8eme/mathematiques/devoirs/Devoir-de-Synthese-N-3-Math-8eme-2014-2015-Mr-Dkhili.pdf,VALIDE,8e,CERTAIN,SYNTHESE,CONTENU,2,2549,13,0,0.0
8eme/mathematiques/devoirs/Devoir-de-Synthese-N-3-Math-8eme-2014-2015-Mr-Mohamed-Ben-Amara.pdf,VALIDE,8e,CERTAIN,SYNTHESE,CONTENU,2,2329,21,0,0.0
8eme/mathematiques/devoirs/Devoir-de-Synthese-N-3-Math-8eme-2014-2015-Mr-ZOUARI-SAMI.pdf,VALIDE,8e,CERTAIN,SYNTHESE,CONTENU,2,4420,14,0,0.002
8eme/mathematiques/devoirs/Devoir-de-Synthese-N-3-Math-8eme-2015-2016-Mr-ouerghi-chokri.pdf,ENCODAGE_CORROMPU,8e,CERTAIN,SYNTHESE,NOM_FICHIER,4,3577,25,1,0.101
8eme/mathematiques/devoirs/Devoir-de-Synthese-N-3-Math-8eme-2021-2022-Mr-GHARBI-RIDHA.pdf,VALIDE,8e,CERTAIN,SYNTHESE,CONTENU,2,1331,16,0,0.001
8eme/mathematiques/devoirs/Devoir-de-Synthese-N-3-Math-8eme-2021-2022-Mr-ZOUARI-SAMI-1-.pdf,VALIDE,8e,CERTAIN,SYNTHESE,CONTENU,2,1333,14,0,0.002
8eme/mathematiques/devoirs/Devoir-de-Synthese-N-3-Math-8eme-2021-2022-Mr-ZOUARI-SAMI.pdf,VALIDE,8e,CERTAIN,SYNTHESE,CONTENU,2,1331,14,0,0.002
8eme/mathematiques/devoirs/Devoir-de-Synthese-N-3-Math-8eme-2022-2023-Mr-GHARBI-RIDHA.pdf,VALIDE,8e,CERTAIN,SYNTHESE,CONTENU,3,2005,16,0,0.0
8eme/mathematiques/devoirs/Devoir-de-Synthese-N-3-Math-8eme-2022-2023-Mr-ZOUARI-SAMI.pdf,VALIDE,8e,CERTAIN,SYNTHESE,CONTENU,3,1802,16,1,0.001
8eme/mathematiques/devoirs/Devoir-de-Synthese-N-3-Math-8eme-2023-2024-.pdf,VALIDE,8e,CERTAIN,SYNTHESE,CONTENU,2,1452,13,1,0.001
8eme/mathematiques/devoirs/Devoir-de-Synthese-N-3-Math-8eme-2023-2024-2-.pdf,VALIDE,8e,CERTAIN,SYNTHESE,CONTENU,3,1836,15,0,0.002
8eme/mathematiques/devoirs/Devoir-de-Synthese-N-3-Math-8eme-2023-2024-3-.pdf,VALIDE,8e,CERTAIN,SYNTHESE,CONTENU,4,1463,14,0,0.006
8eme/mathematiques/devoirs/Devoir-de-controle-N-3-Math-8eme-2009-2010-Mr-gary-badredine.pdf,VALIDE,8e,CERTAIN,CONTROLE,NOM_FICHIER,21,22668,3,0,0.038
8eme/mathematiques/devoirs/Devoir-de-controle-N-3-Math-8eme-2011-2012-Mr-Makram-trabelsi.pdf,VALIDE,8e,CERTAIN,CONTROLE,NOM_FICHIER,1,970,7,1,0.0
8eme/mathematiques/devoirs/Devoir-de-controle-N-4-Math-8eme-2009-2010-Mr-Habib-Mestiri.pdf,CONTENU_MATH_FAIBLE,8e,CERTAIN,CONTROLE,NOM_FICHIER,2,7349,0,0,0.015
8eme/mathematiques/devoirs/Devoir-de-controle-N-4-Math-8eme-2011-2012-Mr-Makram-trabelsi.pdf,VALIDE,8e,CERTAIN,CONTROLE,NOM_FICHIER,1,806,7,1,0.001
8eme/mathematiques/devoirs/Devoir-de-controle-N-5-Math-8eme-2009-2010-Mr-Mohamed-Adel.pdf,MIXTE_college_lycee,8e,CERTAIN,CONTROLE,NOM_FICHIER,2,1355,5,2,0.0
8eme/mathematiques/devoirs/Devoir-de-controle-N-5-Math-8eme-College-pilote-Les-berges-du-lac-Mr-Faouzi-El-Gharbi.pdf,VALIDE,8e,CERTAIN,CONTROLE,NOM_FICHIER,3,7438,14,1,0.0
8eme/mathematiques/devoirs/Devoir-de-controle-N-6-Math-8eme-2009-2010-Mr-Al-Gharsalli.pdf,VALIDE,8e,CERTAIN,CONTROLE,NOM_FICHIER,2,3054,9,0,0.003
8eme/mathematiques/devoirs/Devoir-de-maison-N-1-Math-8eme.pdf,VALIDE,8e,CERTAIN,MAISON,CONTENU,1,818,9,0,0.0
8eme/mathematiques/devoirs/Devoir-de-synthese-2-Math-8eme-2022-2023-Mr-GHARBI-RIDHA.pdf,VALIDE,8e,CERTAIN,SYNTHESE,CONTENU,3,3272,9,0,0.0
8eme/mathematiques/devoirs/Devoir-de-synthese-N-2-MAth-8eme-2009-2010-Mr-Bouraoui-Boukadida.pdf,VALIDE,8e,CERTAIN,SYNTHESE,NOM_FICHIER,2,1309,9,0,0.004
8eme/mathematiques/devoirs/Devoir-de-synthese-N-2-Math-8eme-2009-2010-Mr-Essaidi.pdf,VALIDE,8e,CERTAIN,SYNTHESE,NOM_FICHIER,2,2597,3,1,0.043
8eme/mathematiques/devoirs/Devoir-de-synthese-N-2-Math-8eme-College-pilote-Les-berges-du-lac-Mr-Faouzi-El-Gharbi-2.pdf,VALIDE,8e,CERTAIN,SYNTHESE,NOM_FICHIER,2,2707,13,0,0.0
8eme/mathematiques/devoirs/Devoir-de-synthese-N-2-Math-8eme-College-pilote-Les-berges-du-lac-Mr-Faouzi-El-Gharbi-3.pdf,VALIDE,8e,CERTAIN,SYNTHESE,NOM_FICHIER,2,1718,14,0,0.0
8eme/mathematiques/devoirs/Devoir-de-synthese-N-2-Math-8eme-College-pilote-Les-berges-du-lac-Mr-Faouzi-El-Gharbi.pdf,VALIDE,8e,CERTAIN,SYNTHESE,NOM_FICHIER,1,1607,11,0,0.0
8eme/mathematiques/devoirs/Devoir-de-synthese-N-3-Math-8eme-2009-2010-Mr-Bouraoui.pdf,CONTENU_MATH_FAIBLE,8e,CERTAIN,SYNTHESE,NOM_FICHIER,1,2369,1,0,0.005
8eme/mathematiques/devoirs/Devoir-de-synthese-Technolgie-N-2-8eme-2008-2009-.pdf,CONTENU_MATH_FAIBLE,8e,CERTAIN,SYNTHESE,CONTENU,2,902,1,0,0.0
8eme/mathematiques/devoirs/EnsembleQ_part1.pdf,VALIDE,8e,INCERTAIN,DEVOIR_INDETERMINE,DOSSIER,2,1684,9,0,0.033
8eme/mathematiques/devoirs/EnsembleQ_part2.pdf,VALIDE,8e,INCERTAIN,DEVOIR_INDETERMINE,DOSSIER,3,2029,8,0,0.002
8eme/mathematiques/devoirs/EnsembleQ_part3.pdf,VALIDE,8e,INCERTAIN,DEVOIR_INDETERMINE,DOSSIER,1,1496,7,0,0.041
8eme/mathematiques/devoirs/EnsembleQ_part4.pdf,VALIDE,8e,INCERTAIN,DEVOIR_INDETERMINE,DOSSIER,3,4276,11,0,0.058
8eme/mathematiques/devoirs/Equations_part1.pdf,VALIDE,8e,INCERTAIN,DEVOIR_INDETERMINE,DOSSIER,3,2031,13,1,0.029
8eme/mathematiques/devoirs/Equations_part2.pdf,VALIDE,8e,INCERTAIN,DEVOIR_INDETERMINE,DOSSIER,2,1157,4,0,0.031
8eme/mathematiques/devoirs/Equations_part3.pdf,VALIDE,8e,INCERTAIN,DEVOIR_INDETERMINE,DOSSIER,2,2895,17,1,0.011
8eme/mathematiques/devoirs/Equations_part4.pdf,VALIDE,8e,INCERTAIN,DEVOIR_INDETERMINE,DOSSIER,6,8024,15,0,0.06
8eme/mathematiques/devoirs/Equations_part5.pdf,VALIDE,8e,INCERTAIN,DEVOIR_INDETERMINE,DOSSIER,1,1428,4,0,0.057
8eme/mathematiques/devoirs/Espace_part1.pdf,VALIDE,8e,INCERTAIN,DEVOIR_INDETERMINE,DOSSIER,12,16024,12,0,0.051
8eme/mathematiques/devoirs/Espace_part2.pdf,VALIDE,8e,INCERTAIN,DEVOIR_INDETERMINE,DOSSIER,2,1598,6,0,0.021
8eme/mathematiques/devoirs/ExprAlgeb_part1.pdf,VALIDE,8e,INCERTAIN,DEVOIR_INDETERMINE,DOSSIER,6,4960,14,0,0.002
8eme/mathematiques/devoirs/ExprAlgeb_part2.pdf,VALIDE,8e,INCERTAIN,DEVOIR_INDETERMINE,DOSSIER,1,747,11,0,0.019
8eme/mathematiques/devoirs/Prod_Quot_Q_part1.pdf,VALIDE,8e,INCERTAIN,DEVOIR_INDETERMINE,DOSSIER,8,5049,9,0,0.011
8eme/mathematiques/devoirs/Prod_Quot_Q_part2.pdf,VALIDE,8e,INCERTAIN,DEVOIR_INDETERMINE,DOSSIER,1,579,8,0,0.003
8eme/mathematiques/devoirs/Prod_Quot_Q_part3.pdf,VALIDE,8e,INCERTAIN,DEVOIR_INDETERMINE,DOSSIER,2,920,8,0,0.004
8eme/mathematiques/devoirs/Prod_Quot_Q_part4.pdf,VALIDE,8e,INCERTAIN,DEVOIR_INDETERMINE,DOSSIER,6,3911,10,0,0.007
8eme/mathematiques/devoirs/Prod_Quot_Q_part5.pdf,VALIDE,8e,INCERTAIN,DEVOIR_INDETERMINE,DOSSIER,4,5080,8,0,0.045
8eme/mathematiques/devoirs/Propor_part1.pdf,VALIDE,8e,INCERTAIN,DEVOIR_INDETERMINE,DOSSIER,5,6065,11,0,0.023
8eme/mathematiques/devoirs/Propor_part2.pdf,VALIDE,8e,INCERTAIN,DEVOIR_INDETERMINE,DOSSIER,2,2625,11,0,0.018
8eme/mathematiques/devoirs/Puiss_Q_part1.pdf,VALIDE,8e,INCERTAIN,DEVOIR_INDETERMINE,DOSSIER,5,5874,12,0,0.038
8eme/mathematiques/devoirs/Puiss_Q_part2.pdf,VALIDE,8e,INCERTAIN,DEVOIR_INDETERMINE,DOSSIER,9,5012,11,0,0.009
8eme/mathematiques/devoirs/Puiss_Q_part3.pdf,VALIDE,8e,INCERTAIN,DEVOIR_INDETERMINE,DOSSIER,8,5434,12,0,0.004
8eme/mathematiques/devoirs/Puiss_Q_part4.pdf,VALIDE,8e,INCERTAIN,DEVOIR_INDETERMINE,DOSSIER,8,5087,10,0,0.019
8eme/mathematiques/devoirs/PyrConeSphere_part1.pdf,VALIDE,8e,INCERTAIN,DEVOIR_INDETERMINE,DOSSIER,2,1745,9,0,0.012
8eme/mathematiques/devoirs/PyrConeSphere_part2.pdf,VALIDE,8e,INCERTAIN,DEVOIR_INDETERMINE,DOSSIER,6,5055,11,0,0.021
8eme/mathematiques/devoirs/PyrConeSphere_part3.pdf,VALIDE,8e,INCERTAIN,DEVOIR_INDETERMINE,DOSSIER,2,2363,9,0,0.012
8eme/mathematiques/devoirs/PyrConeSphere_part4.pdf,VALIDE,8e,INCERTAIN,DEVOIR_INDETERMINE,DOSSIER,3,2796,10,0,0.025
8eme/mathematiques/devoirs/Quadri_part1.pdf,VALIDE,8e,INCERTAIN,DEVOIR_INDETERMINE,DOSSIER,5,4437,6,0,0.019
8eme/mathematiques/devoirs/Quadri_part2.pdf,VALIDE,8e,INCERTAIN,DEVOIR_INDETERMINE,DOSSIER,5,4451,12,0,0.022
8eme/mathematiques/devoirs/Quadri_part3.pdf,VALIDE,8e,INCERTAIN,DEVOIR_INDETERMINE,DOSSIER,17,15079,13,1,0.016
8eme/mathematiques/devoirs/Quadri_part4.pdf,MIXTE_college_lycee,8e,INCERTAIN,DEVOIR_INDETERMINE,DOSSIER,5,6706,11,2,0.013
8eme/mathematiques/devoirs/Stat_part1.pdf,VALIDE,8e,INCERTAIN,DEVOIR_INDETERMINE,DOSSIER,5,5463,7,0,0.005
8eme/mathematiques/devoirs/Stat_part2.pdf,VALIDE,8e,CERTAIN,SYNTHESE,CONTENU,5,5372,10,1,0.003
8eme/mathematiques/devoirs/Stat_part3.pdf,VALIDE,8e,INCERTAIN,DEVOIR_INDETERMINE,DOSSIER,3,3226,8,0,0.014
8eme/mathematiques/devoirs/Stat_part4.pdf,VALIDE,8e,INCERTAIN,DEVOIR_INDETERMINE,DOSSIER,6,7605,9,1,0.006
8eme/mathematiques/devoirs/Stat_part5.pdf,VALIDE,8e,INCERTAIN,DEVOIR_INDETERMINE,DOSSIER,2,2776,6,0,0.02
8eme/mathematiques/devoirs/SymCentr_part1.pdf,VALIDE,8e,INCERTAIN,DEVOIR_INDETERMINE,DOSSIER,6,5811,11,0,0.021
8eme/mathematiques/devoirs/SymCentr_part2.pdf,VALIDE,8e,INCERTAIN,DEVOIR_INDETERMINE,DOSSIER,10,14253,14,1,0.038
8eme/mathematiques/devoirs/SymCentr_part3.pdf,VALIDE,8e,INCERTAIN,DEVOIR_INDETERMINE,DOSSIER,20,23663,17,1,0.02
8eme/mathematiques/devoirs/SymCentr_part4.pdf,VALIDE,8e,INCERTAIN,DEVOIR_INDETERMINE,DOSSIER,3,3192,11,0,0.013
8eme/mathematiques/devoirs/angles_part1.pdf,VALIDE,8e,INCERTAIN,DEVOIR_INDETERMINE,DOSSIER,9,8659,9,1,0.02
8eme/mathematiques/devoirs/angles_part2.pdf,VALIDE,8e,INCERTAIN,DEVOIR_INDETERMINE,DOSSIER,13,13736,14,1,0.029
8eme/mathematiques/devoirs/controle6-8-2022.pdf,ENCODAGE_CORROMPU,8e,CERTAIN,DEVOIR_INDETERMINE,DOSSIER,4,8809,12,0,0.062
8eme/mathematiques/devoirs/ensembleZ_part1.pdf,VALIDE,8e,INCERTAIN,DEVOIR_INDETERMINE,DOSSIER,6,8759,8,0,0.057
8eme/mathematiques/devoirs/ensembleZ_part2.pdf,VALIDE,8e,INCERTAIN,DEVOIR_INDETERMINE,DOSSIER,2,1496,8,0,0.019
8eme/mathematiques/devoirs/operationsZ_part1.pdf,VALIDE,8e,INCERTAIN,DEVOIR_INDETERMINE,DOSSIER,3,2328,7,0,0.02
8eme/mathematiques/devoirs/operationsZ_part2.pdf,VALIDE,8e,INCERTAIN,DEVOIR_INDETERMINE,DOSSIER,8,6235,8,0,0.012
8eme/mathematiques/devoirs/operationsZ_part3.pdf,VALIDE,8e,INCERTAIN,DEVOIR_INDETERMINE,DOSSIER,3,2082,7,0,0.003
8eme/mathematiques/devoirs/operationsZ_part4.pdf,VALIDE,8e,INCERTAIN,DEVOIR_INDETERMINE,DOSSIER,13,10701,8,0,0.012
8eme/mathematiques/devoirs/operationsZ_part5.pdf,VALIDE,8e,INCERTAIN,DEVOIR_INDETERMINE,DOSSIER,6,4223,5,0,0.014
8eme/mathematiques/exercices/1-8--2.pdf,VALIDE,8e,CERTAIN,SERIE,DOSSIER,38,112935,3,1,0.001
8eme/mathematiques/exercices/1-8-.pdf,CONTENU_MATH_FAIBLE,8e,CERTAIN,SERIE,DOSSIER,4,5581,0,0,0.001
8eme/mathematiques/exercices/1-8-2007-2008--2.pdf,VALIDE,8e,CERTAIN,SERIE,DOSSIER,3,2547,2,0,0.003
8eme/mathematiques/exercices/1-8-2007-2008--3.pdf,CONTENU_MATH_FAIBLE,8e,CERTAIN,SERIE,DOSSIER,1,507,1,0,0.002
8eme/mathematiques/exercices/1-8-2007-2008--4.pdf,VALIDE,8e,CERTAIN,SYNTHESE,CONTENU,3,2744,4,0,0.001
8eme/mathematiques/exercices/1-8-2007-2008-.pdf,CONTENU_MATH_FAIBLE,8e,CERTAIN,SERIE,DOSSIER,1,389,1,0,0.003
8eme/mathematiques/exercices/1-8-2009-2010--2.pdf,CONTENU_MATH_FAIBLE,8e,CERTAIN,SYNTHESE,CONTENU,2,2458,0,0,0.0
8eme/mathematiques/exercices/1-8-2009-2010-.pdf,CONTENU_MATH_FAIBLE,8e,CERTAIN,SERIE,DOSSIER,1,1994,1,0,0.001
8eme/mathematiques/exercices/1-8-2009-2010-1.pdf,VALIDE,8e,CERTAIN,SYNTHESE,CONTENU,2,2212,4,1,0.002
8eme/mathematiques/exercices/1-8-2009-2010-3.pdf,VALIDE,8e,CERTAIN,SYNTHESE,CONTENU,3,2305,3,0,0.0
8eme/mathematiques/exercices/1-8-2010-2009-.pdf,VALIDE,8e,CERTAIN,SERIE,DOSSIER,1,2480,2,1,0.002
8eme/mathematiques/exercices/1-8-2010-2011--2.pdf,VALIDE,8e,CERTAIN,SYNTHESE,CONTENU,1,584,3,0,0.003
8eme/mathematiques/exercices/1-8-2010-2011--3.pdf,CONTENU_MATH_FAIBLE,8e,CERTAIN,SERIE,DOSSIER,1,2018,0,0,0.0
8eme/mathematiques/exercices/1-8-2010-2011-.pdf,VALIDE,8e,CERTAIN,SERIE,DOSSIER,3,3108,3,0,0.001
8eme/mathematiques/exercices/1-8-2010-2011-2.pdf,VALIDE,8e,CERTAIN,SERIE,DOSSIER,3,3568,2,0,0.002
8eme/mathematiques/exercices/1-8-2012-2011--10.pdf,VALIDE,8e,CERTAIN,SERIE,DOSSIER,3,3614,2,0,0.0
8eme/mathematiques/exercices/1-8-2012-2011--2.pdf,CONTENU_MATH_FAIBLE,8e,CERTAIN,SERIE,DOSSIER,4,7092,0,0,0.0
8eme/mathematiques/exercices/1-8-2012-2011--3.pdf,CONTENU_MATH_FAIBLE,8e,CERTAIN,SERIE,DOSSIER,3,2720,0,0,0.01
8eme/mathematiques/exercices/1-8-2012-2011--4.pdf,CONTENU_MATH_FAIBLE,8e,CERTAIN,SERIE,DOSSIER,1,888,1,0,0.0
8eme/mathematiques/exercices/1-8-2012-2011--5.pdf,CONTENU_MATH_FAIBLE,8e,CERTAIN,SYNTHESE,CONTENU,4,6414,0,0,0.001
8eme/mathematiques/exercices/1-8-2012-2011--6.pdf,CONTENU_MATH_FAIBLE,8e,CERTAIN,SERIE,DOSSIER,4,579,1,0,0.003
8eme/mathematiques/exercices/1-8-2012-2011--7.pdf,VALIDE,8e,CERTAIN,SYNTHESE,CONTENU,4,6374,4,1,0.001
8eme/mathematiques/exercices/1-8-2012-2011--8.pdf,VALIDE,8e,CERTAIN,SYNTHESE,CONTENU,1,748,10,0,0.0
8eme/mathematiques/exercices/1-8-2012-2011--9.pdf,CONTENU_MATH_FAIBLE,8e,CERTAIN,SERIE,DOSSIER,1,2054,1,0,0.002
8eme/mathematiques/exercices/1-8-2012-2011-.pdf,CONTENU_MATH_FAIBLE,8e,CERTAIN,CONTROLE,CONTENU,1,635,0,0,0.0
8eme/mathematiques/exercices/1-8-2013-2012--2.pdf,HORS_MATIERE:arabe,8e,CERTAIN,CONTROLE,CONTENU,4,4156,1,0,0.0
8eme/mathematiques/exercices/1-8-2013-2012-.pdf,HORS_MATIERE:arabe,8e,CERTAIN,CONTROLE,CONTENU,4,4156,1,0,0.0
8eme/mathematiques/exercices/1-8-2014-2013--2.pdf,CONTENU_MATH_FAIBLE,8e,CERTAIN,SERIE,DOSSIER,2,4036,1,1,0.0
8eme/mathematiques/exercices/1-8-2014-2013-.pdf,CONTENU_MATH_FAIBLE,8e,CERTAIN,CONTROLE,CONTENU,3,4195,1,1,0.001
8eme/mathematiques/exercices/1-8-2014-2015--2.pdf,CONTENU_MATH_FAIBLE,8e,CERTAIN,SERIE,DOSSIER,1,3956,0,0,0.0
8eme/mathematiques/exercices/1-8-2014-2015-.pdf,VALIDE,8e,CERTAIN,SERIE,DOSSIER,3,6377,2,1,0.001
8eme/mathematiques/exercices/1-8-2017-2018-.pdf,VALIDE,8e,CERTAIN,SERIE,DOSSIER,3,4482,2,0,0.0
8eme/mathematiques/exercices/1-8-2018-2019-.pdf,CONTENU_MATH_FAIBLE,8e,CERTAIN,SERIE,DOSSIER,1,1896,1,1,0.0
8eme/mathematiques/exercices/1-8.pdf,VALIDE,8e,INCERTAIN,SYNTHESE,CONTENU,3,2624,2,1,0.0
8eme/mathematiques/exercices/2-8--2.pdf,VALIDE,8e,CERTAIN,SERIE,DOSSIER,1,332,2,0,0.0
8eme/mathematiques/exercices/2-8--3.pdf,CONTENU_MATH_FAIBLE,8e,CERTAIN,SERIE,DOSSIER,3,5734,1,0,0.001
8eme/mathematiques/exercices/2-8--4.pdf,VALIDE,8e,CERTAIN,SYNTHESE,CONTENU,3,4857,3,0,0.0
8eme/mathematiques/exercices/2-8--5.pdf,CONTENU_MATH_FAIBLE,8e,CERTAIN,SERIE,DOSSIER,2,3412,1,0,0.0
8eme/mathematiques/exercices/2-8-.pdf,VALIDE,8e,CERTAIN,SYNTHESE,CONTENU,1,832,2,0,0.0
8eme/mathematiques/exercices/2-8-2-2.pdf,CONTENU_MATH_FAIBLE,8e,CERTAIN,SERIE,DOSSIER,1,5360,1,0,0.0
8eme/mathematiques/exercices/2-8-2.pdf,VALIDE,8e,CERTAIN,SERIE,DOSSIER,1,380,2,0,0.0
8eme/mathematiques/exercices/2-8-2007-2008--2.pdf,CONTENU_MATH_FAIBLE,8e,CERTAIN,SYNTHESE,CONTENU,2,1237,1,0,0.0
8eme/mathematiques/exercices/2-8-2007-2008--3.pdf,HORS_MATIERE:arabe,8e,CERTAIN,SYNTHESE,CONTENU,3,2629,2,0,0.001
8eme/mathematiques/exercices/2-8-2007-2008-.pdf,VALIDE,8e,CERTAIN,SERIE,DOSSIER,3,2114,2,0,0.0
8eme/mathematiques/exercices/2-8-2008-2009-1.pdf,CONTENU_MATH_FAIBLE,8e,CERTAIN,SERIE,DOSSIER,3,6240,0,0,0.001
8eme/mathematiques/exercices/2-8-2009-2010-.pdf,CONTENU_MATH_FAIBLE,8e,CERTAIN,SERIE,DOSSIER,1,5352,1,0,0.0
8eme/mathematiques/exercices/2-8-2010-2011--2.pdf,VALIDE,8e,CERTAIN,SERIE,DOSSIER,3,2385,4,0,0.003
8eme/mathematiques/exercices/2-8-2010-2011--3.pdf,CONTENU_MATH_FAIBLE,8e,CERTAIN,SYNTHESE,CONTENU,2,1769,1,0,0.0
8eme/mathematiques/exercices/2-8-2010-2011-.pdf,CONTENU_MATH_FAIBLE,8e,CERTAIN,SERIE,DOSSIER,1,426,1,0,0.0
8eme/mathematiques/exercices/2-8-2010-2011-2-2.pdf,HORS_MATIERE:arabe,8e,CERTAIN,SERIE,DOSSIER,3,2749,2,1,0.001
8eme/mathematiques/exercices/2-8-2010-2011-2.pdf,CONTENU_MATH_FAIBLE,8e,CERTAIN,SERIE,DOSSIER,1,458,1,0,0.002
8eme/mathematiques/exercices/2-8-2010-2011-3.pdf,VALIDE,8e,CERTAIN,SERIE,DOSSIER,3,2605,3,1,0.0
8eme/mathematiques/exercices/2-8-2012-2011--2.pdf,CONTENU_MATH_FAIBLE,8e,CERTAIN,SYNTHESE,CONTENU,1,1050,1,1,0.0
8eme/mathematiques/exercices/2-8-2012-2011--3.pdf,CONTENU_MATH_FAIBLE,8e,CERTAIN,SERIE,DOSSIER,1,344,1,1,0.0
8eme/mathematiques/exercices/2-8-2012-2011--4.pdf,CONTENU_MATH_FAIBLE,8e,CERTAIN,SYNTHESE,CONTENU,1,464,1,1,0.0
8eme/mathematiques/exercices/2-8-2012-2011--5.pdf,CONTENU_MATH_FAIBLE,8e,CERTAIN,SERIE,DOSSIER,1,732,0,1,0.0
8eme/mathematiques/exercices/2-8-2012-2011-.pdf,CONTENU_MATH_FAIBLE,8e,CERTAIN,SERIE,DOSSIER,4,567,1,0,0.003
8eme/mathematiques/exercices/2-8-2012-2011-2.pdf,CONTENU_MATH_FAIBLE,8e,CERTAIN,SYNTHESE,CONTENU,1,690,1,1,0.0
8eme/mathematiques/exercices/2-8-2012-2011-wejdan-nasr.pdf,VALIDE,8e,CERTAIN,SERIE,DOSSIER,2,5748,3,0,0.0
8eme/mathematiques/exercices/2-8-2013-2012--2.pdf,VALIDE,8e,CERTAIN,SYNTHESE,CONTENU,1,1504,2,1,0.0
8eme/mathematiques/exercices/2-8-2013-2012-.pdf,CONTENU_MATH_FAIBLE,8e,CERTAIN,SERIE,DOSSIER,1,5359,1,0,0.0
8eme/mathematiques/exercices/2-8-2013-2012.pdf,VALIDE,8e,CERTAIN,SERIE,DOSSIER,2,5748,3,0,0.0
8eme/mathematiques/exercices/2-8-2014-2013--2.pdf,CONTENU_MATH_FAIBLE,8e,CERTAIN,SYNTHESE,CONTENU,4,4754,1,1,0.005
8eme/mathematiques/exercices/2-8-2014-2013-.pdf,ENCODAGE_CORROMPU,8e,CERTAIN,SYNTHESE,CONTENU,1,1413,2,0,0.757
8eme/mathematiques/exercices/2-8-2014-2015--2.pdf,ENCODAGE_CORROMPU,8e,CERTAIN,CONTROLE,CONTENU,1,702,4,0,0.243
8eme/mathematiques/exercices/2-8-2014-2015-.pdf,VALIDE,8e,CERTAIN,SERIE,DOSSIER,2,3768,11,0,0.017
8eme/mathematiques/exercices/2-8-2015-2016-.pdf,VALIDE,8e,CERTAIN,CONTROLE,CONTENU,2,2084,3,1,0.0
8eme/mathematiques/exercices/2-8-2016-2017-.pdf,VALIDE,8e,CERTAIN,SYNTHESE,CONTENU,2,4820,6,0,0.001
8eme/mathematiques/exercices/2-8-2022-2023-Mr-Hamdi-Haloui-et-Mme-Raja-Aounallah.pdf,VALIDE,8e,CERTAIN,SERIE,DOSSIER,3,4027,3,1,0.0
8eme/mathematiques/exercices/2-8-2023-2024--2.pdf,VALIDE,8e,CERTAIN,SERIE,DOSSIER,2,1558,3,0,0.0
8eme/mathematiques/exercices/2-8-2023-2024--3.pdf,VALIDE,8e,CERTAIN,SYNTHESE,CONTENU,2,1469,2,0,0.001
8eme/mathematiques/exercices/2-8-2023-2024-.pdf,VALIDE,8e,CERTAIN,CONTROLE,CONTENU,2,1661,4,0,0.001
8eme/mathematiques/exercices/2-8-2023-2024-10.pdf,VALIDE,8e,CERTAIN,SYNTHESE,CONTENU,2,873,3,1,0.0
8eme/mathematiques/exercices/2-8-2023-2024-11.pdf,VALIDE,8e,CERTAIN,CONTROLE,CONTENU,2,1837,2,0,0.003
8eme/mathematiques/exercices/2-8-2023-2024-2--2.pdf,VALIDE,8e,CERTAIN,SERIE,DOSSIER,4,3776,3,1,0.0
8eme/mathematiques/exercices/2-8-2023-2024-2--3.pdf,VALIDE,8e,CERTAIN,SERIE,DOSSIER,5,3193,2,0,0.0
8eme/mathematiques/exercices/2-8-2023-2024-2--4.pdf,VALIDE,8e,CERTAIN,CONTROLE,CONTENU,2,501,3,0,0.0
8eme/mathematiques/exercices/2-8-2023-2024-2-.pdf,VALIDE,8e,CERTAIN,CONTROLE,CONTENU,3,2384,3,1,0.001
8eme/mathematiques/exercices/2-8-2023-2024-2.pdf,VALIDE,8e,CERTAIN,SERIE,DOSSIER,3,3686,2,0,0.001
8eme/mathematiques/exercices/2-8-2023-2024-3-.pdf,VALIDE,8e,CERTAIN,SERIE,DOSSIER,2,2306,3,0,0.0
8eme/mathematiques/exercices/2-8-2023-2024-3.pdf,VALIDE,8e,CERTAIN,SERIE,DOSSIER,3,2515,2,0,0.0
8eme/mathematiques/exercices/2-8-2023-2024-4-.pdf,VALIDE,8e,CERTAIN,CONTROLE,CONTENU,2,2301,3,0,0.0
8eme/mathematiques/exercices/2-8-2023-2024-4.pdf,VALIDE,8e,CERTAIN,CONTROLE,CONTENU,2,844,4,0,0.0
8eme/mathematiques/exercices/2-8-2023-2024-5.pdf,VALIDE,8e,CERTAIN,CONTROLE,CONTENU,1,410,3,0,0.0
8eme/mathematiques/exercices/2-8-2023-2024-6.pdf,VALIDE,8e,CERTAIN,SYNTHESE,CONTENU,2,1418,5,0,0.0
8eme/mathematiques/exercices/2-8-2023-2024-7.pdf,VALIDE,8e,CERTAIN,SYNTHESE,CONTENU,2,1639,4,0,0.0
8eme/mathematiques/exercices/2-8-2023-2024-8.pdf,VALIDE,8e,CERTAIN,SERIE,DOSSIER,2,864,2,1,0.0
8eme/mathematiques/exercices/2-8-2023-2024-9.pdf,VALIDE,8e,CERTAIN,CONTROLE,CONTENU,1,791,2,1,0.0
8eme/mathematiques/exercices/2-8-2023-2024.pdf,HORS_MATIERE:arabe,8e,CERTAIN,SERIE,DOSSIER,3,2321,1,0,0.001
8eme/mathematiques/exercices/2-8-3-2.pdf,VALIDE,8e,CERTAIN,SERIE,DOSSIER,2,5748,3,0,0.0
8eme/mathematiques/exercices/2-8-3.pdf,VALIDE,8e,CERTAIN,SERIE,DOSSIER,1,271,2,0,0.0
8eme/mathematiques/exercices/2-8.pdf,CONTENU_MATH_FAIBLE,8e,INCERTAIN,SERIE,DOSSIER,3,3708,1,0,0.002
8eme/mathematiques/exercices/3-8--2.pdf,VALIDE,8e,CERTAIN,SYNTHESE,CONTENU,2,1926,4,0,0.003
8eme/mathematiques/exercices/3-8-.pdf,VALIDE,8e,CERTAIN,SYNTHESE,CONTENU,3,2595,9,0,0.001
8eme/mathematiques/exercices/3-8-1-2.pdf,VALIDE,8e,CERTAIN,SYNTHESE,CONTENU,4,954,7,0,0.004
8eme/mathematiques/exercices/3-8-2.pdf,VALIDE,8e,CERTAIN,SYNTHESE,CONTENU,1,4391,3,0,0.02
8eme/mathematiques/exercices/3-8-2007-2008--2.pdf,CONTENU_MATH_FAIBLE,8e,CERTAIN,SERIE,DOSSIER,3,3028,1,0,0.001
8eme/mathematiques/exercices/3-8-2007-2008--3.pdf,CONTENU_MATH_FAIBLE,8e,CERTAIN,SYNTHESE,CONTENU,1,474,1,0,0.0
8eme/mathematiques/exercices/3-8-2007-2008--4.pdf,VALIDE,8e,CERTAIN,SYNTHESE,CONTENU,3,3600,4,0,0.001
8eme/mathematiques/exercices/3-8-2007-2008-.pdf,CONTENU_MATH_FAIBLE,8e,CERTAIN,SERIE,DOSSIER,1,295,1,0,0.0
8eme/mathematiques/exercices/3-8-2008-2009--2.pdf,VALIDE,8e,CERTAIN,SYNTHESE,CONTENU,2,3067,2,1,0.0
8eme/mathematiques/exercices/3-8-2008-2009-.pdf,CONTENU_MATH_FAIBLE,8e,CERTAIN,SYNTHESE,CONTENU,1,472,1,0,0.0
8eme/mathematiques/exercices/3-8-2009-2008.pdf,VALIDE,8e,CERTAIN,SYNTHESE,CONTENU,2,3970,2,1,0.002
8eme/mathematiques/exercices/3-8-2009-2010--2.pdf,CONTENU_MATH_FAIBLE,8e,CERTAIN,SERIE,DOSSIER,4,2453,0,0,0.0
8eme/mathematiques/exercices/3-8-2009-2010--3.pdf,CONTENU_MATH_FAIBLE,8e,CERTAIN,SERIE,DOSSIER,3,279,0,0,0.0
8eme/mathematiques/exercices/3-8-2009-2010--4.pdf,CONTENU_MATH_FAIBLE,8e,CERTAIN,SERIE,DOSSIER,4,12698,0,0,0.002
8eme/mathematiques/exercices/3-8-2009-2010--5.pdf,CONTENU_MATH_FAIBLE,8e,CERTAIN,SERIE,DOSSIER,2,4296,1,0,0.0
8eme/mathematiques/exercices/3-8-2009-2010--6.pdf,CONTENU_MATH_FAIBLE,8e,CERTAIN,SYNTHESE,CONTENU,1,1073,0,1,0.004
8eme/mathematiques/exercices/3-8-2009-2010-.pdf,CONTENU_MATH_FAIBLE,8e,CERTAIN,SERIE,DOSSIER,1,216,1,0,0.0
8eme/mathematiques/exercices/3-8-2010-2011--2.pdf,HORS_MATIERE:arabe,8e,CERTAIN,SYNTHESE,CONTENU,3,3896,2,0,0.002
8eme/mathematiques/exercices/3-8-2010-2011--3.pdf,CONTENU_MATH_FAIBLE,8e,CERTAIN,SERIE,DOSSIER,1,4730,0,0,0.0
8eme/mathematiques/exercices/3-8-2010-2011-.pdf,VALIDE,8e,CERTAIN,CORRIGE,CONTENU,3,3097,2,0,0.002
8eme/mathematiques/exercices/3-8-2012-2011--2.pdf,CONTENU_MATH_FAIBLE,8e,CERTAIN,SERIE,DOSSIER,3,2314,0,0,0.0
8eme/mathematiques/exercices/3-8-2012-2011--3.pdf,VALIDE,8e,CERTAIN,SYNTHESE,CONTENU,2,3067,2,1,0.0
8eme/mathematiques/exercices/3-8-2012-2011-.pdf,CONTENU_MATH_FAIBLE,8e,CERTAIN,SERIE,DOSSIER,3,2314,0,0,0.0
8eme/mathematiques/exercices/3-8-2014-2013--2.pdf,VALIDE,8e,CERTAIN,SERIE,DOSSIER,3,9210,4,0,0.0
8eme/mathematiques/exercices/3-8-2014-2013-.pdf,VALIDE,8e,CERTAIN,CONTROLE,CONTENU,3,5957,3,1,0.0
8eme/mathematiques/exercices/3-8-2022-2023-Mme-Raja-Aoun-Allah.pdf,VALIDE,8e,CERTAIN,SERIE,DOSSIER,3,3974,4,0,0.0
8eme/mathematiques/exercices/3-8-2022-2023.pdf,VALIDE,8e,CERTAIN,SERIE,DOSSIER,4,3573,6,1,0.0
8eme/mathematiques/exercices/3-8-2023-2024-2--2.pdf,VALIDE,8e,CERTAIN,SYNTHESE,CONTENU,4,2655,4,0,0.0
8eme/mathematiques/exercices/3-8-2023-2024-2-.pdf,VALIDE,8e,CERTAIN,SERIE,DOSSIER,4,3586,6,1,0.0
8eme/mathematiques/exercices/3-8-2023-2024-2.pdf,VALIDE,8e,CERTAIN,SERIE,DOSSIER,4,3309,3,0,0.0
8eme/mathematiques/exercices/3-8-2023-2024-3.pdf,VALIDE,8e,CERTAIN,SERIE,DOSSIER,3,3153,4,0,0.0
8eme/mathematiques/exercices/3-8-2023-2024-4.pdf,VALIDE,8e,CERTAIN,SYNTHESE,CONTENU,3,2505,5,0,0.0
8eme/mathematiques/exercices/3-8-2023-2024.pdf,VALIDE,8e,CERTAIN,SERIE,DOSSIER,4,3309,3,0,0.0
8eme/mathematiques/exercices/3-8-3-4-.pdf,VALIDE,8e,CERTAIN,SYNTHESE,CONTENU,4,1293,10,0,0.0
8eme/mathematiques/exercices/8--2.pdf,VALIDE,8e,INCERTAIN,SERIE,DOSSIER,4,4321,7,0,0.0
8eme/mathematiques/exercices/8--3.pdf,VALIDE,8e,INCERTAIN,SERIE,DOSSIER,1,2802,3,0,0.015
8eme/mathematiques/exercices/8--4.pdf,VALIDE,8e,INCERTAIN,SERIE,DOSSIER,1,1449,2,0,0.012
8eme/mathematiques/exercices/8--5.pdf,CONTENU_MATH_FAIBLE,8e,CERTAIN,SERIE,DOSSIER,1,242,0,0,0.0
8eme/mathematiques/exercices/8-.pdf,ENCODAGE_CORROMPU,8e,INCERTAIN,SERIE,DOSSIER,3,2192,4,0,0.063
8eme/mathematiques/exercices/8-1-2.pdf,VALIDE,8e,CERTAIN,SYNTHESE,CONTENU,3,3289,3,0,0.0
8eme/mathematiques/exercices/8-2-2.pdf,VALIDE,8e,INCERTAIN,SERIE,DOSSIER,2,3490,2,0,0.0
8eme/mathematiques/exercices/8-2-3.pdf,VALIDE,8e,INCERTAIN,SERIE,DOSSIER,2,2744,2,0,0.0
8eme/mathematiques/exercices/8-2-4.pdf,VALIDE,8e,CERTAIN,SERIE,DOSSIER,7,1943,6,0,0.0
8eme/mathematiques/exercices/8-2-5.pdf,VALIDE,8e,INCERTAIN,SERIE,DOSSIER,1,393,4,0,0.003
8eme/mathematiques/exercices/8-2.pdf,VALIDE,8e,INCERTAIN,SERIE,DOSSIER,1,1476,7,0,0.005
8eme/mathematiques/exercices/8-2012-2011-.pdf,CONTENU_MATH_FAIBLE,8e,INCERTAIN,SERIE,DOSSIER,4,3342,0,0,0.011
8eme/mathematiques/exercices/8-2014-2013-.pdf,CONTENU_MATH_FAIBLE,8e,INCERTAIN,SERIE,DOSSIER,2,5731,1,0,0.001
8eme/mathematiques/exercices/8-9-.pdf,ENCODAGE_CORROMPU,9e,RECLASSE_depuis_8eme,SERIE,DOSSIER,1,1511,3,0,0.088
8eme/mathematiques/exercices/Serie-d-exercices-11-Math-divers-8eme-2014-2015-Mme-chatti-fadoua.pdf,VALIDE,8e,CERTAIN,SERIE,NOM_FICHIER,1,2027,8,1,0.0
8eme/mathematiques/exercices/Serie-d-exercices-8-Math-8eme-2016-2017-Mr-Ayari-Sallem.pdf,VALIDE,8e,CERTAIN,SERIE,NOM_FICHIER,2,877,8,0,0.0
8eme/mathematiques/exercices/Serie-d-exercices-9-Math-8eme-2016-2017-Mr-Ayari-Sallem.pdf,ENCODAGE_CORROMPU,8e,CERTAIN,SERIE,NOM_FICHIER,2,3316,6,0,0.587
8eme/mathematiques/exercices/Serie-d-exercices-Math-8-8eme-2015-2016-Mr-Ayari-Sallem.pdf,VALIDE,8e,CERTAIN,SERIE,NOM_FICHIER,2,764,4,0,0.0
8eme/mathematiques/exercices/Serie-d-exercices-Math-8eme-2014-2015-Mr-Ayari-Sallem--2.pdf,ENCODAGE_CORROMPU,8e,CERTAIN,SERIE,NOM_FICHIER,2,3067,7,0,0.409
8eme/mathematiques/exercices/Serie-d-exercices-Math-8eme-2014-2015-Mr-Ayari-Sallem-.pdf,ENCODAGE_CORROMPU,8e,CERTAIN,SERIE,NOM_FICHIER,2,2460,3,0,0.507
8eme/mathematiques/exercices/Serie-d-exercices-Math-8eme-2014-2015-Mr-Ayari-Sallem.pdf,ENCODAGE_CORROMPU,8e,CERTAIN,SERIE,NOM_FICHIER,3,3128,6,0,0.487
8eme/mathematiques/exercices/Serie-d-exercices-Math-8eme-2015-2016-Mr-Ayari-Sallem.pdf,VALIDE,8e,CERTAIN,SERIE,NOM_FICHIER,3,1095,7,0,0.002
8eme/mathematiques/exercices/Serie-d-exercices-N-1-College-pilote-Math-1-8-2014-8eme-2013-2014-Mr-mohamed-.pdf,VALIDE,8e,CERTAIN,SERIE,CONTENU,2,2075,7,0,0.0
8eme/mathematiques/exercices/Serie-d-exercices-N-1-College-pilote-Math-8eme-2011-2012-Mr-nader-nasraoui.pdf,VALIDE,8e,CERTAIN,SERIE,NOM_FICHIER,1,656,2,0,0.005
8eme/mathematiques/exercices/Serie-d-exercices-N-1-Lycee-pilote-Math-Math-8eme-2016-2017-Mr-Zantour-Hamdi.pdf,VALIDE,8e,CERTAIN,SERIE,NOM_FICHIER,2,3666,7,1,0.0
8eme/mathematiques/exercices/Serie-d-exercices-N-1-Math-8-8eme-2015-2016-Mr-Bouebdelli.pdf,VALIDE,8e,CERTAIN,SERIE,CONTENU,1,1117,6,0,0.0
8eme/mathematiques/exercices/Serie-d-exercices-N-1-Math-8eme-2010-2011-Mr-Dhouib-Ridha.pdf,CONTENU_MATH_FAIBLE,8e,CERTAIN,SERIE,NOM_FICHIER,1,2640,0,0,0.031
8eme/mathematiques/exercices/Serie-d-exercices-N-1-Math-8eme-2016-2017-Mr-Zantour-Hamdi.pdf,VALIDE,8e,CERTAIN,SERIE,NOM_FICHIER,2,2511,7,1,0.0
8eme/mathematiques/exercices/Serie-d-exercices-N-1-Math-divers-8eme-2014-2015-Mme-chatti-fadoua.pdf,VALIDE,8e,CERTAIN,SERIE,NOM_FICHIER,5,5965,10,1,0.001
8eme/mathematiques/exercices/Serie-d-exercices-N-10-Math-8eme-2010-2011-Mr-Dhouib-Ridha.pdf,VALIDE,8e,CERTAIN,SERIE,NOM_FICHIER,1,2610,6,0,0.013
8eme/mathematiques/exercices/Serie-d-exercices-N-10-Math-8eme-2016-2017-Mr-Zantour-Hamdi.pdf,MIXTE_college_lycee,8e,CERTAIN,SERIE,NOM_FICHIER,3,4308,6,2,0.0
8eme/mathematiques/exercices/Serie-d-exercices-N-11-Math-8eme-2010-2011-Mr-Dhouib-Ridha.pdf,CONTENU_MATH_FAIBLE,8e,CERTAIN,SERIE,NOM_FICHIER,1,2507,1,0,0.009
8eme/mathematiques/exercices/Serie-d-exercices-N-11-Math-8eme-2016-2017-Mr-Zantour-Hamdi.pdf,VALIDE,8e,CERTAIN,SERIE,NOM_FICHIER,3,5421,8,1,0.0
8eme/mathematiques/exercices/Serie-d-exercices-N-12-College-pilote-Math-8eme-2016-2017-Mr-Zantour-Hamdi.pdf,VALIDE,8e,CERTAIN,SERIE,NOM_FICHIER,2,2672,5,1,0.0
8eme/mathematiques/exercices/Serie-d-exercices-N-12-Math-8eme-2010-2011-Mr-Dhouib-Ridha.pdf,VALIDE,8e,CERTAIN,SERIE,NOM_FICHIER,1,1916,6,0,0.01
8eme/mathematiques/exercices/Serie-d-exercices-N-13-Math-8eme-2010-2011-Mr-Dhouib-Ridha.pdf,VALIDE,8e,CERTAIN,SERIE,NOM_FICHIER,1,2471,8,0,0.039
8eme/mathematiques/exercices/Serie-d-exercices-N-14-Math-8eme-2010-2011-Mr-Dhouib-Ridha.pdf,CONTENU_MATH_FAIBLE,8e,CERTAIN,SERIE,NOM_FICHIER,1,2548,1,0,0.025
8eme/mathematiques/exercices/Serie-d-exercices-N-15-Math-8eme-2010-2011-Mr-Dhouib-Ridha.pdf,VALIDE,8e,CERTAIN,SERIE,NOM_FICHIER,1,858,6,0,0.013
8eme/mathematiques/exercices/Serie-d-exercices-N-16-Math-8eme-2010-2011-Mr-Dhouib-Ridha.pdf,VALIDE,8e,CERTAIN,SERIE,NOM_FICHIER,1,1723,3,0,0.016
8eme/mathematiques/exercices/Serie-d-exercices-N-2-Lycee-pilote-Math-Math-8eme-2016-2017-Mr-Zantour-Hamdi.pdf,VALIDE,8e,CERTAIN,SERIE,CONTENU,2,4210,10,1,0.0
8eme/mathematiques/exercices/Serie-d-exercices-N-2-Math-8eme-2010-2011-Mr-Dhouib-Ridha.pdf,VALIDE,8e,CERTAIN,SERIE,NOM_FICHIER,2,3551,3,0,0.024
8eme/mathematiques/exercices/Serie-d-exercices-N-2-Math-8eme-2016-2017-Mr-Zantour-Hamdi.pdf,VALIDE,8e,CERTAIN,SERIE,NOM_FICHIER,2,3234,9,1,0.006
8eme/mathematiques/exercices/Serie-d-exercices-N-2-Math-8eme-2017-2018-Mr-Ghriss-Abderrahmen.pdf,ENCODAGE_CORROMPU,8e,CERTAIN,SERIE,CONTENU,2,2504,9,1,0.302
8eme/mathematiques/exercices/Serie-d-exercices-N-3-Math-8eme-2010-2011-Mr-Dhouib-Ridha.pdf,VALIDE,8e,CERTAIN,SERIE,NOM_FICHIER,1,1178,5,0,0.02
8eme/mathematiques/exercices/Serie-d-exercices-N-3-Math-8eme-2014-2015-Mr-Ayari-Sallem-.pdf,ENCODAGE_CORROMPU,8e,CERTAIN,SERIE,NOM_FICHIER,2,2932,6,0,0.51
8eme/mathematiques/exercices/Serie-d-exercices-N-3-Math-8eme-2016-2017-Mr-Zantour-Hamdi.pdf,VALIDE,8e,CERTAIN,SERIE,CONTENU,4,7529,12,1,0.001
8eme/mathematiques/exercices/Serie-d-exercices-N-3-Math-Q-8eme-2015-2016-Mr-Ayari-Sallem.pdf,ENCODAGE_CORROMPU,8e,CERTAIN,SERIE,NOM_FICHIER,2,2151,7,0,0.525
8eme/mathematiques/exercices/Serie-d-exercices-N-3-Math-divers-8eme-2014-2015-Mme-chatti-fadoua.pdf,VALIDE,8e,CERTAIN,SERIE,NOM_FICHIER,4,4930,12,1,0.0
8eme/mathematiques/exercices/Serie-d-exercices-N-4-College-pilote-Math-8eme-2012-2013-Mr-sadri-boularesse-.pdf,VALIDE,8e,CERTAIN,SERIE,CONTENU,1,1139,13,0,0.002
8eme/mathematiques/exercices/Serie-d-exercices-N-4-College-pilote-Math-Maths-8eme-2021-2022-Mr-Shaker.pdf,VALIDE,8e,CERTAIN,SERIE,NOM_FICHIER,2,3851,5,0,0.0
8eme/mathematiques/exercices/Serie-d-exercices-N-4-Math-8eme-2010-2011-Mr-Dhouib-Ridha.pdf,VALIDE,8e,CERTAIN,SERIE,NOM_FICHIER,2,4397,2,0,0.01
8eme/mathematiques/exercices/Serie-d-exercices-N-4-Math-8eme-2011-2012-Mr-MEJRI-ZIED.pdf,VALIDE,8e,CERTAIN,SERIE,NOM_FICHIER,2,1599,16,1,0.0
8eme/mathematiques/exercices/Serie-d-exercices-N-4-Math-8eme-2016-2017-Mr-Zantour-Hamdi.pdf,VALIDE,8e,CERTAIN,SERIE,CONTENU,2,4050,6,1,0.0
8eme/mathematiques/exercices/Serie-d-exercices-N-5-Math-8eme-2009-2010-Mr-gary-badredine.pdf,VALIDE,8e,CERTAIN,SERIE,CONTENU,7,3055,10,0,0.0
8eme/mathematiques/exercices/Serie-d-exercices-N-5-Math-8eme-2010-2011-Mr-Dhouib-Ridha.pdf,CONTENU_MATH_FAIBLE,8e,CERTAIN,SERIE,NOM_FICHIER,4,4860,1,0,0.006
8eme/mathematiques/exercices/Serie-d-exercices-N-5-Math-8eme-2015-2016-Mr-Zantour-Hamdi.pdf,VALIDE,8e,CERTAIN,SERIE,NOM_FICHIER,4,6778,7,1,0.001
8eme/mathematiques/exercices/Serie-d-exercices-N-5-Math-8eme-2016-2017-Mr-Ayari-Sallem.pdf,VALIDE,8e,CERTAIN,SERIE,NOM_FICHIER,2,1066,8,0,0.0
8eme/mathematiques/exercices/Serie-d-exercices-N-5-Math-Q-.pdf-8eme-2014-2015-Mr-Ayari-Sallem.pdf,ENCODAGE_CORROMPU,8e,CERTAIN,SERIE,CONTENU,2,2584,3,0,0.376
8eme/mathematiques/exercices/Serie-d-exercices-N-5-Math-Revision-8eme-2010-2011-Mlle-Hela.pdf,VALIDE,8e,CERTAIN,SERIE,NOM_FICHIER,4,1032,10,0,0.013
8eme/mathematiques/exercices/Serie-d-exercices-N-6-Math-8eme-2010-2011-Mr-Dhouib-Ridha.pdf,VALIDE,8e,CERTAIN,SERIE,NOM_FICHIER,2,3400,4,0,0.018
8eme/mathematiques/exercices/Serie-d-exercices-N-6-Math-8eme-2014-2015-Mr-Ayari-Sallem-.pdf,ENCODAGE_CORROMPU,8e,CERTAIN,SERIE,NOM_FICHIER,2,5533,7,0,0.18
8eme/mathematiques/exercices/Serie-d-exercices-N-6-Math-8eme-2016-2017-Mr-Zantour-Hamdi.pdf,VALIDE,8e,CERTAIN,SERIE,NOM_FICHIER,4,8692,8,1,0.0
8eme/mathematiques/exercices/Serie-d-exercices-N-8-Math-8eme-2010-2011-Mr-Dhouib-Ridha.pdf,VALIDE,8e,CERTAIN,SERIE,NOM_FICHIER,2,3198,2,0,0.026
8eme/mathematiques/exercices/Serie-d-exercices-N-8-Math-8eme-2016-2017-Mr-Zantour-Hamdi.pdf,MIXTE_college_lycee,8e,CERTAIN,SERIE,NOM_FICHIER,3,4695,8,2,0.0
8eme/mathematiques/exercices/Serie-d-exercices-N-8-Math-9eme-2010-2011-Mr-Dhouib-Ridha.pdf,VALIDE,8e,CERTAIN,SERIE,NOM_FICHIER,2,3261,3,0,0.055
8eme/mathematiques/exercices/Serie-d-exercices-N-9-Math-8eme-2010-2011-Mr-Dhouib-Ridha.pdf,VALIDE,8e,CERTAIN,SERIE,NOM_FICHIER,2,3400,4,0,0.018
8eme/mathematiques/exercices/Serie-d-exercices-N-9-Math-8eme-2016-2017-Mr-Zantour-Hamdi.pdf,VALIDE,8e,CERTAIN,SERIE,NOM_FICHIER,4,4945,9,1,0.0
8eme/mathematiques/exercices/Serie-d-exercices-de-Maison-on-Math-exercices-de-math-8eme-2010-2011-Eleve-ayme.pdf,VALIDE,8e,CERTAIN,SERIE,NOM_FICHIER,1,1710,13,0,0.0
8eme/mathematiques/exercices/TP-N-8.pdf,CONTENU_MATH_FAIBLE,8e,CERTAIN,SERIE,DOSSIER,1,682,0,0,0.001
8eme/mathematiques/manuel/manuel-mathematiques-8eme.pdf,HORS_NIVEAU_LYCEE,,CONFLIT:7e/8e,MANUEL,NOM_FICHIER,299,293003,45,4,0.024
8eme/mathematiques/parascolaire/attaysir-mathematiques-8eme.pdf,VALIDE,8e,CERTAIN,SYNTHESE,CONTENU,113,6210,22,0,0.0
8eme/mathematiques/parascolaire/collection-pilote-8eme.pdf,VALIDE,8e,CERTAIN,CORRIGE,CONTENU,149,15034,25,1,0.001
9eme/mathematiques/corrections/2003.pdf,VALIDE,9e,INCERTAIN,CORRIGE,CONTENU,3,1764,6,1,0.001
9eme/mathematiques/corrections/2004.pdf,CONTENU_MATH_FAIBLE,9e,INCERTAIN,CORRIGE,DOSSIER,4,319,0,0,0.0
9eme/mathematiques/corrections/2005.pdf,VALIDE,9e,INCERTAIN,CORRIGE,DOSSIER,3,2127,13,0,0.0
9eme/mathematiques/corrections/2006.pdf,CONTENU_MATH_FAIBLE,9e,INCERTAIN,CORRIGE,DOSSIER,4,333,0,0,0.0
9eme/mathematiques/corrections/9.b.correction.concours.2009.pdf,VALIDE,9e,INCERTAIN,CORRIGE,NOM_FICHIER,6,5756,6,0,0.002
9eme/mathematiques/corrections/Correction-de-Controle-N-2-Math-2-9eme-2015-2016-Mme-Aben-Samia.pdf,CONTENU_MATH_FAIBLE,9e,CERTAIN,CORRIGE,CONTENU,6,1132,0,0,0.0
9eme/mathematiques/corrections/Devoir-Avec-correction-Math-9eme-2013-2014-Mr-KASSAOUI-BELGACEM.pdf,VALIDE,9e,CERTAIN,CORRIGE,NOM_FICHIER,6,6081,18,0,0.001
9eme/mathematiques/corrections/Devoir-Avec-correction-Math-Correction-Math-concours-9-annee-2014-9eme-2013-2014-Mr-walid.pdf,VALIDE,9e,CERTAIN,CORRIGE,NOM_FICHIER,2,1953,7,0,0.001
9eme/mathematiques/corrections/Devoir-de-Controle-N-3-Avec-correction-Math-9eme-2016-2017-Mr-Zairi-Riadh.pdf,VALIDE,9e,CERTAIN,CORRIGE,CONTENU,3,3548,14,1,0.0
9eme/mathematiques/corrections/Devoir-de-Controle-N-4-Avec-correction-Math-9eme-2016-2017-Mr-Zairi-Riadh.pdf,VALIDE,9e,CERTAIN,CORRIGE,CONTENU,3,3916,14,1,0.0
9eme/mathematiques/corrections/Devoir-de-Revision-Avec-correction-Math-Concours-9eme-2013-9eme-2016-2017-Mr-Amri-Lotfi.pdf,VALIDE,9e,CERTAIN,CORRIGE,CONTENU,7,6086,19,0,0.0
9eme/mathematiques/corrections/Devoir-de-Revision-Concours-9eme-2013-Avec-correction-Math-concours-9eme-2013-9eme-2016-2017-Mr-Amri-Lotfi.pdf,VALIDE,9e,CERTAIN,CORRIGE,CONTENU,7,6086,19,0,0.0
9eme/mathematiques/corrections/Devoir-de-Revision-N-5-Avec-correction-Math-9eme-2005-2006-Mme-ines-el-omri.pdf,VALIDE,9e,CERTAIN,CORRIGE,NOM_FICHIER,2,1718,16,0,0.001
9eme/mathematiques/corrections/Devoir-de-Synthese-N-2-Avec-correction-Math-9eme-2013-2014-Mr-Abdelaziz-Ben-Marzouk-.pdf,CONTENU_MATH_FAIBLE,9e,CERTAIN,CORRIGE,NOM_FICHIER,4,6145,0,0,0.003
9eme/mathematiques/corrections/Devoir-de-Synthese-N-3-Math-9eme-2012-2013-Mr-Belaifa-Mohamed-Fadhel-corrige.pdf,VALIDE,9e,CERTAIN,CORRIGE,CONTENU,2,3987,18,0,0.0
9eme/mathematiques/corrections/Devoir-de-synthese-N-3-Corrige-Math-9eme-2009-2010-Mr-Abdelaziz-ben-Marzouk.pdf,VALIDE,9e,CERTAIN,CORRIGE,CONTENU,7,4187,11,1,0.0
9eme/mathematiques/corrections/Exemple-de-revision-Math-pour-le-concours-9eme-Corrige-TUNISIAMATH.pdf,VALIDE,9e,CERTAIN,CORRIGE,CONTENU,10,3884,12,0,0.0
9eme/mathematiques/corrections/Serie-avec-correction-Math-9eme-2011-2012-Mr-Mouajria-Hattab.pdf,VALIDE,9e,CERTAIN,CORRIGE,CONTENU,1,2229,5,1,0.0
9eme/mathematiques/corrections/Serie-d-exercices-Corrige-Math-9eme-2013-2014-Mr-Abdelaziz-Ben-Marzouk.pdf,CONTENU_MATH_FAIBLE,9e,CERTAIN,CORRIGE,NOM_FICHIER,10,14479,0,0,0.016
9eme/mathematiques/corrections/Serie-d-exercices-N-1-College-pilote-Avec-correction-Math-2019-9eme-2018-2019-Mr-Ouni-Anouar.pdf,CONTENU_MATH_FAIBLE,9e,CERTAIN,CORRIGE,CONTENU,14,2222,1,0,0.0
9eme/mathematiques/corrections/correction-9eme-Math-2010-corrige.pdf,VALIDE,9e,CERTAIN,CORRIGE,CONTENU,1,997,2,0,0.002
9eme/mathematiques/cours/Cours-College-pilote-Math-9eme-2016-2017-Mr-Kamel-Gharbi.pdf,VALIDE,9e,CERTAIN,COURS,NOM_FICHIER,4,4479,12,1,0.0
9eme/mathematiques/cours/Cours-College-pilote-Math-9eme-2017-2018-Mme-Tekeri-Zeineb--2.pdf,VALIDE,9e,CERTAIN,COURS,NOM_FICHIER,1,1958,4,0,0.019
9eme/mathematiques/cours/Cours-College-pilote-Math-9eme-2017-2018-Mme-Tekeri-Zeineb-.pdf,VALIDE,9e,CERTAIN,COURS,NOM_FICHIER,1,1698,5,0,0.0
9eme/mathematiques/cours/Cours-Math-9-9eme-2023-2024-Mr-ALAYA-MOHAMED.pdf,VALIDE,9e,CERTAIN,COURS,NOM_FICHIER,1,432,5,0,0.0
9eme/mathematiques/cours/Cours-Math-9eme-2010-2011-Mr-Rahal-Ali.pdf,VALIDE,9e,CERTAIN,COURS,NOM_FICHIER,19,3987,6,0,0.008
9eme/mathematiques/cours/Cours-Math-9eme-2011-2012-Mr-Sami.pdf,MIXTE_college_lycee,9e,CERTAIN,COURS,NOM_FICHIER,21,18916,39,3,0.002
9eme/mathematiques/cours/Cours-Math-9eme-2011-2012-Mr-gharsalli-zinelabidine-.pdf,VALIDE,9e,CERTAIN,COURS,NOM_FICHIER,4,1819,6,0,0.0
9eme/mathematiques/cours/Cours-Math-9eme-2016-2017-Mr-ZAIRI-RIADH.pdf,VALIDE,9e,CERTAIN,COURS,NOM_FICHIER,1,1812,8,0,0.023
9eme/mathematiques/cours/Cours-Math-9eme-2017-2018-Mr-Mejri-Zied-2.pdf,VALIDE,9e,CERTAIN,COURS,NOM_FICHIER,8,8683,2,0,0.057
9eme/mathematiques/cours/Cours-Math-9eme-2017-2018-Mr-Mejri-Zied.pdf,VALIDE,9e,CERTAIN,COURS,NOM_FICHIER,3,1708,5,0,0.0
9eme/mathematiques/cours/Cours-Math-9eme-2022-2023-Mr-ALAYA-MOHAMED.pdf,VALIDE,9e,CERTAIN,COURS,NOM_FICHIER,1,418,4,0,0.0
9eme/mathematiques/cours/Cours-Math-IR-9eme-2011-2012-Mr-gharsalli-zinelabidine.pdf,VALIDE,9e,CERTAIN,COURS,NOM_FICHIER,6,4588,9,0,0.0
9eme/mathematiques/cours/Cours-de-Revision-N-1-Math-Racine-carre-9eme-2010-2011-Mr-mouldi.pdf,VALIDE,9e,CERTAIN,COURS,NOM_FICHIER,1,2184,2,0,0.016
9eme/mathematiques/devoirs/4-Exemples-de-Devoir-de-synthese-N-3-Math-9eme-College-pilote-Les-berges-du-lac-Mr-Faouzi-El-Gharbi.pdf,VALIDE,9e,CERTAIN,SYNTHESE,NOM_FICHIER,5,9663,26,0,0.002
9eme/mathematiques/devoirs/Compar_R_part1.pdf,VALIDE,9e,INCERTAIN,DEVOIR_INDETERMINE,DOSSIER,16,19442,5,0,0.04
9eme/mathematiques/devoirs/Compar_R_part2.pdf,VALIDE,9e,INCERTAIN,DEVOIR_INDETERMINE,DOSSIER,7,8000,11,0,0.05
9eme/mathematiques/devoirs/Compar_R_part3.pdf,VALIDE,9e,INCERTAIN,DEVOIR_INDETERMINE,DOSSIER,4,2981,6,0,0.017
9eme/mathematiques/devoirs/Controle-9-6-2022.pdf,VALIDE,9e,CERTAIN,DEVOIR_INDETERMINE,DOSSIER,4,6860,8,0,0.002
9eme/mathematiques/devoirs/Devoir-concour-Math-9eme-2013-2014-Mr-Walid.pdf,VALIDE,9e,CERTAIN,DEVOIR_INDETERMINE,DOSSIER,2,2609,15,0,0.001
9eme/mathematiques/devoirs/Devoir-de-Controle-N-1-College-pilote-Math-9eme-2014-2015-Mr-.pdf,VALIDE,9e,CERTAIN,CONTROLE,NOM_FICHIER,2,2380,19,0,0.0
9eme/mathematiques/devoirs/Devoir-de-Controle-N-1-College-pilote-Math-9eme-2016-2017-Mme-Tekeri-Zeineb.pdf,VALIDE,9e,CERTAIN,CONTROLE,CONTENU,2,1528,13,0,0.0
9eme/mathematiques/devoirs/Devoir-de-Controle-N-1-Math-9eme-2012-2013-Mr-ben-amor-mohamed.pdf,VALIDE,9e,CERTAIN,CONTROLE,CONTENU,2,2379,17,1,0.0
9eme/mathematiques/devoirs/Devoir-de-Controle-N-1-Math-9eme-2013-2014-Mr-Abidi-hedi-.pdf,VALIDE,9e,CERTAIN,CONTROLE,CONTENU,1,1511,14,0,0.0
9eme/mathematiques/devoirs/Devoir-de-Controle-N-1-Math-9eme-2013-2014-Mr-Abidi-hedi.pdf,VALIDE,9e,CERTAIN,CONTROLE,CONTENU,1,1511,14,0,0.0
9eme/mathematiques/devoirs/Devoir-de-Controle-N-1-Math-9eme-2013-2014-Mr-MEJRI-ZIED.pdf,VALIDE,9e,CERTAIN,CONTROLE,CONTENU,2,2238,14,0,0.0
9eme/mathematiques/devoirs/Devoir-de-Controle-N-1-Math-9eme-2013-2014-Mr-Mohamed-Khairedine-.pdf,VALIDE,9e,CERTAIN,CONTROLE,CONTENU,2,3229,2,0,0.01
9eme/mathematiques/devoirs/Devoir-de-Controle-N-1-Math-9eme-2014-2015-Mr-Ayari-Sallem.pdf,VALIDE,9e,CERTAIN,CONTROLE,NOM_FICHIER,2,1317,15,0,0.0
9eme/mathematiques/devoirs/Devoir-de-Controle-N-1-Math-9eme-2014-2015-Mr-Mathlouthi-Lotfi.pdf,VALIDE,9e,CERTAIN,CONTROLE,CONTENU,2,2565,17,1,0.002
9eme/mathematiques/devoirs/Devoir-de-Controle-N-1-Math-9eme-2014-2015-Mr-saidi-mongi-.pdf,VALIDE,9e,CERTAIN,CONTROLE,CONTENU,1,1381,12,0,0.0
9eme/mathematiques/devoirs/Devoir-de-Controle-N-1-Math-9eme-2015-2016-Mr-Abdel-Kader-Houcine.pdf,VALIDE,9e,CERTAIN,CONTROLE,CONTENU,2,1384,10,1,0.0
9eme/mathematiques/devoirs/Devoir-de-Controle-N-1-Math-9eme-2015-2016-Mr-Ayari-Sallem.pdf,VALIDE,9e,CERTAIN,CONTROLE,NOM_FICHIER,2,1443,11,0,0.0
9eme/mathematiques/devoirs/Devoir-de-Controle-N-1-Math-9eme-2015-2016-Mr-Lasaad-jawedi.pdf,VALIDE,9e,CERTAIN,CONTROLE,NOM_FICHIER,1,853,11,1,0.0
9eme/mathematiques/devoirs/Devoir-de-Controle-N-1-Math-9eme-2015-2016-Mr-Mathlouthi-Lotfi.pdf,VALIDE,9e,CERTAIN,CONTROLE,NOM_FICHIER,2,2594,13,1,0.002
9eme/mathematiques/devoirs/Devoir-de-Controle-N-1-Math-9eme-2015-2016-Mr-ZOUARI-SAMI.pdf,VALIDE,9e,CERTAIN,CONTROLE,CONTENU,1,1087,15,0,0.002
9eme/mathematiques/devoirs/Devoir-de-Controle-N-1-Math-9eme-2015-2016-Mr-bboussaffa-belgacem.pdf,VALIDE,9e,CERTAIN,CONTROLE,CONTENU,1,1385,10,0,0.0
9eme/mathematiques/devoirs/Devoir-de-Controle-N-1-Math-9eme-2016-2017-Mme-Allani.pdf,VALIDE,9e,CERTAIN,CONTROLE,NOM_FICHIER,1,1396,11,0,0.0
9eme/mathematiques/devoirs/Devoir-de-Controle-N-1-Math-9eme-2016-2017-Mr-Dabboussi-Faouzi.pdf,ENCODAGE_CORROMPU,9e,CERTAIN,CONTROLE,NOM_FICHIER,2,3272,10,0,0.147
9eme/mathematiques/devoirs/Devoir-de-Controle-N-1-Math-9eme-2016-2017-Mr-RIADH-ZAIRI.pdf,VALIDE,9e,CERTAIN,CONTROLE,CONTENU,1,1482,17,1,0.0
9eme/mathematiques/devoirs/Devoir-de-Controle-N-1-Math-9eme-2016-2017-Mr-ZOUARI-SAMI-1.pdf,VALIDE,9e,CERTAIN,CONTROLE,CONTENU,1,1387,13,0,0.001
9eme/mathematiques/devoirs/Devoir-de-Controle-N-1-Math-9eme-2016-2017-Mr-ZOUARI-SAMI.pdf,VALIDE,9e,CERTAIN,CONTROLE,NOM_FICHIER,1,1277,14,0,0.001
9eme/mathematiques/devoirs/Devoir-de-Controle-N-1-Math-9eme-2017-2018-Mlle-Cherni-Waad.pdf,VALIDE,9e,CERTAIN,CONTROLE,NOM_FICHIER,2,2190,12,0,0.002
9eme/mathematiques/devoirs/Devoir-de-Controle-N-1-Math-9eme-2017-2018-Mme-Allani.pdf,VALIDE,9e,CERTAIN,CONTROLE,NOM_FICHIER,2,3074,14,0,0.0
9eme/mathematiques/devoirs/Devoir-de-Controle-N-1-Math-9eme-2017-2018-Mr-Ameur-Mounir.pdf,VALIDE,9e,CERTAIN,CONTROLE,NOM_FICHIER,2,1975,5,0,0.003
9eme/mathematiques/devoirs/Devoir-de-Controle-N-1-Math-9eme-2017-2018-Mr-Ben-Slama.pdf,VALIDE,9e,CERTAIN,CONTROLE,CONTENU,1,1236,11,0,0.0
9eme/mathematiques/devoirs/Devoir-de-Controle-N-1-Math-9eme-2017-2018-Mr-Dabbousi-Faouzi.pdf,VALIDE,9e,CERTAIN,CONTROLE,NOM_FICHIER,1,2433,3,0,0.003
9eme/mathematiques/devoirs/Devoir-de-Controle-N-1-Math-9eme-2017-2018-Mr-Gandouli-Kamel.pdf,VALIDE,9e,CERTAIN,CONTROLE,CONTENU,3,5617,14,0,0.019
9eme/mathematiques/devoirs/Devoir-de-Controle-N-1-Math-9eme-2017-2018-Mr-Kefi-Chokri.pdf,CONTENU_MATH_FAIBLE,9e,CERTAIN,CONTROLE,CONTENU,2,5576,0,0,0.0
9eme/mathematiques/devoirs/Devoir-de-Controle-N-1-Math-9eme-2017-2018-Mr-Khemiri-Tarek.pdf,VALIDE,9e,CERTAIN,CONTROLE,NOM_FICHIER,2,1165,12,0,0.0
9eme/mathematiques/devoirs/Devoir-de-Controle-N-1-Math-9eme-2017-2018-Mr-MaTlouthi-Lotfi.pdf,VALIDE,9e,CERTAIN,CONTROLE,CONTENU,2,4594,13,0,0.008
9eme/mathematiques/devoirs/Devoir-de-Controle-N-1-Math-9eme-2017-2018-Mr-Moez-Esmiti.pdf,VALIDE,9e,CERTAIN,CONTROLE,CONTENU,3,1471,16,0,0.002
9eme/mathematiques/devoirs/Devoir-de-Controle-N-1-Math-9eme-2017-2018-Mr-ZOUARI-SAMI.pdf,VALIDE,9e,CERTAIN,CONTROLE,CONTENU,2,1151,10,0,0.003
9eme/mathematiques/devoirs/Devoir-de-Controle-N-1-Math-9eme-2018-2019-Mme-Allani-Najoua-2.pdf,VALIDE,9e,CERTAIN,CONTROLE,NOM_FICHIER,2,2956,18,0,0.0
9eme/mathematiques/devoirs/Devoir-de-Controle-N-1-Math-9eme-2018-2019-Mme-Allani-Najoua.pdf,VALIDE,9e,CERTAIN,CONTROLE,NOM_FICHIER,2,2939,14,0,0.0
9eme/mathematiques/devoirs/Devoir-de-Controle-N-1-Math-9eme-2018-2019-Mr-Ameur-Mounir.pdf,VALIDE,9e,CERTAIN,CONTROLE,CONTENU,2,1633,13,0,0.0
9eme/mathematiques/devoirs/Devoir-de-Controle-N-1-Math-9eme-2018-2019-Mr-Bahar-Farouk.pdf,CONTENU_MATH_FAIBLE,9e,CERTAIN,CONTROLE,NOM_FICHIER,2,2365,0,0,0.0
9eme/mathematiques/devoirs/Devoir-de-Controle-N-1-Math-9eme-2018-2019-Mr-Imed-Naceur.pdf,MIXTE_college_lycee,9e,CERTAIN,CONTROLE,CONTENU,2,1775,12,2,0.002
9eme/mathematiques/devoirs/Devoir-de-Controle-N-1-Math-9eme-2018-2019-Mr-Masmoudi-Houssem.pdf,CONTENU_MATH_FAIBLE,9e,CERTAIN,CONTROLE,NOM_FICHIER,2,2189,0,0,0.002
9eme/mathematiques/devoirs/Devoir-de-Controle-N-1-Math-9eme-2018-2019-Mr-Moez-esmiti.pdf,VALIDE,9e,CERTAIN,CONTROLE,CONTENU,2,1234,13,0,0.0
9eme/mathematiques/devoirs/Devoir-de-Controle-N-1-Math-9eme-2019-2020-Mme-Allani-najoua.pdf,VALIDE,9e,CERTAIN,CONTROLE,NOM_FICHIER,2,3116,16,0,0.0
9eme/mathematiques/devoirs/Devoir-de-Controle-N-1-Math-9eme-2019-2020-Mr-BEN-CHEIKH-Mourad.pdf,VALIDE,9e,CERTAIN,CONTROLE,CONTENU,2,2345,13,0,0.008
9eme/mathematiques/devoirs/Devoir-de-Controle-N-1-Math-9eme-2019-2020-Mr-BEN-SLAMA.pdf,VALIDE,9e,CERTAIN,CONTROLE,NOM_FICHIER,1,2025,12,0,0.0
9eme/mathematiques/devoirs/Devoir-de-Controle-N-1-Math-9eme-2019-2020-Mr-CHELLY-SAMI.pdf,VALIDE,9e,CERTAIN,CONTROLE,NOM_FICHIER,1,1030,13,0,0.0
9eme/mathematiques/devoirs/Devoir-de-Controle-N-1-Math-9eme-2019-2020-Mr-Trabelsy-Badreddyne.pdf,VALIDE,9e,CERTAIN,CONTROLE,CONTENU,1,1069,12,0,0.0
9eme/mathematiques/devoirs/Devoir-de-Controle-N-1-Math-9eme-2019-2020-Mr-ZOUARI-SAMI.pdf,VALIDE,9e,CERTAIN,CONTROLE,CONTENU,2,1735,13,0,0.001
9eme/mathematiques/devoirs/Devoir-de-Controle-N-1-Math-9eme-2020-2021-Mr-Alaya.pdf,VALIDE,9e,CERTAIN,CONTROLE,CONTENU,2,1006,8,0,0.012
9eme/mathematiques/devoirs/Devoir-de-Controle-N-1-Math-9eme-2020-2021-Mr-Saem-Mongi.pdf,VALIDE,9e,CERTAIN,CONTROLE,CONTENU,2,1560,14,0,0.0
9eme/mathematiques/devoirs/Devoir-de-Controle-N-1-Math-9eme-2021-2022-Mr-ZOUARI-SAMI.pdf,VALIDE,9e,CERTAIN,CONTROLE,CONTENU,2,1280,13,0,0.0
9eme/mathematiques/devoirs/Devoir-de-Controle-N-1-Math-9eme-2021-2022-Mr-yassin.pdf,CONTENU_MATH_FAIBLE,9e,CERTAIN,CONTROLE,NOM_FICHIER,2,1717,0,0,0.0
9eme/mathematiques/devoirs/Devoir-de-Controle-N-1-Math-9eme-2022-2023-Mme-Allani.pdf,ENCODAGE_CORROMPU,9e,CERTAIN,CONTROLE,NOM_FICHIER,4,6104,15,0,0.224
9eme/mathematiques/devoirs/Devoir-de-Controle-N-1-Math-9eme-2022-2023-Mr-GHARBI-RIDHA.pdf,VALIDE,9e,CERTAIN,CONTROLE,CONTENU,2,1935,16,0,0.001
9eme/mathematiques/devoirs/Devoir-de-Controle-N-1-Math-9eme-2023-2024-Mr-.pdf,VALIDE,9e,CERTAIN,CONTROLE,NOM_FICHIER,1,1594,11,0,0.0
9eme/mathematiques/devoirs/Devoir-de-Controle-N-1-Math-DEVOIR-9eme-2025-2026-Mr-GHARBI-RIDHA-stamped-compressed.pdf,VALIDE,9e,CERTAIN,CONTROLE,CONTENU,4,1811,16,0,0.0
9eme/mathematiques/devoirs/Devoir-de-Controle-N-1-technologie-9eme-2010-2011-Mr-Riadh.pdf,CONTENU_MATH_FAIBLE,9e,CERTAIN,CONTROLE,NOM_FICHIER,2,1845,1,0,0.0
9eme/mathematiques/devoirs/Devoir-de-Controle-N-2-College-pilote-Math-9eme-2014-2015-Mr-ben-Abdelkader-Ahmed.pdf,VALIDE,9e,CERTAIN,CONTROLE,CONTENU,2,1610,10,0,0.0
9eme/mathematiques/devoirs/Devoir-de-Controle-N-2-Englais-9eme-2023-02024-.pdf,CONTENU_MATH_FAIBLE,9e,CERTAIN,CONTROLE,NOM_FICHIER,2,3371,0,0,0.0
9eme/mathematiques/devoirs/Devoir-de-Controle-N-2-Math-9eme-2012-2013-Mr-ben-mahmoud.pdf,VALIDE,9e,CERTAIN,CONTROLE,CONTENU,3,1643,11,0,0.0
9eme/mathematiques/devoirs/Devoir-de-Controle-N-2-Math-9eme-2012-2013-Mr-riahi-riadh.pdf,VALIDE,9e,CERTAIN,CONTROLE,NOM_FICHIER,1,1032,3,0,0.033
9eme/mathematiques/devoirs/Devoir-de-Controle-N-2-Math-9eme-2013-2014-Mr-MEJRI-ZIED.pdf,VALIDE,9e,CERTAIN,CONTROLE,CONTENU,2,1468,10,0,0.001
9eme/mathematiques/devoirs/Devoir-de-Controle-N-2-Math-9eme-2013-2014-Mr-Mohamed-Khairedine-.pdf,VALIDE,9e,CERTAIN,CONTROLE,CONTENU,4,12608,2,0,0.002
9eme/mathematiques/devoirs/Devoir-de-Controle-N-2-Math-9eme-2014-2015-Mr-KHECHINE-Hichem-.pdf,VALIDE,9e,CERTAIN,CONTROLE,CONTENU,1,972,7,0,0.0
9eme/mathematiques/devoirs/Devoir-de-Controle-N-2-Math-9eme-2014-2015-Mr-Makram-Trabelsi.pdf,VALIDE,9e,CERTAIN,CONTROLE,CONTENU,1,1465,6,0,0.013
9eme/mathematiques/devoirs/Devoir-de-Controle-N-2-Math-9eme-2014-2015-Mr-Mathlouthi-Lotfi.pdf,VALIDE,9e,CERTAIN,CONTROLE,CONTENU,2,7830,5,1,0.001
9eme/mathematiques/devoirs/Devoir-de-Controle-N-2-Math-9eme-2015-2016-Mr-Ayari-Sallem.pdf,ENCODAGE_CORROMPU,9e,CERTAIN,CONTROLE,CONTENU,2,3402,5,0,0.346
9eme/mathematiques/devoirs/Devoir-de-Controle-N-2-Math-9eme-2015-2016-Mr-Mathlouthi-Lotfi.pdf,VALIDE,9e,CERTAIN,CONTROLE,CONTENU,3,11272,11,1,0.001
9eme/mathematiques/devoirs/Devoir-de-Controle-N-2-Math-9eme-2015-2016-Mr-ZOUARI-SAMI.pdf,VALIDE,9e,CERTAIN,CONTROLE,NOM_FICHIER,2,957,6,0,0.003
9eme/mathematiques/devoirs/Devoir-de-Controle-N-2-Math-9eme-2015-2016-Mr-bboussaffa-belgacem-2-.pdf,VALIDE,9e,CERTAIN,CONTROLE,CONTENU,1,1458,12,0,0.0
9eme/mathematiques/devoirs/Devoir-de-Controle-N-2-Math-9eme-2015-2016-Mr-bboussaffa-belgacem.pdf,VALIDE,9e,CERTAIN,CONTROLE,CONTENU,1,1349,10,0,0.004
9eme/mathematiques/devoirs/Devoir-de-Controle-N-2-Math-9eme-2016-2017-Mme-Allani.pdf,VALIDE,9e,CERTAIN,CONTROLE,NOM_FICHIER,4,2470,16,0,0.0
9eme/mathematiques/devoirs/Devoir-de-Controle-N-2-Math-9eme-2016-2017-Mr-Ayari-Sallem.pdf,ENCODAGE_CORROMPU,9e,CERTAIN,CONTROLE,NOM_FICHIER,2,3343,8,0,0.474
9eme/mathematiques/devoirs/Devoir-de-Controle-N-2-Math-9eme-2016-2017-Mr-Dabboussi-Faouzi.pdf,ENCODAGE_CORROMPU,9e,CERTAIN,CONTROLE,NOM_FICHIER,2,4508,6,0,0.094
9eme/mathematiques/devoirs/Devoir-de-Controle-N-2-Math-9eme-2016-2017-Mr-ZAIRI-RIADH.pdf,VALIDE,9e,CERTAIN,CONTROLE,CONTENU,1,1591,13,1,0.0
9eme/mathematiques/devoirs/Devoir-de-Controle-N-2-Math-9eme-2017-2018-Mlle-Cherni-Waad.pdf,VALIDE,9e,CERTAIN,CONTROLE,NOM_FICHIER,2,2166,11,0,0.001
9eme/mathematiques/devoirs/Devoir-de-Controle-N-2-Math-9eme-2017-2018-Mme-Allani.pdf,VALIDE,9e,CERTAIN,CONTROLE,NOM_FICHIER,2,4200,10,0,0.001
9eme/mathematiques/devoirs/Devoir-de-Controle-N-2-Math-9eme-2017-2018-Mr-Abidi.pdf,VALIDE,9e,CERTAIN,CONTROLE,CONTENU,3,1280,9,0,0.0
9eme/mathematiques/devoirs/Devoir-de-Controle-N-2-Math-9eme-2017-2018-Mr-Alaya-Med.pdf,VALIDE,9e,CERTAIN,CONTROLE,CONTENU,2,531,6,0,0.015
9eme/mathematiques/devoirs/Devoir-de-Controle-N-2-Math-9eme-2017-2018-Mr-Amamou-Mohamed-Hatem.pdf,VALIDE,9e,CERTAIN,CONTROLE,CONTENU,4,2072,6,1,0.0
9eme/mathematiques/devoirs/Devoir-de-Controle-N-2-Math-9eme-2017-2018-Mr-Ben-Slama.pdf,VALIDE,9e,CERTAIN,CONTROLE,CONTENU,1,1161,9,0,0.0
9eme/mathematiques/devoirs/Devoir-de-Controle-N-2-Math-9eme-2017-2018-Mr-CHELLY-SAMI.pdf,VALIDE,9e,CERTAIN,CONTROLE,NOM_FICHIER,2,8017,4,0,0.009
9eme/mathematiques/devoirs/Devoir-de-Controle-N-2-Math-9eme-2017-2018-Mr-Dabbousi-Faouzi.pdf,CONTENU_MATH_FAIBLE,9e,CERTAIN,CONTROLE,NOM_FICHIER,1,2106,1,0,0.001
9eme/mathematiques/devoirs/Devoir-de-Controle-N-2-Math-9eme-2017-2018-Mr-Esmiti-Moez.pdf,VALIDE,9e,CERTAIN,CONTROLE,CONTENU,3,1067,10,0,0.0
9eme/mathematiques/devoirs/Devoir-de-Controle-N-2-Math-9eme-2017-2018-Mr-Khemiri-Tarek.pdf,VALIDE,9e,CERTAIN,CONTROLE,CONTENU,1,846,7,0,0.0
9eme/mathematiques/devoirs/Devoir-de-Controle-N-2-Math-9eme-2017-2018-Mr-ZOUARI-SAMI-1-.pdf,VALIDE,9e,CERTAIN,CONTROLE,CONTENU,2,1004,8,0,0.0
9eme/mathematiques/devoirs/Devoir-de-Controle-N-2-Math-9eme-2017-2018-Mr-ZOUARI-SAMI-2-.pdf,VALIDE,9e,CERTAIN,CONTROLE,CONTENU,2,1055,8,0,0.0
9eme/mathematiques/devoirs/Devoir-de-Controle-N-2-Math-9eme-2018-2019-Mr-Ameur-Mounir.pdf,VALIDE,9e,CERTAIN,CONTROLE,NOM_FICHIER,2,2740,8,0,0.002
9eme/mathematiques/devoirs/Devoir-de-Controle-N-2-Math-9eme-2018-2019-Mr-Moez-Esmiti.pdf,VALIDE,9e,CERTAIN,CONTROLE,CONTENU,2,915,8,0,0.0
9eme/mathematiques/devoirs/Devoir-de-Controle-N-2-Math-9eme-2019-2020-Mr-Allani-Najoua.pdf,VALIDE,9e,CERTAIN,CONTROLE,NOM_FICHIER,3,3958,15,0,0.0
9eme/mathematiques/devoirs/Devoir-de-Controle-N-2-Math-9eme-2019-2020-Mr-BEN-SLAMA.pdf,VALIDE,9e,CERTAIN,CONTROLE,CONTENU,2,981,12,0,0.0
9eme/mathematiques/devoirs/Devoir-de-Controle-N-2-Math-9eme-2019-2020-Mr-ZOUARI-SAMI.pdf,VALIDE,9e,CERTAIN,CONTROLE,CONTENU,2,1278,8,0,0.0
9eme/mathematiques/devoirs/Devoir-de-Controle-N-2-Math-9eme-2021-2022-Mr-Riadh-Mossa.pdf,VALIDE,9e,CERTAIN,CONTROLE,NOM_FICHIER,1,2113,9,1,0.0
9eme/mathematiques/devoirs/Devoir-de-Controle-N-2-Math-9eme-2022-2023-Mr-BEN-CHEIKH-Mourad.pdf,VALIDE,9e,CERTAIN,CONTROLE,CONTENU,2,3429,14,0,0.001
9eme/mathematiques/devoirs/Devoir-de-Controle-N-2-Math-9eme-2022-2023-Mr-GHARBI-RIDHA.pdf,VALIDE,9e,CERTAIN,CONTROLE,CONTENU,3,2838,9,0,0.0
9eme/mathematiques/devoirs/Devoir-de-Controle-N-2-Math-9eme-2023-2024-Mr-GHARBI-RIDHA.pdf,VALIDE,9e,CERTAIN,CONTROLE,CONTENU,4,1386,11,0,0.0
9eme/mathematiques/devoirs/Devoir-de-Controle-N-2-Math-9eme-2024-2025-Mr-GHARBI-RIDHA.pdf,VALIDE,9e,CERTAIN,CONTROLE,CONTENU,4,1382,10,0,0.0
9eme/mathematiques/devoirs/Devoir-de-Controle-N-2-Math-DEVOIR-9eme-2025-2026-Mr-GHARBI-RIDHA-stamped-compressed.pdf,VALIDE,9e,CERTAIN,CONTROLE,CONTENU,4,1447,11,0,0.0
9eme/mathematiques/devoirs/Devoir-de-Controle-N-2-mathematiques-9eme-2009-2010-Mr-Barkallah-lotfi.pdf,VALIDE,9e,CERTAIN,CONTROLE,CONTENU,1,997,7,0,0.0
9eme/mathematiques/devoirs/Devoir-de-Controle-N-2-maths-9-eme-Annee-2017-Tawfik-missaoui.pdf,CONTENU_MATH_FAIBLE,9e,CERTAIN,CONTROLE,NOM_FICHIER,2,5039,1,0,0.0
9eme/mathematiques/devoirs/Devoir-de-Controle-N-3-1er-Semestre-Math-9eme-2018-2019-Mme-Allani.pdf,VALIDE,9e,CERTAIN,CONTROLE,NOM_FICHIER,8,5554,11,0,0.0
9eme/mathematiques/devoirs/Devoir-de-Controle-N-3-2eme-Semestre-Math-9eme-2015-2016-Mr-Adel-Akrout.pdf,VALIDE,9e,CERTAIN,CONTROLE,CONTENU,1,1214,12,0,0.0
9eme/mathematiques/devoirs/Devoir-de-Controle-N-3-College-pilote-Math-9eme-2012-2013-Mr-mehdi-khalfalli.pdf,VALIDE,9e,CERTAIN,CONTROLE,CONTENU,3,1391,11,0,0.001
9eme/mathematiques/devoirs/Devoir-de-Controle-N-3-College-pilote-Math-pythagore-activites-algebriques-9eme-2014-2015-Mr-Benabdelkader-Ahmed.pdf,VALIDE,9e,CERTAIN,CONTROLE,CONTENU,2,1935,12,0,0.001
9eme/mathematiques/devoirs/Devoir-de-Controle-N-3-Education-Civile-9eme-2023-2024-.pdf,VALIDE,9e,CERTAIN,CONTROLE,CONTENU,1,805,2,0,0.0
9eme/mathematiques/devoirs/Devoir-de-Controle-N-3-Education-Civile-9eme-2023-2024-2-.pdf,VALIDE,9e,CERTAIN,CONTROLE,CONTENU,1,709,2,0,0.0
9eme/mathematiques/devoirs/Devoir-de-Controle-N-3-Education-Civile-9eme-3-.pdf,VALIDE,9e,CERTAIN,CONTROLE,NOM_FICHIER,1,742,2,0,0.0
9eme/mathematiques/devoirs/Devoir-de-Controle-N-3-ISLAMIAs-9eme-2022-2023-Mme-khaled-feki.pdf,CONTENU_MATH_FAIBLE,9e,CERTAIN,CONTROLE,CONTENU,2,1974,0,0,0.0
9eme/mathematiques/devoirs/Devoir-de-Controle-N-3-Math-9eme-2010-2011-Mr-Dhouib-Ridha.pdf,VALIDE,9e,CERTAIN,CONTROLE,NOM_FICHIER,1,2782,3,0,0.033
9eme/mathematiques/devoirs/Devoir-de-Controle-N-3-Math-9eme-2011-2012-Mme-Allani.pdf,VALIDE,9e,CERTAIN,CONTROLE,NOM_FICHIER,1,1140,6,0,0.005
9eme/mathematiques/devoirs/Devoir-de-Controle-N-3-Math-9eme-2011-2012-Mr-Ali-Dham.pdf,VALIDE,9e,CERTAIN,CONTROLE,NOM_FICHIER,2,3051,4,0,0.004
9eme/mathematiques/devoirs/Devoir-de-Controle-N-3-Math-9eme-2011-2012-Mr-MaThlouthi-LoTFi.pdf,ENCODAGE_CORROMPU,9e,CERTAIN,CONTROLE,NOM_FICHIER,2,5933,4,0,0.081
9eme/mathematiques/devoirs/Devoir-de-Controle-N-3-Math-9eme-2011-2012-Mr-Mouajria-Hattab.pdf,VALIDE,9e,CERTAIN,CONTROLE,NOM_FICHIER,2,2495,6,0,0.001
9eme/mathematiques/devoirs/Devoir-de-Controle-N-3-Math-9eme-2011-2012-Mr-TOUMI-Abdessalem-2.pdf,VALIDE,9e,CERTAIN,CONTROLE,CONTENU,2,1752,6,0,0.0
9eme/mathematiques/devoirs/Devoir-de-Controle-N-3-Math-9eme-2011-2012-Mr-TOUMI-Abdessalem.pdf,VALIDE,9e,CERTAIN,CONTROLE,CONTENU,2,1696,6,0,0.0
9eme/mathematiques/devoirs/Devoir-de-Controle-N-3-Math-9eme-2011-2012-Mr-gahbiche.pdf,VALIDE,9e,CERTAIN,CONTROLE,CONTENU,1,776,10,0,0.0
9eme/mathematiques/devoirs/Devoir-de-Controle-N-3-Math-9eme-2012-2013-Mr-Barkallah-Lotfi.pdf,VALIDE,9e,CERTAIN,CONTROLE,CONTENU,1,770,8,0,0.0
9eme/mathematiques/devoirs/Devoir-de-Controle-N-3-Math-9eme-2012-2013-Mr-Lotfi-Barkallah.pdf,VALIDE,9e,CERTAIN,CONTROLE,CONTENU,1,1332,8,0,0.046
9eme/mathematiques/devoirs/Devoir-de-Controle-N-3-Math-9eme-2012-2013-Mr-Mouajria-Hattab.pdf,VALIDE,9e,CERTAIN,CONTROLE,NOM_FICHIER,2,2558,8,0,0.0
9eme/mathematiques/devoirs/Devoir-de-Controle-N-3-Math-9eme-2012-2013-Mr-ZOUARI-SAMI.pdf,VALIDE,9e,CERTAIN,CONTROLE,CONTENU,2,1105,10,0,0.0
9eme/mathematiques/devoirs/Devoir-de-Controle-N-3-Math-9eme-2012-2013-Mr-kallel-med.pdf,CONTENU_MATH_FAIBLE,9e,CERTAIN,CONTROLE,NOM_FICHIER,1,856,0,0,0.0
9eme/mathematiques/devoirs/Devoir-de-Controle-N-3-Math-9eme-2013-2014-Mme-Allani.pdf,VALIDE,9e,CERTAIN,CONTROLE,NOM_FICHIER,2,2899,10,0,0.0
9eme/mathematiques/devoirs/Devoir-de-Controle-N-3-Math-9eme-2013-2014-Mme-Hend.pdf,NIVEAU_INCERTAIN,,CONFLIT:8e/9e,CONTROLE,CONTENU,1,1679,8,0,0.002
9eme/mathematiques/devoirs/Devoir-de-Controle-N-3-Math-9eme-2013-2014-Mr-MEJRI-ZIED.pdf,VALIDE,9e,CERTAIN,CONTROLE,CONTENU,2,1481,6,0,0.0
9eme/mathematiques/devoirs/Devoir-de-Controle-N-3-Math-9eme-2013-2014-Mr-Mohamed-Khairedine-.pdf,ENCODAGE_CORROMPU,9e,CERTAIN,CONTROLE,CONTENU,3,2398,5,0,0.419
9eme/mathematiques/devoirs/Devoir-de-Controle-N-3-Math-9eme-2013-2014-Mr-Mohamed-Khairedine.pdf,VALIDE,9e,CERTAIN,CONTROLE,CONTENU,2,805,4,0,0.001
9eme/mathematiques/devoirs/Devoir-de-Controle-N-3-Math-9eme-2013-2014-Mr-ZOUARI-SAMI.pdf,VALIDE,9e,CERTAIN,CONTROLE,CONTENU,2,893,7,0,0.001
9eme/mathematiques/devoirs/Devoir-de-Controle-N-3-Math-9eme-2014-2015-Mme-Allani.pdf,VALIDE,9e,CERTAIN,CONTROLE,NOM_FICHIER,2,2826,8,0,0.0
9eme/mathematiques/devoirs/Devoir-de-Controle-N-3-Math-9eme-2014-2015-Mr-ABIDI.pdf,VALIDE,9e,CERTAIN,CONTROLE,CONTENU,2,1278,9,0,0.001
9eme/mathematiques/devoirs/Devoir-de-Controle-N-3-Math-9eme-2014-2015-Mr-Ayari-Sallem-2.pdf,ENCODAGE_CORROMPU,9e,CERTAIN,CONTROLE,NOM_FICHIER,2,3240,7,0,0.32
9eme/mathematiques/devoirs/Devoir-de-Controle-N-3-Math-9eme-2014-2015-Mr-Ayari-Sallem.pdf,ENCODAGE_CORROMPU,9e,CERTAIN,CONTROLE,NOM_FICHIER,2,3170,9,0,0.328
9eme/mathematiques/devoirs/Devoir-de-Controle-N-3-Math-9eme-2014-2015-Mr-Garrab-Wissem.pdf,VALIDE,9e,CERTAIN,CONTROLE,CONTENU,2,1299,9,0,0.002
9eme/mathematiques/devoirs/Devoir-de-Controle-N-3-Math-9eme-2014-2015-Mr-Mathlouthi-Lotfi.pdf,VALIDE,9e,CERTAIN,CONTROLE,CONTENU,2,3546,7,1,0.001
9eme/mathematiques/devoirs/Devoir-de-Controle-N-3-Math-9eme-2014-2015-Mr-ZOUARI-SAMI.pdf,VALIDE,9e,CERTAIN,CONTROLE,CONTENU,2,2827,11,0,0.054
9eme/mathematiques/devoirs/Devoir-de-Controle-N-3-Math-9eme-2015-2016-Mme-Allani.pdf,ENCODAGE_CORROMPU,9e,CERTAIN,CONTROLE,NOM_FICHIER,8,14729,11,0,0.153
9eme/mathematiques/devoirs/Devoir-de-Controle-N-3-Math-9eme-2015-2016-Mr-Naceur-Imed.pdf,VALIDE,9e,CERTAIN,CONTROLE,CONTENU,3,2235,7,0,0.0
9eme/mathematiques/devoirs/Devoir-de-Controle-N-3-Math-9eme-2015-2016-Mr-ZOUARI-SAMI.pdf,VALIDE,9e,CERTAIN,CONTROLE,NOM_FICHIER,2,764,6,0,0.003
9eme/mathematiques/devoirs/Devoir-de-Controle-N-3-Math-9eme-2016-2017-Eleve-Zahi-Beyrem.pdf,VALIDE,9e,CERTAIN,CONTROLE,CONTENU,1,1207,11,0,0.0
9eme/mathematiques/devoirs/Devoir-de-Controle-N-3-Math-9eme-2016-2017-Mme-Allani.pdf,VALIDE,9e,CERTAIN,CONTROLE,NOM_FICHIER,4,5248,12,0,0.0
9eme/mathematiques/devoirs/Devoir-de-Controle-N-3-Math-9eme-2016-2017-Mr-Dabboussi-Faouzi.pdf,VALIDE,9e,CERTAIN,CONTROLE,NOM_FICHIER,1,1956,6,0,0.001
9eme/mathematiques/devoirs/Devoir-de-Controle-N-3-Math-9eme-2017-2018-Mr-Ameur-Mounir.pdf,VALIDE,9e,CERTAIN,CONTROLE,CONTENU,2,1419,13,0,0.0
9eme/mathematiques/devoirs/Devoir-de-Controle-N-3-Math-9eme-2017-2018-Mr-Dabbousi-Faouzi.pdf,VALIDE,9e,CERTAIN,CONTROLE,NOM_FICHIER,1,2263,5,0,0.001
9eme/mathematiques/devoirs/Devoir-de-Controle-N-3-Math-9eme-2019-2020-Mme-Allani.pdf,VALIDE,9e,CERTAIN,CONTROLE,NOM_FICHIER,7,4838,11,0,0.0
9eme/mathematiques/devoirs/Devoir-de-Controle-N-3-Math-9eme-2021-2022-Mr-Aimen-Hammemi.pdf,VALIDE,9e,CERTAIN,CONTROLE,CONTENU,1,1033,10,0,0.0
9eme/mathematiques/devoirs/Devoir-de-Controle-N-3-Math-9eme-2021-2022-Mr-Moez-Hamdaoui.pdf,VALIDE,9e,CERTAIN,CONTROLE,CONTENU,1,1213,9,1,0.0
9eme/mathematiques/devoirs/Devoir-de-Controle-N-3-Math-9eme-2022-2023-Mr-Alaya-Med.pdf,CONTENU_MATH_FAIBLE,9e,CERTAIN,CONTROLE,CONTENU,1,252,1,0,0.0
9eme/mathematiques/devoirs/Devoir-de-Controle-N-3-Math-9eme-2022-2023-Mr-GHARBI-RIDHA.pdf,VALIDE,9e,CERTAIN,CONTROLE,CONTENU,4,1691,10,0,0.0
9eme/mathematiques/devoirs/Devoir-de-Controle-N-3-Math-9eme-2023-2024--10.pdf,VALIDE,9e,CERTAIN,CONTROLE,NOM_FICHIER,3,1059,4,0,0.005
9eme/mathematiques/devoirs/Devoir-de-Controle-N-3-Math-9eme-2023-2024--11.pdf,VALIDE,9e,CERTAIN,CONTROLE,NOM_FICHIER,3,1059,4,0,0.005
9eme/mathematiques/devoirs/Devoir-de-Controle-N-3-Math-9eme-2023-2024--12.pdf,VALIDE,9e,CERTAIN,CONTROLE,NOM_FICHIER,3,1059,4,0,0.005
9eme/mathematiques/devoirs/Devoir-de-Controle-N-3-Math-9eme-2023-2024--2.pdf,VALIDE,9e,CERTAIN,CONTROLE,NOM_FICHIER,3,1059,4,0,0.005
9eme/mathematiques/devoirs/Devoir-de-Controle-N-3-Math-9eme-2023-2024--3.pdf,VALIDE,9e,CERTAIN,CONTROLE,NOM_FICHIER,3,1059,4,0,0.005
9eme/mathematiques/devoirs/Devoir-de-Controle-N-3-Math-9eme-2023-2024--4.pdf,VALIDE,9e,CERTAIN,CONTROLE,NOM_FICHIER,3,1059,4,0,0.005
9eme/mathematiques/devoirs/Devoir-de-Controle-N-3-Math-9eme-2023-2024--5.pdf,VALIDE,9e,CERTAIN,CONTROLE,NOM_FICHIER,3,1059,4,0,0.005
9eme/mathematiques/devoirs/Devoir-de-Controle-N-3-Math-9eme-2023-2024--6.pdf,VALIDE,9e,CERTAIN,CONTROLE,NOM_FICHIER,3,1059,4,0,0.005
9eme/mathematiques/devoirs/Devoir-de-Controle-N-3-Math-9eme-2023-2024--7.pdf,VALIDE,9e,CERTAIN,CONTROLE,NOM_FICHIER,3,1059,4,0,0.005
9eme/mathematiques/devoirs/Devoir-de-Controle-N-3-Math-9eme-2023-2024--8.pdf,VALIDE,9e,CERTAIN,CONTROLE,NOM_FICHIER,3,1059,4,0,0.005
9eme/mathematiques/devoirs/Devoir-de-Controle-N-3-Math-9eme-2023-2024--9.pdf,VALIDE,9e,CERTAIN,CONTROLE,NOM_FICHIER,3,1059,4,0,0.005
9eme/mathematiques/devoirs/Devoir-de-Controle-N-3-Math-9eme-2023-2024-.pdf,VALIDE,9e,CERTAIN,CONTROLE,NOM_FICHIER,3,1059,4,0,0.005
9eme/mathematiques/devoirs/Devoir-de-Controle-N-3-Math-9eme-2023-2024-2-.pdf,VALIDE,9e,CERTAIN,CONTROLE,CONTENU,2,1017,8,0,0.007
9eme/mathematiques/devoirs/Devoir-de-Controle-N-3-Math-9eme-2023-2024-3-.pdf,VALIDE,9e,CERTAIN,CONTROLE,CONTENU,2,1183,6,0,0.011
9eme/mathematiques/devoirs/Devoir-de-Controle-N-3-Math-9eme-2023-2024-Mr-GHARBI-RIDHA.pdf,VALIDE,9e,CERTAIN,CONTROLE,CONTENU,4,1571,13,0,0.0
9eme/mathematiques/devoirs/Devoir-de-Controle-N-3-Math-DEVOIR-CONTROLE-N-3-9eme-2024-2025-Mr-GHARBI-RIDHA.pdf,VALIDE,9e,CERTAIN,CONTROLE,CONTENU,4,1498,13,0,0.0
9eme/mathematiques/devoirs/Devoir-de-Controle-N-3-Math-DEVOIR-CONTROLE-N-3-9eme-2025-2026-Mr-GHARBI-RIDHA-stamped.pdf,VALIDE,9e,CERTAIN,CONTROLE,CONTENU,3,2883,10,0,0.0
9eme/mathematiques/devoirs/Devoir-de-Controle-N-4-2eme-Semestre-Math-9eme-2017-2018-Mr-Ameur-Mounir.pdf,VALIDE,9e,CERTAIN,CONTROLE,CONTENU,2,1367,17,0,0.001
9eme/mathematiques/devoirs/Devoir-de-Controle-N-4-Math-9eme-2010-2011-Mr-Dhouib-Ridha-2.pdf,VALIDE,9e,CERTAIN,CONTROLE,NOM_FICHIER,1,2656,2,0,0.042
9eme/mathematiques/devoirs/Devoir-de-Controle-N-4-Math-9eme-2010-2011-Mr-Dhouib-Ridha.pdf,VALIDE,9e,CERTAIN,CONTROLE,NOM_FICHIER,1,2651,4,0,0.042
9eme/mathematiques/devoirs/Devoir-de-Controle-N-4-Math-9eme-2010-2011-Mr-samir-souissi.pdf,VALIDE,9e,CERTAIN,CONTROLE,NOM_FICHIER,1,1158,3,0,0.0
9eme/mathematiques/devoirs/Devoir-de-Controle-N-4-Math-9eme-2011-2012-Mme-Allani.pdf,VALIDE,9e,CERTAIN,CONTROLE,NOM_FICHIER,4,16114,11,0,0.001
9eme/mathematiques/devoirs/Devoir-de-Controle-N-4-Math-9eme-2011-2012-Mr-Ali-Amara.pdf,VALIDE,9e,CERTAIN,CONTROLE,NOM_FICHIER,2,1076,3,0,0.027
9eme/mathematiques/devoirs/Devoir-de-Controle-N-4-Math-9eme-2011-2012-Mr-MaThlouthi-LoTFi.pdf,CONTENU_MATH_FAIBLE,9e,CERTAIN,CONTROLE,CONTENU,1,1578,1,1,0.005
9eme/mathematiques/devoirs/Devoir-de-Controle-N-4-Math-9eme-2011-2012-Mr-Mouajria-Hattab.pdf,VALIDE,9e,CERTAIN,CONTROLE,NOM_FICHIER,2,1917,10,0,0.0
9eme/mathematiques/devoirs/Devoir-de-Controle-N-4-Math-9eme-2011-2012-Mr-louznadji-faouzi.pdf,VALIDE,9e,CERTAIN,CONTROLE,NOM_FICHIER,2,4135,3,0,0.0
9eme/mathematiques/devoirs/Devoir-de-Controle-N-4-Math-9eme-2012-2013-Mr-Barkallah-Lotfi.pdf,CONTENU_MATH_FAIBLE,9e,CERTAIN,CONTROLE,NOM_FICHIER,1,1366,1,0,0.052
9eme/mathematiques/devoirs/Devoir-de-Controle-N-4-Math-9eme-2012-2013-Mr-Belaifa-Mohamed-Fadhel.pdf,ENCODAGE_CORROMPU,9e,CERTAIN,CONTROLE,NOM_FICHIER,2,1884,0,0,0.632
9eme/mathematiques/devoirs/Devoir-de-Controle-N-4-Math-9eme-2012-2013-Mr-Mouajria-Hattab.pdf,VALIDE,9e,CERTAIN,CONTROLE,NOM_FICHIER,3,3203,8,0,0.0
9eme/mathematiques/devoirs/Devoir-de-Controle-N-4-Math-9eme-2012-2013-Mr-ZOUARI-SAMI.pdf,VALIDE,9e,CERTAIN,CONTROLE,CONTENU,2,1149,9,0,0.0
9eme/mathematiques/devoirs/Devoir-de-Controle-N-4-Math-9eme-2012-2013-Mr-kallel-med-1.pdf,CONTENU_MATH_FAIBLE,9e,CERTAIN,CONTROLE,NOM_FICHIER,2,704,0,0,0.007
9eme/mathematiques/devoirs/Devoir-de-Controle-N-4-Math-9eme-2012-2013-Mr-kallel-med.pdf,CONTENU_MATH_FAIBLE,9e,CERTAIN,CONTROLE,NOM_FICHIER,2,704,0,0,0.007
9eme/mathematiques/devoirs/Devoir-de-Controle-N-4-Math-9eme-2012-2013-Mr-salhi-sami.pdf,VALIDE,9e,CERTAIN,CONTROLE,NOM_FICHIER,1,911,3,0,0.0
9eme/mathematiques/devoirs/Devoir-de-Controle-N-4-Math-9eme-2013-2014-Mme-Allani.pdf,ENCODAGE_CORROMPU,9e,CERTAIN,CONTROLE,NOM_FICHIER,3,7313,13,0,0.072
9eme/mathematiques/devoirs/Devoir-de-Controle-N-4-Math-9eme-2013-2014-Mr-Ayari-Sallem.pdf,ENCODAGE_CORROMPU,9e,CERTAIN,CONTROLE,NOM_FICHIER,2,3722,8,0,0.337
9eme/mathematiques/devoirs/Devoir-de-Controle-N-4-Math-9eme-2013-2014-Mr-Mohamed-Khairedine-.pdf,VALIDE,9e,CERTAIN,CONTROLE,CONTENU,4,1539,8,0,0.001
9eme/mathematiques/devoirs/Devoir-de-Controle-N-4-Math-9eme-2013-2014-Mr-Mohamed-Khairedine.pdf,VALIDE,9e,CERTAIN,CONTROLE,CONTENU,4,1067,6,0,0.004
9eme/mathematiques/devoirs/Devoir-de-Controle-N-4-Math-9eme-2013-2014-Mr-ZOUARI-SAMI.pdf,VALIDE,9e,CERTAIN,CONTROLE,CONTENU,1,743,5,0,0.001
9eme/mathematiques/devoirs/Devoir-de-Controle-N-4-Math-9eme-2013-2014-Mr-boussaffa-.pdf,VALIDE,9e,CERTAIN,CONTROLE,CONTENU,1,1427,12,1,0.0
9eme/mathematiques/devoirs/Devoir-de-Controle-N-4-Math-9eme-2013-2014-Mr-hedi-abidi-.pdf,VALIDE,9e,CERTAIN,CONTROLE,CONTENU,1,1281,9,0,0.001
9eme/mathematiques/devoirs/Devoir-de-Controle-N-4-Math-9eme-2013-2014-Mr-hedi-abidi-2.pdf,VALIDE,9e,CERTAIN,CONTROLE,NOM_FICHIER,2,1097,9,0,0.0
9eme/mathematiques/devoirs/Devoir-de-Controle-N-4-Math-9eme-2013-2014-Mr-mejri-zied-1.pdf,VALIDE,9e,CERTAIN,CONTROLE,CONTENU,2,1347,8,0,0.0
9eme/mathematiques/devoirs/Devoir-de-Controle-N-4-Math-9eme-2013-2014-Mr-mejri-zied-2.pdf,VALIDE,9e,CERTAIN,CONTROLE,CONTENU,2,1444,8,0,0.001
9eme/mathematiques/devoirs/Devoir-de-Controle-N-4-Math-9eme-2014-2015-Mr-ABIDI.pdf,VALIDE,9e,CERTAIN,CONTROLE,CONTENU,2,2032,12,0,0.0
9eme/mathematiques/devoirs/Devoir-de-Controle-N-4-Math-9eme-2014-2015-Mr-Ayari-Sallem.pdf,ENCODAGE_CORROMPU,9e,CERTAIN,CONTROLE,NOM_FICHIER,2,3180,9,0,0.383
9eme/mathematiques/devoirs/Devoir-de-Controle-N-4-Math-9eme-2014-2015-Mr-Mathlouthi-Lotfi.pdf,VALIDE,9e,CERTAIN,CONTROLE,CONTENU,2,6174,7,0,0.0
9eme/mathematiques/devoirs/Devoir-de-Controle-N-4-Math-9eme-2014-2015-Mr-ZOUARI-SAMI.pdf,VALIDE,9e,CERTAIN,CONTROLE,CONTENU,1,1067,12,0,0.001
9eme/mathematiques/devoirs/Devoir-de-Controle-N-4-Math-9eme-2015-2016-Mme-Allani.pdf,VALIDE,9e,CERTAIN,CONTROLE,NOM_FICHIER,4,7842,15,0,0.003
9eme/mathematiques/devoirs/Devoir-de-Controle-N-4-Math-9eme-2015-2016-Mr-Ayari-Sallem.pdf,ENCODAGE_CORROMPU,9e,CERTAIN,CONTROLE,NOM_FICHIER,3,3729,8,0,0.596
9eme/mathematiques/devoirs/Devoir-de-Controle-N-4-Math-9eme-2015-2016-Mr-Khlifi-Maher.pdf,VALIDE,9e,CERTAIN,CONTROLE,CONTENU,2,1525,8,0,0.0
9eme/mathematiques/devoirs/Devoir-de-Controle-N-4-Math-9eme-2015-2016-Mr-MaThlouthi-Lotfi.pdf,VALIDE,9e,CERTAIN,CONTROLE,CONTENU,1,2002,9,1,0.001
9eme/mathematiques/devoirs/Devoir-de-Controle-N-4-Math-9eme-2015-2016-Mr-Naceur-Imed.pdf,VALIDE,9e,CERTAIN,CONTROLE,CONTENU,2,2622,9,0,0.005
9eme/mathematiques/devoirs/Devoir-de-Controle-N-4-Math-9eme-2015-2016-Mr-ZOUARI-SAMI.pdf,VALIDE,9e,CERTAIN,CONTROLE,NOM_FICHIER,1,867,9,0,0.001
9eme/mathematiques/devoirs/Devoir-de-Controle-N-4-Math-9eme-2016-2017-Mme-Allani.pdf,VALIDE,9e,CERTAIN,CONTROLE,NOM_FICHIER,2,4320,8,0,0.0
9eme/mathematiques/devoirs/Devoir-de-Controle-N-4-Math-9eme-2016-2017-Mr-Dabboussi-Faouzi.pdf,VALIDE,9e,CERTAIN,CONTROLE,NOM_FICHIER,1,2022,12,0,0.001
9eme/mathematiques/devoirs/Devoir-de-Controle-N-4-Math-9eme-2017-2018-Mr-Dabbousi-Faouzi.pdf,VALIDE,9e,CERTAIN,CONTROLE,NOM_FICHIER,1,2361,4,0,0.001
9eme/mathematiques/devoirs/Devoir-de-Controle-N-4-Math-9eme-2019-2020-Mme-Allani.pdf,VALIDE,9e,CERTAIN,CONTROLE,NOM_FICHIER,8,5321,12,0,0.0
9eme/mathematiques/devoirs/Devoir-de-Controle-N-4-Math-9eme-2021-2022-Mr-Aimen-Hamemi.pdf,VALIDE,9e,CERTAIN,CONTROLE,CONTENU,1,1093,8,0,0.0
9eme/mathematiques/devoirs/Devoir-de-Controle-N-4-Math-9eme-2022-2023-Mr-GHARBI-RIDHA.pdf,VALIDE,9e,CERTAIN,CONTROLE,CONTENU,4,1467,11,0,0.0
9eme/mathematiques/devoirs/Devoir-de-Controle-N-4-Math-9eme-2022-2023-Mr-ZOUARI-SAMI-2.pdf,VALIDE,9e,CERTAIN,CONTROLE,CONTENU,2,1262,14,0,0.0
9eme/mathematiques/devoirs/Devoir-de-Controle-N-4-Math-9eme-2023-2024-Mr-GHARBI-RIDHA.pdf,VALIDE,9e,CERTAIN,CONTROLE,CONTENU,4,1484,13,0,0.0
9eme/mathematiques/devoirs/Devoir-de-Controle-N-4-Math-pythagore-produit-remarquable-9eme-2014-2015-Mr-Ayari-Sallem.pdf,VALIDE,9e,CERTAIN,CONTROLE,NOM_FICHIER,2,2745,11,0,0.012
9eme/mathematiques/devoirs/Devoir-de-Controle-N-5-2eme-Semestre-Math-9eme-2018-2019-Mr-Abdelghaffar-Sami.pdf,CONTENU_MATH_FAIBLE,9e,CERTAIN,CONTROLE,NOM_FICHIER,2,4557,0,1,0.028
9eme/mathematiques/devoirs/Devoir-de-Controle-N-5-Math-9eme-2013-2014-Mr-Abdelaziz-Ben-Marzouk-.pdf,CONTENU_MATH_FAIBLE,9e,CERTAIN,CONTROLE,NOM_FICHIER,2,2544,0,0,0.031
9eme/mathematiques/devoirs/Devoir-de-Controle-N-5-Math-9eme-2013-2014-Mr-Kallel-bilel.pdf,VALIDE,9e,CERTAIN,CONTROLE,CONTENU,1,1008,8,0,0.0
9eme/mathematiques/devoirs/Devoir-de-Controle-N-5-Math-9eme-2013-2014-Mr-MEJRI-ZIED.pdf,VALIDE,9e,CERTAIN,CONTROLE,CONTENU,2,1772,10,0,0.003
9eme/mathematiques/devoirs/Devoir-de-Controle-N-5-Math-9eme-2013-2014-Mr-Mathlouthi-Lotfi-.pdf,VALIDE,9e,CERTAIN,CONTROLE,CONTENU,2,1204,10,1,0.007
9eme/mathematiques/devoirs/Devoir-de-Controle-N-5-Math-9eme-2013-2014-Mr-Mohamed-Khairedine-.pdf,ENCODAGE_CORROMPU,9e,CERTAIN,CONTROLE,CONTENU,4,2731,2,0,0.836
9eme/mathematiques/devoirs/Devoir-de-Controle-N-5-Math-9eme-2013-2014-Mr-ZOUARI-SAMI-.pdf,VALIDE,9e,CERTAIN,CONTROLE,NOM_FICHIER,1,898,8,0,0.003
9eme/mathematiques/devoirs/Devoir-de-Controle-N-5-Math-9eme-2015-2016-Mr-Abdelghaffar-Sami.pdf,CONTENU_MATH_FAIBLE,9e,CERTAIN,CONTROLE,NOM_FICHIER,3,9322,1,0,0.015
9eme/mathematiques/devoirs/Devoir-de-Controle-N-5-Math-9eme-2015-2016-Mr-Imed-Naceur.pdf,VALIDE,9e,CERTAIN,CONTROLE,CONTENU,4,2707,11,0,0.009
9eme/mathematiques/devoirs/Devoir-de-Controle-N-5-Math-9eme-2015-2016-Mr-Smiti-Moez.pdf,VALIDE,9e,CERTAIN,CONTROLE,CONTENU,2,4194,10,0,0.02
9eme/mathematiques/devoirs/Devoir-de-Controle-N-5-Math-9eme-2021-2022-Mr-ZOUARI-SAMI-1-.pdf,VALIDE,9e,CERTAIN,CONTROLE,CONTENU,2,788,9,0,0.001
9eme/mathematiques/devoirs/Devoir-de-Controle-N-5-Math-9eme-2022-2023-Mr-GHARBI-RIDHA.pdf,VALIDE,9e,CERTAIN,CONTROLE,CONTENU,4,1435,14,0,0.001
9eme/mathematiques/devoirs/Devoir-de-Controle-N-5-Math-9eme-2023-2024--2.pdf,VALIDE,9e,CERTAIN,CONTROLE,CONTENU,2,1419,12,0,0.001
9eme/mathematiques/devoirs/Devoir-de-Controle-N-5-Math-9eme-2023-2024-.pdf,VALIDE,9e,CERTAIN,CONTROLE,CONTENU,2,1112,9,0,0.007
9eme/mathematiques/devoirs/Devoir-de-Controle-N-5-Math-DEVOIR-9eme-2024-2025-Mr-GHARBI-RIDHA-stamped.pdf,VALIDE,9e,CERTAIN,CONTROLE,CONTENU,4,1336,12,0,0.001
9eme/mathematiques/devoirs/Devoir-de-Controle-N-6-College-pilote-Math-9eme-2013-2014-Mr-Boulares-sadri-.pdf,VALIDE,9e,CERTAIN,CONTROLE,NOM_FICHIER,2,2625,5,0,0.039
9eme/mathematiques/devoirs/Devoir-de-Controle-N-6-Math-9eme-2012-2013-Mme-Thabet.pdf,VALIDE,9e,CERTAIN,CONTROLE,NOM_FICHIER,2,1326,11,1,0.005
9eme/mathematiques/devoirs/Devoir-de-Controle-N-6-Math-9eme-2013-2014-Mr-MEJRI-ZIED.pdf,VALIDE,9e,CERTAIN,CONTROLE,CONTENU,2,1693,12,0,0.0
9eme/mathematiques/devoirs/Devoir-de-Controle-N-6-Math-9eme-2013-2014-Mr-Mezhoud.pdf,VALIDE,9e,CERTAIN,CONTROLE,CONTENU,2,1364,12,0,0.0
9eme/mathematiques/devoirs/Devoir-de-Controle-N-6-Math-9eme-2013-2014-Mr-Mohamed-Khairedine-.pdf,ENCODAGE_CORROMPU,9e,CERTAIN,CONTROLE,CONTENU,4,2835,2,0,0.833
9eme/mathematiques/devoirs/Devoir-de-Controle-N-6-Math-9eme-2013-2014-Mr-ZOUARI-SAMI-.pdf,VALIDE,9e,CERTAIN,CONTROLE,NOM_FICHIER,2,906,9,0,0.003
9eme/mathematiques/devoirs/Devoir-de-Controle-N-6-Math-9eme-2014-2015-Mme-Mounira.pdf,VALIDE,9e,CERTAIN,CONTROLE,CONTENU,2,1695,12,0,0.001
9eme/mathematiques/devoirs/Devoir-de-Controle-N-6-Math-9eme-2014-2015-Mr-Ayari-Sallem.pdf,VALIDE,9e,CERTAIN,CONTROLE,NOM_FICHIER,2,1311,13,0,0.005
9eme/mathematiques/devoirs/Devoir-de-Controle-N-6-Math-9eme-2014-2015-Mr-ZOUARI-SAMI.pdf,VALIDE,9e,CERTAIN,CONTROLE,CONTENU,2,3839,13,0,0.005
9eme/mathematiques/devoirs/Devoir-de-Controle-N-6-Math-9eme-2021-2022-Mme-Allani.pdf,VALIDE,9e,CERTAIN,CONTROLE,NOM_FICHIER,4,7009,8,0,0.002
9eme/mathematiques/devoirs/Devoir-de-Controle-N-6-Math-9eme-2021-2022-Mr-ZOUARI-SAMI.pdf,VALIDE,9e,CERTAIN,CONTROLE,CONTENU,1,1091,11,0,0.002
9eme/mathematiques/devoirs/Devoir-de-Controle-N-6-Math-9eme-2022-2023-Mr-ALAYA-MOHAMED.pdf,VALIDE,9e,CERTAIN,CONTROLE,CONTENU,2,789,4,0,0.004
9eme/mathematiques/devoirs/Devoir-de-Controle-N-6-Math-9eme-2022-2023-Mr-GHARBI-RIDHA.pdf,VALIDE,9e,CERTAIN,CONTROLE,CONTENU,4,1532,13,0,0.0
9eme/mathematiques/devoirs/Devoir-de-Controle-N-6-Math-9eme-2023-2024-.pdf,VALIDE,9e,CERTAIN,CONTROLE,CONTENU,2,1036,7,0,0.004
9eme/mathematiques/devoirs/Devoir-de-Controle-N-6-Math-9eme-2023-2024-2-.pdf,NIVEAU_INCERTAIN,,CONFLIT:8e/9e,CONTROLE,CONTENU,4,865,11,0,0.003
9eme/mathematiques/devoirs/Devoir-de-Controle-N-6-Math-9eme-2023-2024-Mr-GHARBI-RIDHA.pdf,VALIDE,9e,CERTAIN,CONTROLE,CONTENU,4,1876,18,0,0.0
9eme/mathematiques/devoirs/Devoir-de-Controle-N-6-Math-DEVOIR-9eme-2024-2025-Mr-GHARBI-RIDHA-stamped.pdf,VALIDE,9e,CERTAIN,CONTROLE,CONTENU,4,1792,17,0,0.0
9eme/mathematiques/devoirs/Devoir-de-Controle-N-6-Math-controle-6-9eme-2024-2025-Mr-Alaya-Mohamed_watermark.pdf,VALIDE,9e,CERTAIN,CONTROLE,CONTENU,2,205,2,0,0.0
9eme/mathematiques/devoirs/Devoir-de-Maison-N-1-College-pilote-Maths-9eme-_2010-2011_-Eleve-Khdija.pdf,VALIDE,9e,CERTAIN,MAISON,CONTENU,2,1370,12,0,0.001
9eme/mathematiques/devoirs/Devoir-de-Maison-N-1-Math-9eme-2014-2015-Mr-bboussaffa-belgacem.pdf,VALIDE,9e,CERTAIN,MAISON,CONTENU,2,3556,14,0,0.001
9eme/mathematiques/devoirs/Devoir-de-Maison-N-2-College-pilote-Math-9eme-2013-2014-Mr-oueslati-.pdf,VALIDE,9e,CERTAIN,MAISON,CONTENU,2,1419,12,0,0.0
9eme/mathematiques/devoirs/Devoir-de-Maison-N-2-College-pilote-Math-9eme-2014-2015-Mr-Benabdelkader-Ahmed.pdf,VALIDE,9e,CERTAIN,MAISON,CONTENU,2,2602,20,0,0.0
9eme/mathematiques/devoirs/Devoir-de-Maison-N-2-Math-9eme-2013-2014-Mme-sassi-mejda.pdf,VALIDE,9e,CERTAIN,MAISON,CONTENU,2,1538,11,0,0.001
9eme/mathematiques/devoirs/Devoir-de-Maison-N-2-Math-9eme-2013-2014-Mr-mejri-zied.pdf,VALIDE,9e,CERTAIN,MAISON,CONTENU,3,2358,12,0,0.0
9eme/mathematiques/devoirs/Devoir-de-Maison-N-3-College-pilote-Math-9eme-2014-2015-Mr-Benabdelkader-Ahmed.pdf,VALIDE,9e,CERTAIN,MAISON,CONTENU,2,2923,19,0,0.0
9eme/mathematiques/devoirs/Devoir-de-Maison-N-3-College-pilote-Maths-9eme-_2010-2011_-Mr-Faouzi-Gharbi.pdf,VALIDE,9e,CERTAIN,MAISON,CONTENU,2,2295,16,0,0.001
9eme/mathematiques/devoirs/Devoir-de-Maison-N-3-Math-9eme-2008-2009-Mr-ROUIS.pdf,CONTENU_MATH_FAIBLE,9e,CERTAIN,MAISON,NOM_FICHIER,2,4729,1,0,0.019
9eme/mathematiques/devoirs/Devoir-de-Maison-N-6-Math-9eme-2010-2011-Mr-Barkallah-Lotfi.pdf,VALIDE,9e,CERTAIN,MAISON,NOM_FICHIER,1,543,3,0,0.0
9eme/mathematiques/devoirs/Devoir-de-Revision-2018-2019-College-pilote-2eme-Semestre-Math-9eme-2018-2019-.pdf,CONTENU_MATH_FAIBLE,9e,CERTAIN,EXAMEN_NATIONAL,CONTENU,3,217,0,0,0.0
9eme/mathematiques/devoirs/Devoir-de-Revision-Autre-College-pilote-Math-9eme-2021-2022-Mr-ZOUARI-SAMI.pdf,VALIDE,9e,CERTAIN,EXAMEN_NATIONAL,CONTENU,3,1906,16,0,0.001
9eme/mathematiques/devoirs/Devoir-de-Revision-College-pilote-Math-9eme-2014-2015-Mr-Ben-Abdelkader-Ahmed.pdf,MIXTE_college_lycee,9e,CERTAIN,DEVOIR_INDETERMINE,DOSSIER,17,23761,35,2,0.022
9eme/mathematiques/devoirs/Devoir-de-Revision-Math-9eme-2014-2015-Mr-Ayari-Sallem.pdf,VALIDE,9e,CERTAIN,DEVOIR_INDETERMINE,DOSSIER,2,1730,13,0,0.0
9eme/mathematiques/devoirs/Devoir-de-Revision-N-1-Math-9eme-2017-2018-Mlle-Cherni-Waad.pdf,VALIDE,9e,CERTAIN,DEVOIR_INDETERMINE,DOSSIER,2,1049,8,1,0.0
9eme/mathematiques/devoirs/Devoir-de-Revision-N-1-Math-9eme-2020-2021-Mme-Allani.pdf,VALIDE,9e,CERTAIN,DEVOIR_INDETERMINE,DOSSIER,2,4523,14,0,0.01
9eme/mathematiques/devoirs/Devoir-de-Revision-N-5-2eme-Semestre-Math-9eme-2018-2019-Mr-Alaya-Med.pdf,VALIDE,9e,CERTAIN,DEVOIR_INDETERMINE,DOSSIER,2,841,7,0,0.0
9eme/mathematiques/devoirs/Devoir-de-Synthese-N-1-1er-Semestre-Math-9eme-2018-2019-Mr-Abdelghaffar-Sami.pdf,VALIDE,9e,CERTAIN,SYNTHESE,NOM_FICHIER,3,7394,3,0,0.01
9eme/mathematiques/devoirs/Devoir-de-Synthese-N-1-College-pilote-Math-9eme-2012-2013-Mr-abbedi-othmen.pdf,VALIDE,9e,CERTAIN,SYNTHESE,NOM_FICHIER,2,2164,11,0,0.002
9eme/mathematiques/devoirs/Devoir-de-Synthese-N-1-College-pilote-Math-9eme-2013-2014-Mr-oueslati.pdf,VALIDE,9e,CERTAIN,SYNTHESE,CONTENU,3,1595,13,0,0.0
9eme/mathematiques/devoirs/Devoir-de-Synthese-N-1-College-pilote-Math-9eme-2015-2016-Mme-tekeri-zeineb.pdf,VALIDE,9e,CERTAIN,SYNTHESE,CONTENU,2,1347,11,0,0.0
9eme/mathematiques/devoirs/Devoir-de-Synthese-N-1-Math-9eme-2011-2012-Mr-Dhouib-Ridha.pdf,VALIDE,9e,CERTAIN,SYNTHESE,NOM_FICHIER,2,3303,3,0,0.017
9eme/mathematiques/devoirs/Devoir-de-Synthese-N-1-Math-9eme-2011-2012-Mr-Mouajria-Hattab.pdf,VALIDE,9e,CERTAIN,SYNTHESE,NOM_FICHIER,2,1823,15,0,0.002
9eme/mathematiques/devoirs/Devoir-de-Synthese-N-1-Math-9eme-2011-2012-Mr-ben-hassen-oussama.pdf,VALIDE,9e,CERTAIN,SYNTHESE,NOM_FICHIER,2,1504,10,1,0.001
9eme/mathematiques/devoirs/Devoir-de-Synthese-N-1-Math-9eme-2011-2012-Mr-gharsalli-zinelabidine.pdf,VALIDE,9e,CERTAIN,SYNTHESE,CONTENU,2,1085,8,0,0.0
9eme/mathematiques/devoirs/Devoir-de-Synthese-N-1-Math-9eme-2011-2012-Mr-kochbati-kamel.pdf,CONTENU_MATH_FAIBLE,9e,CERTAIN,SYNTHESE,NOM_FICHIER,2,2360,0,0,0.002
9eme/mathematiques/devoirs/Devoir-de-Synthese-N-1-Math-9eme-2012-2013-Mr-abbedi-othmen-1.pdf,VALIDE,9e,CERTAIN,SYNTHESE,NOM_FICHIER,2,2164,11,0,0.002
9eme/mathematiques/devoirs/Devoir-de-Synthese-N-1-Math-9eme-2012-2013-Mr-abbedi-othmen.pdf,VALIDE,9e,CERTAIN,SYNTHESE,NOM_FICHIER,2,2164,11,0,0.002
9eme/mathematiques/devoirs/Devoir-de-Synthese-N-1-Math-9eme-2012-2013-Mr-ben-amor-mohamed.pdf,VALIDE,9e,CERTAIN,SYNTHESE,CONTENU,3,2944,13,0,0.001
9eme/mathematiques/devoirs/Devoir-de-Synthese-N-1-Math-9eme-2013-2014-Mr-Ben-Amara-Mohamed.pdf,VALIDE,9e,CERTAIN,SYNTHESE,CONTENU,2,1589,12,0,0.0
9eme/mathematiques/devoirs/Devoir-de-Synthese-N-1-Math-9eme-2013-2014-Mr-MEJRI-ZIED-2.pdf,VALIDE,9e,CERTAIN,SYNTHESE,NOM_FICHIER,2,2715,10,0,0.009
9eme/mathematiques/devoirs/Devoir-de-Synthese-N-1-Math-9eme-2013-2014-Mr-Mme-Allani.pdf,VALIDE,9e,CERTAIN,SYNTHESE,NOM_FICHIER,1,1659,8,0,0.0
9eme/mathematiques/devoirs/Devoir-de-Synthese-N-1-Math-9eme-2013-2014-Mr-Mohamed-Khairedine-.pdf,VALIDE,9e,CERTAIN,SYNTHESE,CONTENU,3,1346,10,0,0.0
9eme/mathematiques/devoirs/Devoir-de-Synthese-N-1-Math-9eme-2013-2014-Mr-ZOUARI-SAMI.pdf,VALIDE,9e,CERTAIN,SYNTHESE,CONTENU,2,1142,9,0,0.0
9eme/mathematiques/devoirs/Devoir-de-Synthese-N-1-Math-9eme-2014-2015-Mme-.pdf,VALIDE,9e,CERTAIN,SYNTHESE,CONTENU,2,1321,14,1,0.0
9eme/mathematiques/devoirs/Devoir-de-Synthese-N-1-Math-9eme-2014-2015-Mme-Ayedi-Et-Allani.pdf,VALIDE,9e,CERTAIN,SYNTHESE,CONTENU,1,1885,5,0,0.001
9eme/mathematiques/devoirs/Devoir-de-Synthese-N-1-Math-9eme-2014-2015-Mr-Ayadhi-chokri.pdf,VALIDE,9e,CERTAIN,SYNTHESE,NOM_FICHIER,2,2826,11,0,0.002
9eme/mathematiques/devoirs/Devoir-de-Synthese-N-1-Math-9eme-2014-2015-Mr-Ayari-Sallem.pdf,ENCODAGE_CORROMPU,9e,CERTAIN,SYNTHESE,NOM_FICHIER,3,4327,11,0,0.359
9eme/mathematiques/devoirs/Devoir-de-Synthese-N-1-Math-9eme-2014-2015-Mr-Ben-Cheikh-Mourad.pdf,VALIDE,9e,CERTAIN,SYNTHESE,CONTENU,3,2394,15,0,0.001
9eme/mathematiques/devoirs/Devoir-de-Synthese-N-1-Math-9eme-2014-2015-Mr-Labidi-Hedi.pdf,VALIDE,9e,CERTAIN,SYNTHESE,NOM_FICHIER,3,2130,13,0,0.001
9eme/mathematiques/devoirs/Devoir-de-Synthese-N-1-Math-9eme-2014-2015-Mr-ZOUARI-SAMI.pdf,VALIDE,9e,CERTAIN,SYNTHESE,CONTENU,2,1066,9,0,0.004
9eme/mathematiques/devoirs/Devoir-de-Synthese-N-1-Math-9eme-2014-2015-Mr-bboussaffa-belgacem.pdf,VALIDE,9e,CERTAIN,SYNTHESE,CONTENU,2,2419,15,0,0.0
9eme/mathematiques/devoirs/Devoir-de-Synthese-N-1-Math-9eme-2015-2016-Mr-Ayadhi.pdf,ENCODAGE_CORROMPU,9e,CERTAIN,SYNTHESE,NOM_FICHIER,4,5893,9,0,0.508
9eme/mathematiques/devoirs/Devoir-de-Synthese-N-1-Math-9eme-2015-2016-Mr-Ayari-Sallem.pdf,VALIDE,9e,CERTAIN,SYNTHESE,CONTENU,2,1060,9,0,0.0
9eme/mathematiques/devoirs/Devoir-de-Synthese-N-1-Math-9eme-2015-2016-Mr-Dridi-ghassen.pdf,VALIDE,9e,CERTAIN,SYNTHESE,NOM_FICHIER,2,1382,13,1,0.001
9eme/mathematiques/devoirs/Devoir-de-Synthese-N-1-Math-9eme-2015-2016-Mr-ZOUARI-SAMI.pdf,VALIDE,9e,CERTAIN,SYNTHESE,CONTENU,2,1169,10,0,0.003
9eme/mathematiques/devoirs/Devoir-de-Synthese-N-1-Math-9eme-2015-2016-Mr-bboussaffa-belgacem.pdf,VALIDE,9e,CERTAIN,SYNTHESE,CONTENU,6,9025,14,0,0.0
9eme/mathematiques/devoirs/Devoir-de-Synthese-N-1-Math-9eme-2016-2017-Mme-Allani.pdf,VALIDE,9e,CERTAIN,SYNTHESE,CONTENU,1,1382,13,0,0.001
9eme/mathematiques/devoirs/Devoir-de-Synthese-N-1-Math-9eme-2016-2017-Mr-Ayadhi.pdf,VALIDE,9e,CERTAIN,SYNTHESE,NOM_FICHIER,3,8599,6,0,0.001
9eme/mathematiques/devoirs/Devoir-de-Synthese-N-1-Math-9eme-2016-2017-Mr-Ayari-Sallem.pdf,ENCODAGE_CORROMPU,9e,CERTAIN,SYNTHESE,NOM_FICHIER,2,3197,6,0,0.442
9eme/mathematiques/devoirs/Devoir-de-Synthese-N-1-Math-9eme-2016-2017-Mr-Dabboussi-Faouzi.pdf,VALIDE,9e,CERTAIN,SYNTHESE,NOM_FICHIER,2,5670,9,0,0.006
9eme/mathematiques/devoirs/Devoir-de-Synthese-N-1-Math-9eme-2017-2018-Mlle-Cherni-Waad.pdf,VALIDE,9e,CERTAIN,SYNTHESE,CONTENU,2,1779,11,1,0.0
9eme/mathematiques/devoirs/Devoir-de-Synthese-N-1-Math-9eme-2017-2018-Mme-Allani.pdf,VALIDE,9e,CERTAIN,SYNTHESE,CONTENU,1,1328,11,0,0.0
9eme/mathematiques/devoirs/Devoir-de-Synthese-N-1-Math-9eme-2017-2018-Mr-Ameur-Mounir.pdf,VALIDE,9e,CERTAIN,SYNTHESE,CONTENU,2,1520,10,0,0.0
9eme/mathematiques/devoirs/Devoir-de-Synthese-N-1-Math-9eme-2017-2018-Mr-Dabbousi-Faouzi.pdf,VALIDE,9e,CERTAIN,SYNTHESE,NOM_FICHIER,1,2294,3,0,0.001
9eme/mathematiques/devoirs/Devoir-de-Synthese-N-1-Math-9eme-2017-2018-Mr-Mathlouthi-Lotfi.pdf,VALIDE,9e,CERTAIN,SYNTHESE,CONTENU,2,1061,7,0,0.0
9eme/mathematiques/devoirs/Devoir-de-Synthese-N-1-Math-9eme-2017-2018-Mr-ZOUARI-SAMI-2.pdf,VALIDE,9e,CERTAIN,SYNTHESE,CONTENU,2,2452,10,0,0.001
9eme/mathematiques/devoirs/Devoir-de-Synthese-N-1-Math-9eme-2017-2018-Mr-ZOUARI-SAMI.pdf,VALIDE,9e,CERTAIN,SYNTHESE,CONTENU,2,2478,9,0,0.001
9eme/mathematiques/devoirs/Devoir-de-Synthese-N-1-Math-9eme-2019-2020-Mme-Allani.pdf,VALIDE,9e,CERTAIN,SYNTHESE,CONTENU,4,3158,14,0,0.0
9eme/mathematiques/devoirs/Devoir-de-Synthese-N-1-Math-9eme-2019-2020-Mr-BEN-SLAMA.pdf,VALIDE,9e,CERTAIN,SYNTHESE,NOM_FICHIER,2,2003,11,0,0.03
9eme/mathematiques/devoirs/Devoir-de-Synthese-N-1-Math-9eme-2019-2020-Mr-CHELLY-SAMI.pdf,VALIDE,9e,CERTAIN,SYNTHESE,NOM_FICHIER,2,3731,6,0,0.034
9eme/mathematiques/devoirs/Devoir-de-Synthese-N-1-Math-9eme-2019-2020-Mr-SAEM-MONGI.pdf,VALIDE,9e,CERTAIN,SYNTHESE,NOM_FICHIER,1,1419,10,0,0.0
9eme/mathematiques/devoirs/Devoir-de-Synthese-N-1-Math-9eme-2019-2020-Mr-ZOUARI-SAMI.pdf,VALIDE,9e,CERTAIN,SYNTHESE,CONTENU,2,1277,10,0,0.003
9eme/mathematiques/devoirs/Devoir-de-Synthese-N-1-Math-9eme-2021-2022-Mr-ZOUARI-SAMI.pdf,VALIDE,9e,CERTAIN,SYNTHESE,CONTENU,2,1247,9,0,0.0
9eme/mathematiques/devoirs/Devoir-de-Synthese-N-1-Math-9eme-2022-2023-Mr-GHARBI-RIDHA.pdf,VALIDE,9e,CERTAIN,SYNTHESE,CONTENU,4,1632,14,0,0.001
9eme/mathematiques/devoirs/Devoir-de-Synthese-N-1-Math-9eme-2022-2023-Mr-ZOUARI-SAMI-1.pdf,VALIDE,9e,CERTAIN,SYNTHESE,CONTENU,2,1317,12,0,0.002
9eme/mathematiques/devoirs/Devoir-de-Synthese-N-1-Math-9eme-2024-2025-Mme-Trabelsi-Saoussen.pdf,VALIDE,9e,CERTAIN,SYNTHESE,CONTENU,2,1463,14,0,0.0
9eme/mathematiques/devoirs/Devoir-de-Synthese-N-1-Math-9eme-2024-2025-Mr-GHARBI-RIDHA.pdf,VALIDE,9e,CERTAIN,SYNTHESE,NOM_FICHIER,4,3445,9,0,0.0
9eme/mathematiques/devoirs/Devoir-de-Synthese-N-1-Math-DEVOIR-9eme-2025-2026-Mr-GHARBI-RIDHA-stamped-compressed.pdf,VALIDE,9e,CERTAIN,SYNTHESE,CONTENU,4,1499,14,0,0.0
9eme/mathematiques/devoirs/Devoir-de-Synthese-N-1-Math-Math-9eme-2012-2013-Mr-Bahar-Farouk.pdf,VALIDE,9e,CERTAIN,SYNTHESE,CONTENU,2,1457,13,0,0.002
9eme/mathematiques/devoirs/Devoir-de-Synthese-N-1-Math-Thales-et-puissances-dans-R-9eme-2013-2014-Mr-mezhoud-elaid.pdf,VALIDE,9e,CERTAIN,SYNTHESE,CONTENU,2,1413,12,0,0.0
9eme/mathematiques/devoirs/Devoir-de-Synthese-N-2-1er-Semestre-Math-9eme-2018-2019-Mme-Allani.pdf,VALIDE,9e,CERTAIN,SYNTHESE,CONTENU,2,1871,10,0,0.0
9eme/mathematiques/devoirs/Devoir-de-Synthese-N-2-1er-Semestre-Math-9eme-2018-2019-Mr-Abidi-Hedi.pdf,VALIDE,9e,CERTAIN,SYNTHESE,NOM_FICHIER,3,1292,11,0,0.0
9eme/mathematiques/devoirs/Devoir-de-Synthese-N-2-2eme-Semestre-Math-9eme-2015-2016-Mr-Adel-Akrout.pdf,VALIDE,9e,CERTAIN,SYNTHESE,CONTENU,2,2476,21,1,0.0
9eme/mathematiques/devoirs/Devoir-de-Synthese-N-2-College-pilote-Math-9eme-2012-2013-Mr-oueslati-.pdf,VALIDE,9e,CERTAIN,SYNTHESE,CONTENU,3,2051,11,0,0.0
9eme/mathematiques/devoirs/Devoir-de-Synthese-N-2-College-pilote-Math-9eme-2013-2014-Mr-Ouni-Anouar-.pdf,VALIDE,9e,CERTAIN,SYNTHESE,CONTENU,2,2684,17,1,0.0
9eme/mathematiques/devoirs/Devoir-de-Synthese-N-2-College-pilote-Math-Thales-Pytagore-comparaison-9eme-2013-2014-Mr-Aloui-Slah-.pdf,VALIDE,9e,CERTAIN,SYNTHESE,CONTENU,2,2901,13,1,0.0
9eme/mathematiques/devoirs/Devoir-de-Synthese-N-2-Math-9-eme-2023-2022-.pdf,VALIDE,9e,CERTAIN,SYNTHESE,CONTENU,2,1831,8,0,0.004
9eme/mathematiques/devoirs/Devoir-de-Synthese-N-2-Math-9eme-2011-2012-Mr-ellafi-mohamed.pdf,VALIDE,9e,CERTAIN,SYNTHESE,CONTENU,2,2375,2,0,0.002
9eme/mathematiques/devoirs/Devoir-de-Synthese-N-2-Math-9eme-2011-2012-Mr-salhi-3.pdf,CONTENU_MATH_FAIBLE,9e,CERTAIN,SYNTHESE,NOM_FICHIER,2,1714,0,0,0.001
9eme/mathematiques/devoirs/Devoir-de-Synthese-N-2-Math-9eme-2012-2013-Lotfi-Barkallah-Mr-Barkallah-Lotfi.pdf,VALIDE,9e,CERTAIN,SYNTHESE,CONTENU,1,1216,13,0,0.001
9eme/mathematiques/devoirs/Devoir-de-Synthese-N-2-Math-9eme-2012-2013-Mme-Allani-Et-Ayedi.pdf,VALIDE,9e,CERTAIN,SYNTHESE,CONTENU,2,2422,10,0,0.002
9eme/mathematiques/devoirs/Devoir-de-Synthese-N-2-Math-9eme-2012-2013-Mme-Thabet.pdf,VALIDE,9e,CERTAIN,SYNTHESE,NOM_FICHIER,2,1930,9,1,0.005
9eme/mathematiques/devoirs/Devoir-de-Synthese-N-2-Math-9eme-2012-2013-Mme-zelfani.pdf,VALIDE,9e,CERTAIN,SYNTHESE,CONTENU,2,1072,9,0,0.0
9eme/mathematiques/devoirs/Devoir-de-Synthese-N-2-Math-9eme-2012-2013-Mr-Athmouni-Abid.pdf,VALIDE,9e,CERTAIN,SYNTHESE,CONTENU,2,2237,9,1,0.004
9eme/mathematiques/devoirs/Devoir-de-Synthese-N-2-Math-9eme-2012-2013-Mr-Mouajria-Hattab.pdf,VALIDE,9e,CERTAIN,SYNTHESE,NOM_FICHIER,2,2496,8,0,0.002
9eme/mathematiques/devoirs/Devoir-de-Synthese-N-2-Math-9eme-2012-2013-Mr-Nasri-wissem.pdf,CONTENU_MATH_FAIBLE,9e,CERTAIN,SYNTHESE,CONTENU,2,2043,1,0,0.001
9eme/mathematiques/devoirs/Devoir-de-Synthese-N-2-Math-9eme-2012-2013-Mr-ben-amor-mohamed.pdf,CONTENU_MATH_FAIBLE,9e,CERTAIN,SYNTHESE,NOM_FICHIER,4,1693,1,0,0.0
9eme/mathematiques/devoirs/Devoir-de-Synthese-N-2-Math-9eme-2012-2013-Mr-boussaffa-belgacem.pdf,VALIDE,9e,CERTAIN,SYNTHESE,NOM_FICHIER,2,3158,13,1,0.0
9eme/mathematiques/devoirs/Devoir-de-Synthese-N-2-Math-9eme-2012-2013-Mr-zouari-Sami.pdf,VALIDE,9e,CERTAIN,SYNTHESE,NOM_FICHIER,2,1046,7,0,0.007
9eme/mathematiques/devoirs/Devoir-de-Synthese-N-2-Math-9eme-2013-2014-Mme-Allani-et-Mme-Ayadi-.pdf,VALIDE,9e,CERTAIN,SYNTHESE,NOM_FICHIER,4,5080,9,0,0.003
9eme/mathematiques/devoirs/Devoir-de-Synthese-N-2-Math-9eme-2013-2014-Mme-Zelfani-.pdf,VALIDE,9e,CERTAIN,SYNTHESE,NOM_FICHIER,2,1498,11,0,0.0
9eme/mathematiques/devoirs/Devoir-de-Synthese-N-2-Math-9eme-2013-2014-Mr-Dekhili.pdf,CONTENU_MATH_FAIBLE,9e,CERTAIN,SYNTHESE,NOM_FICHIER,2,2533,1,0,0.0
9eme/mathematiques/devoirs/Devoir-de-Synthese-N-2-Math-9eme-2013-2014-Mr-MEJRI-ZIED.pdf,VALIDE,9e,CERTAIN,SYNTHESE,CONTENU,2,2324,9,0,0.0
9eme/mathematiques/devoirs/Devoir-de-Synthese-N-2-Math-9eme-2013-2014-Mr-Mohamed-Khairedine-.pdf,VALIDE,9e,CERTAIN,SYNTHESE,CONTENU,4,15869,2,0,0.0
9eme/mathematiques/devoirs/Devoir-de-Synthese-N-2-Math-9eme-2013-2014-Mr-Mohamed-Khairedine.pdf,VALIDE,9e,CERTAIN,SYNTHESE,CONTENU,2,1757,10,0,0.0
9eme/mathematiques/devoirs/Devoir-de-Synthese-N-2-Math-9eme-2013-2014-Mr-boussaffa-.pdf,VALIDE,9e,CERTAIN,SYNTHESE,CONTENU,2,3119,14,0,0.0
9eme/mathematiques/devoirs/Devoir-de-Synthese-N-2-Math-9eme-2013-2014-Mr-gahbiche-.pdf,CONTENU_MATH_FAIBLE,9e,CERTAIN,SYNTHESE,NOM_FICHIER,2,2526,0,0,0.041
9eme/mathematiques/devoirs/Devoir-de-Synthese-N-2-Math-9eme-2013-2014-Mr-hedi-abidi-.pdf,VALIDE,9e,CERTAIN,SYNTHESE,CONTENU,2,2209,14,0,0.0
9eme/mathematiques/devoirs/Devoir-de-Synthese-N-2-Math-9eme-2014-2015-.pdf,VALIDE,9e,CERTAIN,SYNTHESE,CONTENU,2,2088,12,0,0.001
9eme/mathematiques/devoirs/Devoir-de-Synthese-N-2-Math-9eme-2014-2015-Mme-Allani.pdf,VALIDE,9e,CERTAIN,SYNTHESE,CONTENU,2,2258,13,0,0.0
9eme/mathematiques/devoirs/Devoir-de-Synthese-N-2-Math-9eme-2014-2015-Mr-.pdf,VALIDE,9e,CERTAIN,SYNTHESE,CONTENU,2,1668,15,0,0.001
9eme/mathematiques/devoirs/Devoir-de-Synthese-N-2-Math-9eme-2014-2015-Mr-Abidi-Noureddine.pdf,VALIDE,9e,CERTAIN,SYNTHESE,NOM_FICHIER,4,1629,9,0,0.001
9eme/mathematiques/devoirs/Devoir-de-Synthese-N-2-Math-9eme-2014-2015-Mr-Amer-Bouyahi.pdf,VALIDE,9e,CERTAIN,SYNTHESE,NOM_FICHIER,2,2569,9,1,0.0
9eme/mathematiques/devoirs/Devoir-de-Synthese-N-2-Math-9eme-2014-2015-Mr-Ayari-Sallem.pdf,VALIDE,9e,CERTAIN,SYNTHESE,CONTENU,2,1895,11,0,0.001
9eme/mathematiques/devoirs/Devoir-de-Synthese-N-2-Math-9eme-2015-2016-Mr-Abidi-Hedi.pdf,VALIDE,9e,CERTAIN,SYNTHESE,CONTENU,2,2569,13,0,0.008
9eme/mathematiques/devoirs/Devoir-de-Synthese-N-2-Math-9eme-2015-2016-Mr-Zantour-Hamdi.pdf,VALIDE,9e,CERTAIN,SYNTHESE,CONTENU,4,6161,14,0,0.0
9eme/mathematiques/devoirs/Devoir-de-Synthese-N-2-Math-9eme-2021-2022-Mme-Allani.pdf,ENCODAGE_CORROMPU,9e,CERTAIN,SYNTHESE,NOM_FICHIER,5,8557,7,0,0.142
9eme/mathematiques/devoirs/Devoir-de-Synthese-N-2-Math-9eme-2021-2022-Mr-ZOUARI-SAMI-2.pdf,VALIDE,9e,CERTAIN,SYNTHESE,CONTENU,3,2017,13,0,0.0
9eme/mathematiques/devoirs/Devoir-de-Synthese-N-2-Math-9eme-2021-2022-Mr-ZOUARI-SAMI.pdf,VALIDE,9e,CERTAIN,SYNTHESE,CONTENU,2,1964,13,0,0.001
9eme/mathematiques/devoirs/Devoir-de-Synthese-N-2-Math-9eme-2022-2023-Mr-Amen-Allah.pdf,VALIDE,9e,CERTAIN,SYNTHESE,CONTENU,3,2416,10,0,0.0
9eme/mathematiques/devoirs/Devoir-de-Synthese-N-2-Math-9eme-2022-2023-Mr-GHARBI-RIDHA.pdf,VALIDE,9e,CERTAIN,SYNTHESE,CONTENU,4,2069,11,0,0.0
9eme/mathematiques/devoirs/Devoir-de-Synthese-N-2-Math-9eme-2022-2023-Mr-ZOUARI-SAMI.pdf,VALIDE,9e,CERTAIN,SYNTHESE,CONTENU,3,2033,13,0,0.0
9eme/mathematiques/devoirs/Devoir-de-Synthese-N-2-Math-9eme-2023-2024--2.pdf,VALIDE,9e,CERTAIN,SYNTHESE,CONTENU,2,1522,10,0,0.005
9eme/mathematiques/devoirs/Devoir-de-Synthese-N-2-Math-9eme-2023-2024-.pdf,VALIDE,9e,CERTAIN,SYNTHESE,CONTENU,2,1843,8,0,0.004
9eme/mathematiques/devoirs/Devoir-de-Synthese-N-2-Math-9eme-2023-2024-Mr-GHARBI-RIDHA.pdf,VALIDE,9e,CERTAIN,SYNTHESE,CONTENU,4,2015,14,0,0.0
9eme/mathematiques/devoirs/Devoir-de-Synthese-N-3-College-pilote-2eme-Semestre-Math-9eme-2016-2017-.pdf,VALIDE,9e,CERTAIN,EXAMEN_NATIONAL,CONTENU,2,2298,18,0,0.0
9eme/mathematiques/devoirs/Devoir-de-Synthese-N-3-College-pilote-2eme-Semestre-Math-9eme-2017-2018-.pdf,VALIDE,9e,CERTAIN,EXAMEN_NATIONAL,CONTENU,2,2385,18,0,0.0
9eme/mathematiques/devoirs/Devoir-de-Synthese-N-3-College-pilote-Math-9eme-2013-2014-Mr-Oueslati.pdf,VALIDE,9e,CERTAIN,SYNTHESE,CONTENU,2,2379,20,0,0.0
9eme/mathematiques/devoirs/Devoir-de-Synthese-N-3-Education-musicale-9eme-2011-2012-Mr-BOUMEILI-Mustapha.pdf,CONTENU_MATH_FAIBLE,9e,CERTAIN,SYNTHESE,NOM_FICHIER,4,1834,1,0,0.004
9eme/mathematiques/devoirs/Devoir-de-Synthese-N-3-Math-9-eme-2022-2023-.pdf,VALIDE,9e,CERTAIN,SYNTHESE,CONTENU,2,1914,13,0,0.009
9eme/mathematiques/devoirs/Devoir-de-Synthese-N-3-Math-9eme-2012-2013-Mr-Belaifa-Mohamed-Fadhel.pdf,ENCODAGE_CORROMPU,9e,CERTAIN,SYNTHESE,CONTENU,4,4905,16,0,0.5
9eme/mathematiques/devoirs/Devoir-de-Synthese-N-3-Math-9eme-2012-2013-Mr-Mouajria-Hattab-.pdf,VALIDE,9e,CERTAIN,SYNTHESE,NOM_FICHIER,2,2707,16,0,0.0
9eme/mathematiques/devoirs/Devoir-de-Synthese-N-3-Math-9eme-2012-2013-Mr-gharsalli-zinelabidine.pdf,CONTENU_MATH_FAIBLE,9e,CERTAIN,SYNTHESE,NOM_FICHIER,4,9333,0,0,0.006
9eme/mathematiques/devoirs/Devoir-de-Synthese-N-3-Math-9eme-2013-2014-Mr-Abdel-Kader-Houcine.pdf,VALIDE,9e,CERTAIN,SYNTHESE,CONTENU,2,3339,16,1,0.003
9eme/mathematiques/devoirs/Devoir-de-Synthese-N-3-Math-9eme-2013-2014-Mr-Abidi-Hedi-.pdf,VALIDE,9e,CERTAIN,SYNTHESE,CONTENU,3,2689,16,0,0.002
9eme/mathematiques/devoirs/Devoir-de-Synthese-N-3-Math-9eme-2013-2014-Mr-Essid-Atef-.pdf,VALIDE,9e,CERTAIN,SYNTHESE,CONTENU,4,1515,15,0,0.0
9eme/mathematiques/devoirs/Devoir-de-Synthese-N-3-Math-9eme-2013-2014-Mr-MEJRI-ZIED.pdf,VALIDE,9e,CERTAIN,SYNTHESE,CONTENU,3,1679,13,0,0.0
9eme/mathematiques/devoirs/Devoir-de-Synthese-N-3-Math-9eme-2013-2014-Mr-Mohamed-Khairedine-.pdf,VALIDE,9e,CERTAIN,SYNTHESE,CONTENU,5,13006,4,0,0.0
9eme/mathematiques/devoirs/Devoir-de-Synthese-N-3-Math-9eme-2013-2014-Mr-ZOUARI-SAMI.pdf,VALIDE,9e,CERTAIN,SYNTHESE,NOM_FICHIER,2,1716,10,0,0.003
9eme/mathematiques/devoirs/Devoir-de-Synthese-N-3-Math-9eme-2014-2015-Mme-Allani-Et-Ayedi.pdf,VALIDE,9e,CERTAIN,SYNTHESE,NOM_FICHIER,2,2913,16,0,0.0
9eme/mathematiques/devoirs/Devoir-de-Synthese-N-3-Math-9eme-2014-2015-Mme-Allani.pdf,VALIDE,9e,CERTAIN,SYNTHESE,NOM_FICHIER,2,2913,16,0,0.0
9eme/mathematiques/devoirs/Devoir-de-Synthese-N-3-Math-9eme-2014-2015-Mr-ABIDI.pdf,VALIDE,9e,CERTAIN,SYNTHESE,CONTENU,2,2004,16,0,0.0
9eme/mathematiques/devoirs/Devoir-de-Synthese-N-3-Math-9eme-2014-2015-Mr-ZOUARI-SAMI.pdf,VALIDE,9e,CERTAIN,SYNTHESE,CONTENU,2,5629,18,0,0.001
9eme/mathematiques/devoirs/Devoir-de-Synthese-N-3-Math-9eme-2014-2015-Mr-bboussaffa-belgacem.pdf,VALIDE,9e,CERTAIN,SYNTHESE,CONTENU,2,4548,18,0,0.0
9eme/mathematiques/devoirs/Devoir-de-Synthese-N-3-Math-9eme-2015-2016-Mme-Ayari-Fethia.pdf,ENCODAGE_CORROMPU,9e,CERTAIN,SYNTHESE,CONTENU,4,6959,19,0,0.416
9eme/mathematiques/devoirs/Devoir-de-Synthese-N-3-Math-9eme-2015-2016-Mme-Ayedi-Et-Allani.pdf,VALIDE,9e,CERTAIN,SYNTHESE,NOM_FICHIER,2,3117,17,0,0.0
9eme/mathematiques/devoirs/Devoir-de-Synthese-N-3-Math-9eme-2015-2016-Mr-Smiti-Moez.pdf,ENCODAGE_CORROMPU,9e,CERTAIN,SYNTHESE,CONTENU,4,4287,13,0,0.114
9eme/mathematiques/devoirs/Devoir-de-Synthese-N-3-Math-9eme-2021-2022-Mr-ZOUARI-SAMI-2.pdf,VALIDE,9e,CERTAIN,SYNTHESE,CONTENU,3,2380,15,1,0.002
9eme/mathematiques/devoirs/Devoir-de-Synthese-N-3-Math-9eme-2021-2022-Mr-ZOUARI-SAMI.pdf,VALIDE,9e,CERTAIN,SYNTHESE,CONTENU,3,2380,15,1,0.002
9eme/mathematiques/devoirs/Devoir-de-Synthese-N-3-Math-9eme-2022-2023-Mr-GHARBI-RIDHA.pdf,VALIDE,9e,CERTAIN,SYNTHESE,CONTENU,4,1860,15,0,0.0
9eme/mathematiques/devoirs/Devoir-de-Synthese-N-3-Math-9eme-2022-2023-Mr-Jileni-ben-hamouda.pdf,VALIDE,9e,CERTAIN,SYNTHESE,CONTENU,3,1709,17,0,0.001
9eme/mathematiques/devoirs/Devoir-de-Synthese-N-3-Math-9eme-2022-2023-Mr-ZOUARI-SAMI.pdf,VALIDE,9e,CERTAIN,SYNTHESE,CONTENU,2,2402,17,0,0.002
9eme/mathematiques/devoirs/Devoir-de-Synthese-N-3-Math-9eme-2023-2024--2.pdf,VALIDE,9e,CERTAIN,SYNTHESE,CONTENU,2,1375,11,0,0.006
9eme/mathematiques/devoirs/Devoir-de-Synthese-N-3-Math-9eme-2023-2024-.pdf,VALIDE,9e,CERTAIN,SYNTHESE,CONTENU,2,1971,14,1,0.001
9eme/mathematiques/devoirs/Devoir-de-Synthese-N-3-Math-9eme-2023-2024-3-.pdf,VALIDE,9e,CERTAIN,SYNTHESE,CONTENU,2,1933,13,0,0.008
9eme/mathematiques/devoirs/Devoir-de-Synthese-N-3-Math-9eme-2023-2024-Mr-GHARBI-RIDHA.pdf,VALIDE,9e,CERTAIN,SYNTHESE,CONTENU,4,2066,21,0,0.0
9eme/mathematiques/devoirs/Devoir-de-Synthese-N-3-Math-DEVOIR-SYNTHESE-N3-9eme-2024-2025-Mr-GHARBI-RIDHA_watermark.pdf,VALIDE,9e,CERTAIN,SYNTHESE,CONTENU,4,2179,16,0,0.001
9eme/mathematiques/devoirs/Devoir-de-controle-N-4-Math-9eme-2010-2011-Mr-Hadi-Ben-Soltan.pdf,VALIDE,9e,CERTAIN,CONTROLE,NOM_FICHIER,2,1054,9,0,0.0
9eme/mathematiques/devoirs/Devoir-de-controle-N-4-Math-9eme-2010-2011-Mr-ben-Abassia-1.pdf,VALIDE,9e,CERTAIN,CONTROLE,NOM_FICHIER,1,683,7,1,0.001
9eme/mathematiques/devoirs/Devoir-de-controle-N-5-Math-9eme-2012-2013-Mr-gharsalli-zinelabidine.pdf,NIVEAU_INCERTAIN,,CONFLIT:8e/9e,CONTROLE,CONTENU,2,1169,14,0,0.0
9eme/mathematiques/devoirs/Devoir-de-controle-n-1-Reseau-local-9eme.pdf,ENCODAGE_CORROMPU,9e,CERTAIN,CONTROLE,CONTENU,2,2317,0,0,0.093
9eme/mathematiques/devoirs/Devoir-de-maison-N-3-Math-9eme-2009-2010-Mr-Noureddine-Khlifi-Mr-Amara-Negi.pdf,VALIDE,9e,CERTAIN,MAISON,NOM_FICHIER,2,2573,2,0,0.001
9eme/mathematiques/devoirs/Devoir-de-maison-N-3-Math-9eme-2009-2010-Mr-Noureddine-Khlifi-Mr-Amara-Neji.pdf,VALIDE,9e,CERTAIN,MAISON,NOM_FICHIER,2,2564,2,0,0.001
9eme/mathematiques/devoirs/Devoir-de-revision-N-1-College-pilote-Math-9eme-2010-2011-Mr-Gharbi.pdf,VALIDE,9e,CERTAIN,DEVOIR_INDETERMINE,DOSSIER,4,4340,11,0,0.0
9eme/mathematiques/devoirs/Devoir-de-revision-N-1-Math-9eme-2010-2011-Mr-Hadi-Ben-Soltan.pdf,CONTENU_MATH_FAIBLE,9e,CERTAIN,DEVOIR_INDETERMINE,DOSSIER,2,791,0,0,0.001
9eme/mathematiques/devoirs/Devoir-de-revision-N-2-Math-9eme-2010-2011-Mr-Hadi-Ben-Soltan.pdf,VALIDE,9e,CERTAIN,DEVOIR_INDETERMINE,DOSSIER,2,452,2,0,0.0
9eme/mathematiques/devoirs/Devoir-de-synthese-N-2-Math-9eme-2012-2013-Mr-gharsalli-zinelabidine.pdf,CONTENU_MATH_FAIBLE,9e,CERTAIN,SYNTHESE,NOM_FICHIER,2,2867,1,1,0.026
9eme/mathematiques/devoirs/Devoir-de-synthese-Technolgie-N-2-9eme-2008-2009-.pdf,VALIDE,9e,CERTAIN,SYNTHESE,CONTENU,4,1087,2,0,0.0
9eme/mathematiques/devoirs/Equations-In_part1.pdf,VALIDE,9e,INCERTAIN,DEVOIR_INDETERMINE,DOSSIER,6,4032,10,0,0.005
9eme/mathematiques/devoirs/Equations-In_part2.pdf,VALIDE,9e,INCERTAIN,DEVOIR_INDETERMINE,DOSSIER,8,10486,9,0,0.06
9eme/mathematiques/devoirs/Equations-In_part3.pdf,VALIDE,9e,INCERTAIN,DEVOIR_INDETERMINE,DOSSIER,6,3958,9,0,0.007
9eme/mathematiques/devoirs/Equations-In_part4.pdf,MIXTE_college_lycee,9e,INCERTAIN,DEVOIR_INDETERMINE,DOSSIER,13,17575,15,2,0.056
9eme/mathematiques/devoirs/Equations-In_part5.pdf,VALIDE,9e,INCERTAIN,DEVOIR_INDETERMINE,DOSSIER,8,6086,7,0,0.012
9eme/mathematiques/devoirs/Exemple-de-revision-1-Math-pour-le-concours-9eme-2010-Mr-Mohamed-Adel.pdf,VALIDE,9e,CERTAIN,EXAMEN_NATIONAL,NOM_FICHIER,2,2172,14,0,0.0
9eme/mathematiques/devoirs/Exemple-de-revision-14-Math-pour-le-concours-9eme-Mr-Rached-Mansar-D.R-Sousse.pdf,VALIDE,9e,CERTAIN,EXAMEN_NATIONAL,NOM_FICHIER,2,1704,3,0,0.001
9eme/mathematiques/devoirs/Exemple-de-revision-2-Math-pour-le-concours-9eme-2010-Mr-Mohamed-Adel.pdf,VALIDE,9e,CERTAIN,EXAMEN_NATIONAL,NOM_FICHIER,2,2007,13,0,0.015
9eme/mathematiques/devoirs/Exemple-de-revision-3-Math-pour-le-concours-9eme-2010-Mr-Mohamed-Adel.pdf,VALIDE,9e,CERTAIN,EXAMEN_NATIONAL,NOM_FICHIER,2,1825,16,0,0.0
9eme/mathematiques/devoirs/Exemple-de-revision-5-Math-pour-le-concours-9eme-Mr-Rached-Mansar-D.R-Sousse.pdf,VALIDE,9e,CERTAIN,EXAMEN_NATIONAL,NOM_FICHIER,2,1669,2,0,0.002
9eme/mathematiques/devoirs/Exemple-de-revision-Math-pour-le-concours-9eme-2009-D.R-Nabeul.pdf,VALIDE,9e,CERTAIN,EXAMEN_NATIONAL,NOM_FICHIER,2,2606,4,0,0.02
9eme/mathematiques/devoirs/Exemple-de-revision-Math-pour-le-concours-9eme-TUNISIAMATH.pdf,VALIDE,9e,CERTAIN,EXAMEN_NATIONAL,NOM_FICHIER,2,1562,2,0,0.0
9eme/mathematiques/devoirs/OperationsR_part1.pdf,VALIDE,9e,INCERTAIN,DEVOIR_INDETERMINE,DOSSIER,5,3462,6,0,0.007
9eme/mathematiques/devoirs/OperationsR_part2.pdf,VALIDE,9e,INCERTAIN,DEVOIR_INDETERMINE,DOSSIER,6,5418,8,0,0.007
9eme/mathematiques/devoirs/OperationsR_part3.pdf,VALIDE,9e,INCERTAIN,DEVOIR_INDETERMINE,DOSSIER,2,1660,6,0,0.001
9eme/mathematiques/devoirs/OperationsR_part4.pdf,VALIDE,9e,INCERTAIN,DEVOIR_INDETERMINE,DOSSIER,6,5260,14,0,0.004
9eme/mathematiques/devoirs/OperationsR_part5.pdf,VALIDE,9e,INCERTAIN,DEVOIR_INDETERMINE,DOSSIER,13,10449,13,0,0.002
9eme/mathematiques/devoirs/OperationsR_part6.pdf,VALIDE,9e,INCERTAIN,DEVOIR_INDETERMINE,DOSSIER,12,13246,9,0,0.053
9eme/mathematiques/devoirs/Prod_Expr_part1.pdf,VALIDE,9e,INCERTAIN,DEVOIR_INDETERMINE,DOSSIER,5,3971,13,0,0.002
9eme/mathematiques/devoirs/Prod_Expr_part2.pdf,VALIDE,9e,INCERTAIN,DEVOIR_INDETERMINE,DOSSIER,13,19330,20,1,0.048
9eme/mathematiques/devoirs/Prod_Expr_part3.pdf,VALIDE,9e,INCERTAIN,DEVOIR_INDETERMINE,DOSSIER,6,4590,11,0,0.013
9eme/mathematiques/devoirs/Puissance_9_part1.pdf,VALIDE,9e,INCERTAIN,DEVOIR_INDETERMINE,DOSSIER,13,7457,7,0,0.001
9eme/mathematiques/devoirs/Puissance_9_part2.pdf,VALIDE,9e,INCERTAIN,DEVOIR_INDETERMINE,DOSSIER,2,1206,8,0,0.0
9eme/mathematiques/devoirs/Puissance_9_part3.pdf,VALIDE,9e,INCERTAIN,DEVOIR_INDETERMINE,DOSSIER,9,4654,11,0,0.018
9eme/mathematiques/devoirs/Reperes_part1.pdf,VALIDE,9e,INCERTAIN,DEVOIR_INDETERMINE,DOSSIER,16,12528,16,0,0.004
9eme/mathematiques/devoirs/Reperes_part2.pdf,VALIDE,9e,INCERTAIN,DEVOIR_INDETERMINE,DOSSIER,8,9123,14,0,0.011
9eme/mathematiques/devoirs/Reviser-le-Math-pour-le-concours-9eme-TUNISIAMATH.pdf,VALIDE,9e,CERTAIN,EXAMEN_NATIONAL,NOM_FICHIER,2,1070,8,0,0.0
9eme/mathematiques/devoirs/Revision-Concours-9eme-Mai-2008-.pdf,VALIDE,9e,CERTAIN,EXAMEN_NATIONAL,NOM_FICHIER,2,1240,16,0,0.001
9eme/mathematiques/devoirs/Revision-Math-concours-9eme-TUNISIAMATH.pdf,VALIDE,9e,CERTAIN,EXAMEN_NATIONAL,NOM_FICHIER,2,1614,5,0,0.0
9eme/mathematiques/devoirs/Revision-Math-pour-le-concours-9eme-TUNISIAMATH.pdf,VALIDE,9e,CERTAIN,EXAMEN_NATIONAL,NOM_FICHIER,3,2760,5,0,0.0
9eme/mathematiques/devoirs/Revision-concours-math-9eme-2009-2010-Mme-Rezgui-Wided-E.P-EL-Wardya.pdf,VALIDE,9e,CERTAIN,EXAMEN_NATIONAL,NOM_FICHIER,6,8793,28,0,0.001
9eme/mathematiques/devoirs/Revision-de-Mathematiques-pour-le-concours-9eme-TUNISIAMATH.pdf,VALIDE,9e,CERTAIN,EXAMEN_NATIONAL,NOM_FICHIER,3,1407,6,0,0.0
9eme/mathematiques/devoirs/Revision-pour-Devoir-de-synthese-N-2-Math-9eme-College-pilote-Les-berges-du-lac-Mr-Faouzi-El-Gharbi.pdf,VALIDE,9e,CERTAIN,SYNTHESE,NOM_FICHIER,4,5418,18,0,0.0
9eme/mathematiques/devoirs/Serie-d-exercices-Math-Revision-concours-9eme-9eme-2015-2016-Mr-Khechine-Hichem.pdf,VALIDE,9e,CERTAIN,EXAMEN_NATIONAL,NOM_FICHIER,2,1569,8,0,0.0
9eme/mathematiques/devoirs/Serie-d-exercices-Math-revision-concours-9eme-9eme-2015-2016-Mr-Hichem-Khechine.pdf,VALIDE,9e,CERTAIN,EXAMEN_NATIONAL,NOM_FICHIER,2,2411,15,1,0.0
9eme/mathematiques/devoirs/arithmetique_part1.pdf,VALIDE,9e,INCERTAIN,DEVOIR_INDETERMINE,DOSSIER,2,2223,5,0,0.026
9eme/mathematiques/devoirs/arithmetique_part2.pdf,MIXTE_college_lycee,9e,INCERTAIN,DEVOIR_INDETERMINE,DOSSIER,3,5741,7,2,0.006
9eme/mathematiques/devoirs/arithmetique_part3.pdf,VALIDE,9e,INCERTAIN,CONTROLE,CONTENU,6,10557,9,0,0.015
9eme/mathematiques/devoirs/arithmetique_part4.pdf,VALIDE,9e,INCERTAIN,DEVOIR_INDETERMINE,DOSSIER,5,6949,10,1,0.018
9eme/mathematiques/devoirs/concours-9eme-math-2010-enonce.pdf,VALIDE,9e,CERTAIN,EXAMEN_NATIONAL,NOM_FICHIER,2,2154,20,0,0.001
9eme/mathematiques/devoirs/devoir-controle-4-math-9eme-2022-2023-Eleve-Alaya-Med.pdf,VALIDE,9e,CERTAIN,CONTROLE,CONTENU,1,934,12,0,0.0
9eme/mathematiques/devoirs/ensembleR_part1.pdf,VALIDE,9e,INCERTAIN,DEVOIR_INDETERMINE,DOSSIER,7,9837,13,0,0.04
9eme/mathematiques/devoirs/ensembleR_part2.pdf,VALIDE,9e,INCERTAIN,DEVOIR_INDETERMINE,DOSSIER,4,2868,13,0,0.031
9eme/mathematiques/examens-nationaux/2001.pdf,VALIDE,9e,INCERTAIN,EXAMEN_NATIONAL,DOSSIER,3,1861,14,0,0.001
9eme/mathematiques/examens-nationaux/2002.pdf,VALIDE,9e,INCERTAIN,EXAMEN_NATIONAL,DOSSIER,2,1853,19,0,0.001
9eme/mathematiques/examens-nationaux/2003.pdf,VALIDE,9e,INCERTAIN,EXAMEN_NATIONAL,DOSSIER,2,1612,11,0,0.001
9eme/mathematiques/examens-nationaux/2005.pdf,VALIDE,9e,INCERTAIN,CORRIGE,CONTENU,4,2852,16,0,0.0
9eme/mathematiques/examens-nationaux/2006.pdf,VALIDE,9e,INCERTAIN,EXAMEN_NATIONAL,DOSSIER,2,1680,16,0,0.001
9eme/mathematiques/examens-nationaux/2007.pdf,VALIDE,9e,INCERTAIN,EXAMEN_NATIONAL,DOSSIER,2,1769,12,0,0.001
9eme/mathematiques/examens-nationaux/2008.pdf,VALIDE,9e,INCERTAIN,EXAMEN_NATIONAL,DOSSIER,2,1961,17,0,0.001
9eme/mathematiques/exercices/1-9--10.pdf,VALIDE,9e,CERTAIN,SYNTHESE,CONTENU,3,3357,4,0,0.0
9eme/mathematiques/exercices/1-9--11.pdf,VALIDE,9e,CERTAIN,CONTROLE,CONTENU,2,1194,2,0,0.0
9eme/mathematiques/exercices/1-9--2.pdf,VALIDE,9e,CERTAIN,SERIE,DOSSIER,1,1312,5,0,0.0
9eme/mathematiques/exercices/1-9--3.pdf,VALIDE,9e,CERTAIN,SERIE,DOSSIER,1,1194,4,0,0.0
9eme/mathematiques/exercices/1-9--4.pdf,VALIDE,9e,CERTAIN,CONTROLE,CONTENU,1,458,2,1,0.0
9eme/mathematiques/exercices/1-9--5.pdf,CONTENU_MATH_FAIBLE,9e,CERTAIN,SERIE,DOSSIER,1,323,1,0,0.0
9eme/mathematiques/exercices/1-9--6.pdf,VALIDE,9e,CERTAIN,CONTROLE,CONTENU,1,457,2,1,0.0
9eme/mathematiques/exercices/1-9--7.pdf,CONTENU_MATH_FAIBLE,9e,CERTAIN,SERIE,DOSSIER,1,1236,0,0,0.0
9eme/mathematiques/exercices/1-9--8.pdf,CONTENU_MATH_FAIBLE,9e,CERTAIN,CONTROLE,CONTENU,3,5274,1,0,0.001
9eme/mathematiques/exercices/1-9--9.pdf,CONTENU_MATH_FAIBLE,9e,CERTAIN,SERIE,DOSSIER,5,9953,0,0,0.0
9eme/mathematiques/exercices/1-9-.pdf,VALIDE,9e,CERTAIN,SERIE,DOSSIER,1,1238,5,0,0.001
9eme/mathematiques/exercices/1-9-2.pdf,CONTENU_MATH_FAIBLE,9e,CERTAIN,SYNTHESE,CONTENU,3,2186,1,1,0.0
9eme/mathematiques/exercices/1-9-2008-2009--2.pdf,CONTENU_MATH_FAIBLE,9e,CERTAIN,SYNTHESE,CONTENU,1,589,1,0,0.0
9eme/mathematiques/exercices/1-9-2008-2009--3.pdf,VALIDE,9e,CERTAIN,SYNTHESE,CONTENU,3,3736,3,0,0.002
9eme/mathematiques/exercices/1-9-2008-2009-.pdf,CONTENU_MATH_FAIBLE,9e,CERTAIN,SERIE,DOSSIER,1,477,1,0,0.002
9eme/mathematiques/exercices/1-9-2008-2009-2.pdf,CONTENU_MATH_FAIBLE,9e,CERTAIN,SERIE,DOSSIER,1,587,1,0,0.002
9eme/mathematiques/exercices/1-9-2009-2010--2.pdf,CONTENU_MATH_FAIBLE,9e,CERTAIN,SYNTHESE,CONTENU,2,989,0,0,0.0
9eme/mathematiques/exercices/1-9-2009-2010--3.pdf,VALIDE,9e,CERTAIN,SYNTHESE,CONTENU,3,3891,3,0,0.002
9eme/mathematiques/exercices/1-9-2009-2010--4.pdf,VALIDE,9e,CERTAIN,SYNTHESE,CONTENU,3,2682,3,1,0.0
9eme/mathematiques/exercices/1-9-2009-2010-.pdf,VALIDE,9e,CERTAIN,SERIE,DOSSIER,3,3150,5,0,0.001
9eme/mathematiques/exercices/1-9-2009-2010-4.pdf,HORS_MATIERE:arabe,9e,CERTAIN,SYNTHESE,CONTENU,3,2212,1,0,0.0
9eme/mathematiques/exercices/1-9-2010-2011--2.pdf,VALIDE,9e,CERTAIN,SYNTHESE,CONTENU,3,3772,3,0,0.002
9eme/mathematiques/exercices/1-9-2010-2011--3.pdf,CONTENU_MATH_FAIBLE,9e,CERTAIN,SERIE,DOSSIER,1,2060,0,0,0.0
9eme/mathematiques/exercices/1-9-2010-2011-.pdf,VALIDE,9e,CERTAIN,SERIE,DOSSIER,3,3281,3,0,0.001
9eme/mathematiques/exercices/1-9-2010-2011-2.pdf,VALIDE,9e,CERTAIN,SERIE,DOSSIER,3,3003,3,0,0.001
9eme/mathematiques/exercices/1-9-2012-2011--2.pdf,VALIDE,9e,CERTAIN,SYNTHESE,CONTENU,1,1000,2,0,0.0
9eme/mathematiques/exercices/1-9-2012-2011--3.pdf,CONTENU_MATH_FAIBLE,9e,CERTAIN,SERIE,DOSSIER,1,848,0,0,0.0
9eme/mathematiques/exercices/1-9-2012-2011--4.pdf,CONTENU_MATH_FAIBLE,9e,CERTAIN,SERIE,DOSSIER,1,357,0,0,0.0
9eme/mathematiques/exercices/1-9-2012-2011--5.pdf,CONTENU_MATH_FAIBLE,9e,CERTAIN,SYNTHESE,CONTENU,1,1006,0,1,0.0
9eme/mathematiques/exercices/1-9-2012-2011--6.pdf,VALIDE,9e,CERTAIN,SYNTHESE,CONTENU,1,683,2,0,0.0
9eme/mathematiques/exercices/1-9-2012-2011-.pdf,CONTENU_MATH_FAIBLE,9e,CERTAIN,SERIE,DOSSIER,3,7086,1,0,0.0
9eme/mathematiques/exercices/1-9-2013-2012-.pdf,CONTENU_MATH_FAIBLE,9e,CERTAIN,SERIE,DOSSIER,4,6721,1,0,0.001
9eme/mathematiques/exercices/1-9-2013-2012-mohammed-ben.pdf,CONTENU_MATH_FAIBLE,9e,CERTAIN,CORRIGE,CONTENU,4,2000,1,0,0.0
9eme/mathematiques/exercices/1-9-2014-2013--2.pdf,CONTENU_MATH_FAIBLE,9e,CERTAIN,SYNTHESE,CONTENU,2,3493,0,0,0.001
9eme/mathematiques/exercices/1-9-2014-2013-.pdf,VALIDE,9e,CERTAIN,CONTROLE,CONTENU,1,1757,4,0,0.0
9eme/mathematiques/exercices/1-9-2014-2013-raja-souf-1.pdf,CONTENU_MATH_FAIBLE,9e,CERTAIN,SERIE,DOSSIER,1,994,1,0,0.0
9eme/mathematiques/exercices/1-9-2014-2013-raja-souf-2.pdf,CONTENU_MATH_FAIBLE,9e,CERTAIN,SERIE,DOSSIER,2,7474,0,0,0.001
9eme/mathematiques/exercices/1-9-2014-2015-.pdf,HORS_MATIERE:arabe,9e,CERTAIN,SERIE,DOSSIER,3,9974,2,0,0.0
9eme/mathematiques/exercices/1-9-2015-2016--2.pdf,VALIDE,9e,CERTAIN,CONTROLE,CONTENU,4,6745,4,1,0.001
9eme/mathematiques/exercices/1-9-2015-2016-.pdf,VALIDE,9e,CERTAIN,SERIE,DOSSIER,3,5404,4,0,0.0
9eme/mathematiques/exercices/1-9-2016-2017--2.pdf,CONTENU_MATH_FAIBLE,9e,CERTAIN,SYNTHESE,CONTENU,1,721,1,1,0.003
9eme/mathematiques/exercices/1-9-2016-2017-.pdf,VALIDE,9e,CERTAIN,SERIE,DOSSIER,4,10472,4,1,0.0
9eme/mathematiques/exercices/1-9-2017-2018--2.pdf,VALIDE,9e,CERTAIN,CONTROLE,CONTENU,2,4208,3,0,0.0
9eme/mathematiques/exercices/1-9-2017-2018--3.pdf,VALIDE,9e,CERTAIN,CONTROLE,CONTENU,2,4291,3,0,0.0
9eme/mathematiques/exercices/1-9-2017-2018--4.pdf,VALIDE,9e,CERTAIN,CONTROLE,CONTENU,2,2937,2,1,0.001
9eme/mathematiques/exercices/1-9-2017-2018--5.pdf,VALIDE,9e,CERTAIN,CONTROLE,CONTENU,2,1928,3,0,0.011
9eme/mathematiques/exercices/1-9-2017-2018--6.pdf,VALIDE,9e,CERTAIN,SYNTHESE,CONTENU,2,5145,4,0,0.001
9eme/mathematiques/exercices/1-9-2017-2018--7.pdf,VALIDE,9e,CERTAIN,SYNTHESE,CONTENU,1,2812,3,0,0.0
9eme/mathematiques/exercices/1-9-2017-2018-.pdf,VALIDE,9e,CERTAIN,SERIE,DOSSIER,4,9042,4,0,0.0
9eme/mathematiques/exercices/1-9-2017-2018-2.pdf,VALIDE,9e,CERTAIN,SYNTHESE,CONTENU,2,5280,3,0,0.001
9eme/mathematiques/exercices/1-9-2019-2020--2.pdf,CONTENU_MATH_FAIBLE,9e,CERTAIN,CONTROLE,CONTENU,2,8256,1,0,0.0
9eme/mathematiques/exercices/1-9-2019-2020-.pdf,VALIDE,9e,CERTAIN,SERIE,DOSSIER,2,1523,2,0,0.0
9eme/mathematiques/exercices/1-9-2021-2022-.pdf,VALIDE,9e,CERTAIN,SYNTHESE,CONTENU,2,5257,3,0,0.0
9eme/mathematiques/exercices/1-9-2023-2024--2.pdf,VALIDE,9e,CERTAIN,SERIE,DOSSIER,5,8138,5,0,0.0
9eme/mathematiques/exercices/1-9-2023-2024-.pdf,VALIDE,9e,CERTAIN,SERIE,DOSSIER,5,8138,5,0,0.0
9eme/mathematiques/exercices/1-9-3.pdf,VALIDE,9e,CERTAIN,SERIE,DOSSIER,1,689,3,1,0.003
9eme/mathematiques/exercices/1-9.pdf,VALIDE,9e,CERTAIN,SYNTHESE,CONTENU,2,2674,3,1,0.0
9eme/mathematiques/exercices/1998-2012-9eme-2016-2017-.pdf,MIXTE_college_lycee,9e,CERTAIN,SERIE,DOSSIER,73,123264,11,2,0.001
9eme/mathematiques/exercices/2-9--2.pdf,VALIDE,9e,CERTAIN,SERIE,DOSSIER,1,1252,5,0,0.0
9eme/mathematiques/exercices/2-9--3.pdf,VALIDE,9e,CERTAIN,SERIE,DOSSIER,1,1406,4,0,0.0
9eme/mathematiques/exercices/2-9--4.pdf,VALIDE,9e,CERTAIN,SERIE,DOSSIER,1,470,2,0,0.0
9eme/mathematiques/exercices/2-9--5.pdf,CONTENU_MATH_FAIBLE,9e,CERTAIN,SERIE,DOSSIER,3,5706,0,0,0.0
9eme/mathematiques/exercices/2-9--6.pdf,CONTENU_MATH_FAIBLE,9e,CERTAIN,SERIE,DOSSIER,3,6026,1,0,0.0
9eme/mathematiques/exercices/2-9--7.pdf,VALIDE,9e,CERTAIN,SERIE,DOSSIER,1,470,2,0,0.0
9eme/mathematiques/exercices/2-9--8.pdf,CONTENU_MATH_FAIBLE,9e,CERTAIN,SERIE,DOSSIER,3,6421,0,0,0.0
9eme/mathematiques/exercices/2-9-.pdf,VALIDE,9e,CERTAIN,SERIE,DOSSIER,2,2538,9,1,0.002
9eme/mathematiques/exercices/2-9-2-2.pdf,VALIDE,9e,CERTAIN,SERIE,DOSSIER,1,1222,5,0,0.006
9eme/mathematiques/exercices/2-9-2.pdf,VALIDE,9e,CERTAIN,SERIE,DOSSIER,1,1109,4,0,0.0
9eme/mathematiques/exercices/2-9-2008-2009--2.pdf,HORS_MATIERE:arabe,,CONFLIT:7e/9e,SERIE,DOSSIER,3,3471,2,0,0.002
9eme/mathematiques/exercices/2-9-2008-2009--3.pdf,CONTENU_MATH_FAIBLE,9e,CERTAIN,SYNTHESE,CONTENU,1,541,1,0,0.0
9eme/mathematiques/exercices/2-9-2008-2009-.pdf,CONTENU_MATH_FAIBLE,9e,CERTAIN,SERIE,DOSSIER,1,478,1,0,0.0
9eme/mathematiques/exercices/2-9-2008-2009-2-2.pdf,CONTENU_MATH_FAIBLE,9e,CERTAIN,SERIE,DOSSIER,1,1670,0,0,0.0
9eme/mathematiques/exercices/2-9-2008-2009-2-3.pdf,CONTENU_MATH_FAIBLE,9e,CERTAIN,SYNTHESE,CONTENU,2,4926,1,1,0.0
9eme/mathematiques/exercices/2-9-2008-2009-2.pdf,CONTENU_MATH_FAIBLE,9e,CERTAIN,SERIE,DOSSIER,1,492,1,0,0.002
9eme/mathematiques/exercices/2-9-2008-2009-3-2.pdf,CONTENU_MATH_FAIBLE,9e,CERTAIN,SERIE,DOSSIER,3,6040,0,0,0.0
9eme/mathematiques/exercices/2-9-2008-2009-3.pdf,ENCODAGE_CORROMPU,9e,CERTAIN,SERIE,DOSSIER,2,3710,0,0,0.067
9eme/mathematiques/exercices/2-9-2008-2009-4-2.pdf,CONTENU_MATH_FAIBLE,9e,CERTAIN,CONTROLE,CONTENU,2,1974,0,0,0.0
9eme/mathematiques/exercices/2-9-2008-2009-4.pdf,CONTENU_MATH_FAIBLE,9e,CERTAIN,SERIE,DOSSIER,3,6511,1,0,0.0
9eme/mathematiques/exercices/2-9-2008-2009.pdf,CONTENU_MATH_FAIBLE,9e,CERTAIN,SERIE,DOSSIER,2,5097,1,1,0.0
9eme/mathematiques/exercices/2-9-2009-2010--2.pdf,VALIDE,9e,CERTAIN,SYNTHESE,CONTENU,1,687,2,0,0.0
9eme/mathematiques/exercices/2-9-2009-2010--3.pdf,VALIDE,9e,CERTAIN,SYNTHESE,CONTENU,3,3229,4,0,0.0
9eme/mathematiques/exercices/2-9-2009-2010-.pdf,HORS_MATIERE:arabe,,CONFLIT:7e/9e,SERIE,DOSSIER,3,3439,2,0,0.002
9eme/mathematiques/exercices/2-9-2011-2010--2.pdf,CONTENU_MATH_FAIBLE,9e,CERTAIN,SERIE,DOSSIER,1,1781,0,1,0.0
9eme/mathematiques/exercices/2-9-2011-2010-.pdf,VALIDE,9e,CERTAIN,SYNTHESE,CONTENU,1,390,2,1,0.0
9eme/mathematiques/exercices/2-9-2012-2011--2.pdf,VALIDE,9e,CERTAIN,SERIE,DOSSIER,1,687,2,0,0.0
9eme/mathematiques/exercices/2-9-2012-2011--3.pdf,CONTENU_MATH_FAIBLE,9e,CERTAIN,SERIE,DOSSIER,3,5123,0,0,0.011
9eme/mathematiques/exercices/2-9-2012-2011--4.pdf,CONTENU_MATH_FAIBLE,9e,CERTAIN,SYNTHESE,CONTENU,1,512,1,1,0.0
9eme/mathematiques/exercices/2-9-2012-2011--5.pdf,HORS_MATIERE:arabe,9e,CERTAIN,SYNTHESE,CONTENU,4,7903,3,1,0.0
9eme/mathematiques/exercices/2-9-2012-2011--6.pdf,CONTENU_MATH_FAIBLE,9e,CERTAIN,SYNTHESE,CONTENU,5,6951,0,0,0.0
9eme/mathematiques/exercices/2-9-2012-2011--7.pdf,CONTENU_MATH_FAIBLE,9e,CERTAIN,SERIE,DOSSIER,3,4809,0,0,0.0
9eme/mathematiques/exercices/2-9-2012-2011--8.pdf,CONTENU_MATH_FAIBLE,9e,CERTAIN,SERIE,DOSSIER,2,2031,0,1,0.0
9eme/mathematiques/exercices/2-9-2012-2011-.pdf,CONTENU_MATH_FAIBLE,9e,CERTAIN,SERIE,DOSSIER,2,2612,0,0,0.001
9eme/mathematiques/exercices/2-9-2012-2011-2.pdf,HORS_MATIERE:arabe,9e,CERTAIN,SYNTHESE,CONTENU,3,5186,2,0,0.006
9eme/mathematiques/exercices/2-9-2013-2012-.pdf,CONTENU_MATH_FAIBLE,9e,CERTAIN,SERIE,DOSSIER,3,5041,0,0,0.011
9eme/mathematiques/exercices/2-9-2014-2013--2.pdf,VALIDE,9e,CERTAIN,SERIE,DOSSIER,3,11552,6,0,0.0
9eme/mathematiques/exercices/2-9-2014-2013--3.pdf,CONTENU_MATH_FAIBLE,9e,CERTAIN,CORRIGE,CONTENU,1,2736,1,1,0.0
9eme/mathematiques/exercices/2-9-2014-2013-.pdf,VALIDE,9e,CERTAIN,SYNTHESE,CONTENU,2,1175,12,0,0.0
9eme/mathematiques/exercices/2-9-2015-2016--2.pdf,VALIDE,9e,CERTAIN,SERIE,DOSSIER,3,11362,4,1,0.002
9eme/mathematiques/exercices/2-9-2015-2016--3.pdf,HORS_MATIERE:arabe,9e,CERTAIN,SYNTHESE,CONTENU,4,12698,2,0,0.0
9eme/mathematiques/exercices/2-9-2015-2016-.pdf,VALIDE,9e,CERTAIN,CONTROLE,CONTENU,1,1101,4,0,0.0
9eme/mathematiques/exercices/2-9-2018-2019-.pdf,VALIDE,9e,CERTAIN,SYNTHESE,CONTENU,4,11711,12,0,0.008
9eme/mathematiques/exercices/2-9-2021-2022-.pdf,VALIDE,9e,CERTAIN,SYNTHESE,CONTENU,4,5123,2,1,0.004
9eme/mathematiques/exercices/2-9-2022-2023-Mme-Raja-Aoun-Allah.pdf,VALIDE,9e,CERTAIN,SERIE,DOSSIER,3,4023,5,0,0.0
9eme/mathematiques/exercices/2-9-2023-2024--2.pdf,VALIDE,9e,CERTAIN,CONTROLE,CONTENU,2,1598,5,0,0.0
9eme/mathematiques/exercices/2-9-2023-2024-.pdf,HORS_MATIERE:arabe,9e,CERTAIN,CONTROLE,CONTENU,2,2321,1,0,0.0
9eme/mathematiques/exercices/2-9-2023-2024-10.pdf,VALIDE,9e,CERTAIN,SYNTHESE,CONTENU,2,854,2,0,0.001
9eme/mathematiques/exercices/2-9-2023-2024-11.pdf,VALIDE,9e,CERTAIN,CONTROLE,CONTENU,2,461,2,0,0.0
9eme/mathematiques/exercices/2-9-2023-2024-12.pdf,VALIDE,9e,CERTAIN,CONTROLE,CONTENU,2,1335,5,0,0.001
9eme/mathematiques/exercices/2-9-2023-2024-13.pdf,VALIDE,9e,CERTAIN,SYNTHESE,CONTENU,2,1668,2,0,0.001
9eme/mathematiques/exercices/2-9-2023-2024-2-.pdf,VALIDE,9e,CERTAIN,CONTROLE,CONTENU,2,475,3,0,0.006
9eme/mathematiques/exercices/2-9-2023-2024-2.pdf,VALIDE,9e,CERTAIN,SERIE,DOSSIER,4,3930,5,0,0.0
9eme/mathematiques/exercices/2-9-2023-2024-3.pdf,MIXTE_college_lycee,9e,CERTAIN,SERIE,DOSSIER,4,4832,6,2,0.0
9eme/mathematiques/exercices/2-9-2023-2024-4.pdf,VALIDE,9e,CERTAIN,SERIE,DOSSIER,3,2353,3,0,0.001
9eme/mathematiques/exercices/2-9-2023-2024-5.pdf,VALIDE,9e,CERTAIN,SYNTHESE,CONTENU,3,3358,8,0,0.0
9eme/mathematiques/exercices/2-9-2023-2024-6.pdf,VALIDE,9e,CERTAIN,SYNTHESE,CONTENU,2,1100,5,0,0.0
9eme/mathematiques/exercices/2-9-2023-2024-7.pdf,VALIDE,9e,CERTAIN,SYNTHESE,CONTENU,2,1257,4,0,0.0
9eme/mathematiques/exercices/2-9-2023-2024-8.pdf,VALIDE,9e,CERTAIN,CONTROLE,CONTENU,1,814,3,0,0.0
9eme/mathematiques/exercices/2-9-2023-2024-9.pdf,VALIDE,9e,CERTAIN,CONTROLE,CONTENU,1,713,4,0,0.0
9eme/mathematiques/exercices/2-9-2023-2024.pdf,HORS_MATIERE:arabe,9e,CERTAIN,CONTROLE,CONTENU,3,2901,3,0,0.0
9eme/mathematiques/exercices/3-9--2.pdf,VALIDE,9e,CERTAIN,SYNTHESE,CONTENU,3,2278,4,1,0.005
9eme/mathematiques/exercices/3-9--3.pdf,CONTENU_MATH_FAIBLE,9e,CERTAIN,SERIE,DOSSIER,5,6633,0,0,0.0
9eme/mathematiques/exercices/3-9--4.pdf,CONTENU_MATH_FAIBLE,9e,CERTAIN,SERIE,DOSSIER,1,529,0,0,0.0
9eme/mathematiques/exercices/3-9--5.pdf,CONTENU_MATH_FAIBLE,9e,CERTAIN,SERIE,DOSSIER,1,924,0,0,0.0
9eme/mathematiques/exercices/3-9--6.pdf,VALIDE,9e,CERTAIN,SYNTHESE,CONTENU,2,936,4,0,0.0
9eme/mathematiques/exercices/3-9--7.pdf,VALIDE,9e,CERTAIN,SERIE,DOSSIER,2,2248,2,0,0.0
9eme/mathematiques/exercices/3-9-.pdf,VALIDE,9e,CERTAIN,SERIE,DOSSIER,2,1300,11,1,0.0
9eme/mathematiques/exercices/3-9-1.pdf,VALIDE,9e,CERTAIN,SYNTHESE,CONTENU,3,2233,3,0,0.002
9eme/mathematiques/exercices/3-9-2-2.pdf,VALIDE,9e,CERTAIN,SERIE,DOSSIER,2,1665,2,0,0.0
9eme/mathematiques/exercices/3-9-2-3.pdf,VALIDE,9e,CERTAIN,SYNTHESE,CONTENU,3,3605,4,0,0.0
9eme/mathematiques/exercices/3-9-2.pdf,CONTENU_MATH_FAIBLE,9e,CERTAIN,CORRIGE,CONTENU,1,932,1,1,0.005
9eme/mathematiques/exercices/3-9-2008-2009--2.pdf,VALIDE,9e,CERTAIN,SYNTHESE,CONTENU,1,527,2,1,0.0
9eme/mathematiques/exercices/3-9-2008-2009-.pdf,VALIDE,9e,CERTAIN,SERIE,DOSSIER,3,3151,2,0,0.001
9eme/mathematiques/exercices/3-9-2008-2009-2.pdf,CONTENU_MATH_FAIBLE,9e,CERTAIN,SYNTHESE,CONTENU,1,499,1,0,0.0
9eme/mathematiques/exercices/3-9-2009-2010--2.pdf,VALIDE,9e,CERTAIN,SYNTHESE,CONTENU,1,492,2,0,0.0
9eme/mathematiques/exercices/3-9-2009-2010--3.pdf,MIXTE_college_lycee,9e,CERTAIN,SYNTHESE,CONTENU,3,3744,5,2,0.003
9eme/mathematiques/exercices/3-9-2009-2010--4.pdf,CONTENU_MATH_FAIBLE,9e,CERTAIN,SERIE,DOSSIER,3,3807,0,0,0.0
9eme/mathematiques/exercices/3-9-2009-2010-.pdf,CONTENU_MATH_FAIBLE,9e,CERTAIN,SERIE,DOSSIER,3,3343,1,1,0.003
9eme/mathematiques/exercices/3-9-2009-2010-1-2.pdf,CONTENU_MATH_FAIBLE,9e,CERTAIN,SERIE,DOSSIER,1,1862,0,0,0.0
9eme/mathematiques/exercices/3-9-2009-2010-1.pdf,CONTENU_MATH_FAIBLE,9e,CERTAIN,SERIE,DOSSIER,1,1630,0,0,0.0
9eme/mathematiques/exercices/3-9-2009-2010-2-2.pdf,CONTENU_MATH_FAIBLE,9e,CERTAIN,SERIE,DOSSIER,1,1447,0,0,0.0
9eme/mathematiques/exercices/3-9-2009-2010-2.pdf,CONTENU_MATH_FAIBLE,9e,CERTAIN,SERIE,DOSSIER,1,1727,0,0,0.0
9eme/mathematiques/exercices/3-9-2010-2011-.pdf,CONTENU_MATH_FAIBLE,9e,CERTAIN,SYNTHESE,CONTENU,3,2837,1,0,0.002
9eme/mathematiques/exercices/3-9-2012-2011-.pdf,CONTENU_MATH_FAIBLE,9e,CERTAIN,SERIE,DOSSIER,3,9252,0,0,0.008
9eme/mathematiques/exercices/3-9-2013-2012-.pdf,HORS_MATIERE:arabe,9e,CERTAIN,SYNTHESE,CONTENU,3,7259,2,0,0.002
9eme/mathematiques/exercices/3-9-2013-2014-.pdf,VALIDE,9e,CERTAIN,SYNTHESE,CONTENU,3,11780,4,0,0.0
9eme/mathematiques/exercices/3-9-2014-2013--2.pdf,VALIDE,9e,CERTAIN,SYNTHESE,CONTENU,1,1963,2,0,0.0
9eme/mathematiques/exercices/3-9-2014-2013--3.pdf,VALIDE,9e,CERTAIN,SERIE,DOSSIER,3,12631,5,1,0.0
9eme/mathematiques/exercices/3-9-2014-2013--4.pdf,VALIDE,9e,CERTAIN,CONTROLE,CONTENU,1,1691,2,0,0.0
9eme/mathematiques/exercices/3-9-2014-2013-.pdf,VALIDE,9e,CERTAIN,SERIE,DOSSIER,3,13026,3,0,0.0
9eme/mathematiques/exercices/3-9-2014-2015-.pdf,VALIDE,9e,CERTAIN,SERIE,DOSSIER,6,15826,8,1,0.001
9eme/mathematiques/exercices/3-9-2015-2016--2.pdf,CONTENU_MATH_FAIBLE,9e,CERTAIN,SERIE,DOSSIER,2,6128,0,0,0.001
9eme/mathematiques/exercices/3-9-2015-2016-.pdf,CONTENU_MATH_FAIBLE,9e,CERTAIN,SERIE,DOSSIER,1,737,0,0,0.003
9eme/mathematiques/exercices/3-9-2018-2019-.pdf,VALIDE,9e,CERTAIN,SYNTHESE,CONTENU,3,8251,2,0,0.0
9eme/mathematiques/exercices/3-9-2022-2023-2.pdf,VALIDE,9e,CERTAIN,SERIE,DOSSIER,3,2172,2,1,0.002
9eme/mathematiques/exercices/3-9-2022-2023.pdf,VALIDE,9e,CERTAIN,SERIE,DOSSIER,3,2247,3,0,0.0
9eme/mathematiques/exercices/3-9-2023-2024-.pdf,VALIDE,9e,CERTAIN,CONTROLE,CONTENU,2,1359,4,0,0.0
9eme/mathematiques/exercices/3-9-2023-2024-2-.pdf,VALIDE,9e,CERTAIN,SERIE,DOSSIER,4,4340,5,0,0.0
9eme/mathematiques/exercices/3-9-2023-2024-2.pdf,VALIDE,9e,CERTAIN,CONTROLE,CONTENU,2,606,3,0,0.008
9eme/mathematiques/exercices/3-9-2023-2024.pdf,HORS_MATIERE:histgeo,9e,CERTAIN,SERIE,DOSSIER,4,4235,2,1,0.0
9eme/mathematiques/exercices/3-9-2024-2025-stamped.pdf,VALIDE,9e,CERTAIN,SERIE,DOSSIER,3,6694,6,1,0.0
9eme/mathematiques/exercices/3-9.pdf,CONTENU_MATH_FAIBLE,9e,CERTAIN,SYNTHESE,CONTENU,2,1862,1,1,0.004
9eme/mathematiques/exercices/4-9-.pdf,VALIDE,9e,CERTAIN,SERIE,DOSSIER,2,1324,12,1,0.0
9eme/mathematiques/exercices/9--10.pdf,CONTENU_MATH_FAIBLE,9e,INCERTAIN,SERIE,DOSSIER,2,1463,1,0,0.0
9eme/mathematiques/exercices/9--11.pdf,CONTENU_MATH_FAIBLE,9e,INCERTAIN,SERIE,DOSSIER,1,498,0,0,0.0
9eme/mathematiques/exercices/9--12.pdf,VALIDE,9e,INCERTAIN,SERIE,DOSSIER,1,578,4,0,0.0
9eme/mathematiques/exercices/9--13.pdf,VALIDE,9e,CERTAIN,SERIE,CONTENU,1,1004,12,1,0.0
9eme/mathematiques/exercices/9--14.pdf,VALIDE,9e,INCERTAIN,SERIE,DOSSIER,4,2687,2,0,0.01
9eme/mathematiques/exercices/9--15.pdf,VALIDE,9e,INCERTAIN,SERIE,DOSSIER,1,1049,6,0,0.0
9eme/mathematiques/exercices/9--16.pdf,VALIDE,9e,CERTAIN,SERIE,CONTENU,2,1749,11,0,0.0
9eme/mathematiques/exercices/9--17.pdf,CONTENU_MATH_FAIBLE,9e,INCERTAIN,SERIE,DOSSIER,1,387,0,0,0.0
9eme/mathematiques/exercices/9--18.pdf,VALIDE,9e,INCERTAIN,SERIE,DOSSIER,46,5062,2,0,0.002
9eme/mathematiques/exercices/9--19.pdf,CONTENU_MATH_FAIBLE,9e,INCERTAIN,SERIE,DOSSIER,3,7166,0,0,0.0
9eme/mathematiques/exercices/9--2.pdf,VALIDE,9e,CERTAIN,SERIE,CONTENU,2,1345,12,0,0.001
9eme/mathematiques/exercices/9--20.pdf,CONTENU_MATH_FAIBLE,9e,INCERTAIN,SERIE,DOSSIER,1,3047,0,0,0.001
9eme/mathematiques/exercices/9--21.pdf,CONTENU_MATH_FAIBLE,9e,INCERTAIN,SERIE,DOSSIER,3,357,0,0,0.008
9eme/mathematiques/exercices/9--22.pdf,CONTENU_MATH_FAIBLE,9e,CERTAIN,SERIE,DOSSIER,3,228,0,0,0.0
9eme/mathematiques/exercices/9--23.pdf,CONTENU_MATH_FAIBLE,9e,INCERTAIN,SERIE,DOSSIER,1,1985,0,0,0.002
9eme/mathematiques/exercices/9--3.pdf,VALIDE,9e,INCERTAIN,SERIE,CONTENU,1,1062,6,0,0.009
9eme/mathematiques/exercices/9--4.pdf,CONTENU_MATH_FAIBLE,9e,INCERTAIN,SERIE,DOSSIER,1,371,0,0,0.0
9eme/mathematiques/exercices/9--5.pdf,VALIDE,9e,INCERTAIN,SERIE,DOSSIER,1,863,3,0,0.0
9eme/mathematiques/exercices/9--6.pdf,VALIDE,9e,CERTAIN,SERIE,DOSSIER,1,589,4,0,0.0
9eme/mathematiques/exercices/9--7.pdf,VALIDE,9e,INCERTAIN,SERIE,DOSSIER,1,1502,4,0,0.0
9eme/mathematiques/exercices/9--8.pdf,VALIDE,9e,INCERTAIN,SERIE,DOSSIER,1,916,4,0,0.0
9eme/mathematiques/exercices/9--9.pdf,VALIDE,9e,CERTAIN,SERIE,DOSSIER,2,1023,4,0,0.007
9eme/mathematiques/exercices/9-.pdf,VALIDE,9e,INCERTAIN,SERIE,DOSSIER,3,2308,18,0,0.0
9eme/mathematiques/exercices/9-1.pdf,CONTENU_MATH_FAIBLE,9e,INCERTAIN,SERIE,DOSSIER,2,8255,0,0,0.001
9eme/mathematiques/exercices/9-2-2.pdf,VALIDE,9e,INCERTAIN,SERIE,DOSSIER,1,934,2,0,0.0
9eme/mathematiques/exercices/9-2-3.pdf,VALIDE,9e,INCERTAIN,SERIE,DOSSIER,1,1992,3,0,0.0
9eme/mathematiques/exercices/9-2-4.pdf,VALIDE,9e,INCERTAIN,SERIE,DOSSIER,1,916,4,0,0.0
9eme/mathematiques/exercices/9-2-5.pdf,VALIDE,9e,CERTAIN,SERIE,DOSSIER,2,1023,4,0,0.007
9eme/mathematiques/exercices/9-2-6.pdf,CONTENU_MATH_FAIBLE,9e,INCERTAIN,SERIE,DOSSIER,3,7539,0,0,0.002
9eme/mathematiques/exercices/9-2.pdf,VALIDE,9e,CERTAIN,SERIE,DOSSIER,1,1661,3,0,0.003
9eme/mathematiques/exercices/9-2012-2011-.pdf,CONTENU_MATH_FAIBLE,9e,INCERTAIN,SERIE,DOSSIER,3,5190,1,0,0.001
9eme/mathematiques/exercices/9-2015-2016--2.pdf,MIXTE_college_lycee,9e,CERTAIN,SERIE,DOSSIER,5,10298,10,2,0.0
9eme/mathematiques/exercices/9-2015-2016-.pdf,VALIDE,9e,CERTAIN,SERIE,DOSSIER,2,4590,3,0,0.001
9eme/mathematiques/exercices/9-2016-2017--2.pdf,VALIDE,9e,INCERTAIN,SERIE,DOSSIER,24,78002,11,1,0.0
9eme/mathematiques/exercices/9-2016-2017-.pdf,VALIDE,9e,CERTAIN,SERIE,DOSSIER,14,37537,13,1,0.0
9eme/mathematiques/exercices/9-2017-2018-.pdf,VALIDE,9e,INCERTAIN,SERIE,DOSSIER,4,5621,3,0,0.0
9eme/mathematiques/exercices/9-3.pdf,VALIDE,9e,INCERTAIN,SERIE,DOSSIER,1,1218,4,0,0.0
9eme/mathematiques/exercices/9.brevet.2009.pdf,VALIDE,9e,INCERTAIN,SERIE,DOSSIER,2,2261,18,1,0.002
9eme/mathematiques/exercices/QCM-9-.pdf,VALIDE,9e,CERTAIN,SERIE,DOSSIER,5,6188,20,0,0.009
9eme/mathematiques/exercices/Serie-d-exercices-10-Math-9eme-2016-2017-Mr-Ayari-Sallem.pdf,ENCODAGE_CORROMPU,9e,CERTAIN,SERIE,NOM_FICHIER,2,2844,4,0,0.566
9eme/mathematiques/exercices/Serie-d-exercices-11-Math-9eme-2016-2017-Mr-Ayari-Sallem.pdf,VALIDE,9e,CERTAIN,SERIE,NOM_FICHIER,2,878,8,0,0.001
9eme/mathematiques/exercices/Serie-d-exercices-19-Math-9eme-2011-2012-Mr-Dhouib-Ridha.pdf,CONTENU_MATH_FAIBLE,9e,CERTAIN,SERIE,NOM_FICHIER,2,1169,1,0,0.004
9eme/mathematiques/exercices/Serie-d-exercices-Autre-Math-9eme-2023-2024-Mr-Alaya-Mohamed.pdf,VALIDE,9e,CERTAIN,SERIE,NOM_FICHIER,1,677,7,0,0.0
9eme/mathematiques/exercices/Serie-d-exercices-College-pilote-Math-9eme-2010-2011-Mr-gharbi.pdf,VALIDE,9e,CERTAIN,SERIE,NOM_FICHIER,4,4138,3,0,0.028
9eme/mathematiques/exercices/Serie-d-exercices-College-pilote-Math-9eme-2011-2012-Mr-Gharbi.pdf,VALIDE,9e,CERTAIN,SERIE,NOM_FICHIER,3,2471,6,0,0.0
9eme/mathematiques/exercices/Serie-d-exercices-College-pilote-Math-9eme-2012-2013-Mr-Gharbi.pdf,VALIDE,9e,CERTAIN,SERIE,NOM_FICHIER,6,7520,4,0,0.017
9eme/mathematiques/exercices/Serie-d-exercices-College-pilote-Math-9eme-2014-2015-Mr-Benabdelkader-Ahmed.pdf,NIVEAU_INCERTAIN,,CONFLIT:8e/9e,SERIE,NOM_FICHIER,4,5534,25,1,0.017
9eme/mathematiques/exercices/Serie-d-exercices-College-pilote-Math-IR-9eme-2011-2012-Mr-Gharbi.pdf,VALIDE,9e,CERTAIN,SERIE,NOM_FICHIER,2,1661,5,0,0.0
9eme/mathematiques/exercices/Serie-d-exercices-College-pilote-Math-Les-Triangles-Nouveau-programme-9eme-2012-2013-Mr-Gharbi-2.pdf,VALIDE,9e,CERTAIN,SERIE,NOM_FICHIER,4,5076,13,0,0.001
9eme/mathematiques/exercices/Serie-d-exercices-College-pilote-Math-Les-Triangles-Nouveau-programme-9eme-2012-2013-Mr-Gharbi-3.pdf,VALIDE,9e,CERTAIN,SERIE,NOM_FICHIER,3,3629,10,0,0.005
9eme/mathematiques/exercices/Serie-d-exercices-College-pilote-Math-Les-Triangles-Nouveau-programme-9eme-2012-2013-Mr-Gharbi.pdf,VALIDE,9e,CERTAIN,SERIE,NOM_FICHIER,6,6144,19,0,0.0
9eme/mathematiques/exercices/Serie-d-exercices-College-pilote-Math-encadremet-intervalles-9eme-2010-2011-Mr-gharbi.pdf,VALIDE,9e,CERTAIN,SERIE,NOM_FICHIER,1,523,2,0,0.0
9eme/mathematiques/exercices/Serie-d-exercices-College-pilote-Math-revision-9eme-2014-2015-Mr-Benabdelkader-Ahmed.pdf,VALIDE,9e,CERTAIN,SERIE,NOM_FICHIER,2,2374,18,0,0.0
9eme/mathematiques/exercices/Serie-d-exercices-College-pilote-R-Math-9eme-2011-2012-Mr-gharbi.pdf,VALIDE,9e,CERTAIN,SERIE,NOM_FICHIER,3,2481,6,0,0.0
9eme/mathematiques/exercices/Serie-d-exercices-Math-4-9eme-2017-2018-Mr-Mejri-Zied.pdf,VALIDE,9e,CERTAIN,SERIE,NOM_FICHIER,3,1726,3,0,0.0
9eme/mathematiques/exercices/Serie-d-exercices-Math-9eme-2011-2012-Mr-Mouajria-Hattab-10.pdf,VALIDE,9e,CERTAIN,SERIE,NOM_FICHIER,1,840,11,0,0.001
9eme/mathematiques/exercices/Serie-d-exercices-Math-9eme-2011-2012-Mr-Mouajria-Hattab-11.pdf,VALIDE,9e,CERTAIN,SERIE,NOM_FICHIER,1,1195,8,0,0.0
9eme/mathematiques/exercices/Serie-d-exercices-Math-9eme-2011-2012-Mr-Mouajria-Hattab-12.pdf,VALIDE,9e,CERTAIN,SERIE,NOM_FICHIER,2,2447,6,0,0.0
9eme/mathematiques/exercices/Serie-d-exercices-Math-9eme-2011-2012-Mr-Mouajria-Hattab-13.pdf,VALIDE,9e,CERTAIN,SERIE,NOM_FICHIER,2,2607,11,0,0.003
9eme/mathematiques/exercices/Serie-d-exercices-Math-9eme-2011-2012-Mr-Mouajria-Hattab-2.pdf,VALIDE,9e,CERTAIN,SERIE,NOM_FICHIER,2,2607,11,0,0.003
9eme/mathematiques/exercices/Serie-d-exercices-Math-9eme-2011-2012-Mr-Mouajria-Hattab-3.pdf,VALIDE,9e,CERTAIN,SERIE,NOM_FICHIER,3,5966,8,0,0.0
9eme/mathematiques/exercices/Serie-d-exercices-Math-9eme-2011-2012-Mr-Mouajria-Hattab-4.pdf,VALIDE,9e,CERTAIN,SERIE,NOM_FICHIER,2,1729,9,1,0.0
9eme/mathematiques/exercices/Serie-d-exercices-Math-9eme-2011-2012-Mr-Mouajria-Hattab-5.pdf,VALIDE,9e,CERTAIN,SERIE,NOM_FICHIER,2,2536,10,0,0.001
9eme/mathematiques/exercices/Serie-d-exercices-Math-9eme-2011-2012-Mr-Mouajria-Hattab-6.pdf,VALIDE,9e,CERTAIN,SERIE,NOM_FICHIER,1,1488,6,0,0.0
9eme/mathematiques/exercices/Serie-d-exercices-Math-9eme-2011-2012-Mr-Mouajria-Hattab-7.pdf,VALIDE,9e,CERTAIN,SERIE,NOM_FICHIER,3,2292,11,0,0.0
9eme/mathematiques/exercices/Serie-d-exercices-Math-9eme-2011-2012-Mr-Mouajria-Hattab-8.pdf,VALIDE,9e,CERTAIN,SERIE,NOM_FICHIER,2,3236,6,0,0.0
9eme/mathematiques/exercices/Serie-d-exercices-Math-9eme-2011-2012-Mr-Mouajria-Hattab-9.pdf,VALIDE,9e,CERTAIN,SERIE,NOM_FICHIER,2,2355,6,0,0.0
9eme/mathematiques/exercices/Serie-d-exercices-Math-9eme-2011-2012-Mr-Mouajria-Hattab.pdf,VALIDE,9e,CERTAIN,SERIE,NOM_FICHIER,2,2447,6,0,0.0
9eme/mathematiques/exercices/Serie-d-exercices-Math-9eme-2014-2015-Mr-Bboussaffa-Belgacem-.pdf,VALIDE,9e,CERTAIN,SERIE,CONTENU,2,4070,6,0,0.0
9eme/mathematiques/exercices/Serie-d-exercices-Math-9eme-2014-2015-Mr-bboussaffa-belgacem--2.pdf,VALIDE,9e,CERTAIN,SERIE,NOM_FICHIER,1,2870,4,0,0.0
9eme/mathematiques/exercices/Serie-d-exercices-Math-9eme-2014-2015-Mr-bboussaffa-belgacem--3.pdf,VALIDE,9e,CERTAIN,SERIE,CONTENU,2,3154,9,0,0.0
9eme/mathematiques/exercices/Serie-d-exercices-Math-9eme-2014-2015-Mr-bboussaffa-belgacem-1-1-.pdf,VALIDE,9e,CERTAIN,SERIE,NOM_FICHIER,4,5025,7,0,0.0
9eme/mathematiques/exercices/Serie-d-exercices-Math-9eme-2014-2015-Mr-bboussaffa-belgacem.pdf,VALIDE,9e,CERTAIN,SERIE,CONTENU,1,1850,12,0,0.0
9eme/mathematiques/exercices/Serie-d-exercices-Math-9eme-2015-2016-Mr-Ayari-Sallem-.pdf,ENCODAGE_CORROMPU,9e,CERTAIN,SERIE,NOM_FICHIER,3,3594,10,0,0.443
9eme/mathematiques/exercices/Serie-d-exercices-Math-9eme-2015-2016-Mr-ZOUARI-SAMI.pdf,VALIDE,9e,CERTAIN,SERIE,CONTENU,1,1033,7,1,0.002
9eme/mathematiques/exercices/Serie-d-exercices-Math-9eme-2015-2016-Mr-bboussaffa-belgacem-R-.pdf,VALIDE,9e,CERTAIN,SERIE,NOM_FICHIER,2,2457,7,0,0.0
9eme/mathematiques/exercices/Serie-d-exercices-Math-9eme-2017-2018-Mr-Esmiti-Moez.pdf,VALIDE,9e,CERTAIN,SERIE,NOM_FICHIER,1,523,4,0,0.0
9eme/mathematiques/exercices/Serie-d-exercices-N-01-Math-9eme-2017-2018-Mr-Mejri-Zied.pdf,VALIDE,9e,CERTAIN,SERIE,NOM_FICHIER,1,1647,5,1,0.0
9eme/mathematiques/exercices/Serie-d-exercices-N-02-Math-9eme-2017-2018-Mr-Mejri-Zied.pdf,ENCODAGE_CORROMPU,9e,CERTAIN,SERIE,NOM_FICHIER,2,1886,3,0,0.188
9eme/mathematiques/exercices/Serie-d-exercices-N-03-Math-9eme-2017-2018-Mr-Mejri-Zied.pdf,VALIDE,9e,CERTAIN,SERIE,NOM_FICHIER,1,766,3,0,0.0
9eme/mathematiques/exercices/Serie-d-exercices-N-04-Math-R-9eme-2017-2018-Mr-Mejri-Zied.pdf,VALIDE,9e,CERTAIN,SERIE,NOM_FICHIER,2,2590,2,0,0.0
9eme/mathematiques/exercices/Serie-d-exercices-N-05-Math-9eme-2017-2018-Mr-Mejri-Zied.pdf,VALIDE,9e,CERTAIN,SERIE,NOM_FICHIER,2,3173,4,0,0.003
9eme/mathematiques/exercices/Serie-d-exercices-N-06-Math-_-9eme-2017-2018-Mr-Mejri-Zied.pdf,VALIDE,9e,CERTAIN,SERIE,NOM_FICHIER,2,2384,4,0,0.004
9eme/mathematiques/exercices/Serie-d-exercices-N-07-Math-_-9eme-2017-2018-Mr-Mejri-Zied.pdf,VALIDE,9e,CERTAIN,SERIE,NOM_FICHIER,1,1170,3,0,0.003
9eme/mathematiques/exercices/Serie-d-exercices-N-08-Math-9eme-2017-2018-Mr-Mejri-Zied.pdf,VALIDE,9e,CERTAIN,SERIE,NOM_FICHIER,1,844,3,0,0.002
9eme/mathematiques/exercices/Serie-d-exercices-N-1-College-pilote-Math-1-9eme-2012-2013-Mr-ouni-anouar.pdf,VALIDE,9e,CERTAIN,SERIE,NOM_FICHIER,1,3628,11,1,0.012
9eme/mathematiques/exercices/Serie-d-exercices-N-1-College-pilote-Math-9eme-2011-2012-Mr-Othman-Tahar-2.pdf,VALIDE,9e,CERTAIN,SERIE,NOM_FICHIER,1,848,5,0,0.016
9eme/mathematiques/exercices/Serie-d-exercices-N-1-College-pilote-Math-9eme-2011-2012-Mr-Othman-Tahar-3.pdf,VALIDE,9e,CERTAIN,SERIE,NOM_FICHIER,1,1480,6,0,0.049
9eme/mathematiques/exercices/Serie-d-exercices-N-1-College-pilote-Math-9eme-2011-2012-Mr-Othman-Tahar-4.pdf,VALIDE,9e,CERTAIN,SERIE,NOM_FICHIER,1,2147,7,0,0.021
9eme/mathematiques/exercices/Serie-d-exercices-N-1-College-pilote-Math-9eme-2011-2012-Mr-Othman-Tahar.pdf,VALIDE,9e,CERTAIN,SERIE,NOM_FICHIER,1,2147,7,0,0.021
9eme/mathematiques/exercices/Serie-d-exercices-N-1-College-pilote-Math-9eme-2012-2013-Mr-gharbi-kemel.pdf,VALIDE,9e,CERTAIN,CORRIGE,CONTENU,19,21426,14,0,0.053
9eme/mathematiques/exercices/Serie-d-exercices-N-1-College-pilote-Math-9eme-2017-2018-Mme-Rezgui-Wided.pdf,VALIDE,9e,CERTAIN,SERIE,NOM_FICHIER,1,1382,4,0,0.028
9eme/mathematiques/exercices/Serie-d-exercices-N-1-College-pilote-Math-math-9eme-2010-2011-Mr-amine.pdf,VALIDE,9e,CERTAIN,SERIE,NOM_FICHIER,2,2007,13,0,0.015
9eme/mathematiques/exercices/Serie-d-exercices-N-1-Math-9eme-2010-2011-Mr-Dhouib-Ridha.pdf,VALIDE,9e,CERTAIN,SERIE,NOM_FICHIER,1,2383,4,0,0.013
9eme/mathematiques/exercices/Serie-d-exercices-N-1-Math-9eme-2011-2012-Mme-BOUGADOUHA-HOUDA-2.pdf,VALIDE,9e,CERTAIN,SERIE,NOM_FICHIER,4,3494,12,1,0.004
9eme/mathematiques/exercices/Serie-d-exercices-N-1-Math-9eme-2011-2012-Mme-BOUGADOUHA-HOUDA.pdf,VALIDE,9e,CERTAIN,SERIE,NOM_FICHIER,4,6254,12,1,0.007
9eme/mathematiques/exercices/Serie-d-exercices-N-1-Math-9eme-2014-2015-Mr-Ayari-Sallem-.pdf,VALIDE,9e,CERTAIN,SERIE,CONTENU,2,3151,14,0,0.012
9eme/mathematiques/exercices/Serie-d-exercices-N-1-Math-9eme-2016-2017-Mr-Dabboussi-Faouzi.pdf,VALIDE,9e,CERTAIN,SERIE,CONTENU,2,3196,10,0,0.0
9eme/mathematiques/exercices/Serie-d-exercices-N-1-Math-9eme-2017-2018-Mr-Alaya-Med.pdf,VALIDE,9e,CERTAIN,SERIE,NOM_FICHIER,1,269,2,0,0.041
9eme/mathematiques/exercices/Serie-d-exercices-N-1-Math-9eme-2017-2018-Mr-Khlifi-Maher.pdf,VALIDE,9e,CERTAIN,SERIE,CONTENU,2,1237,6,0,0.0
9eme/mathematiques/exercices/Serie-d-exercices-N-1-Math-9eme-2017-2018-Mr-Moez-Esmiti.pdf,VALIDE,9e,CERTAIN,SERIE,NOM_FICHIER,1,1132,8,0,0.004
9eme/mathematiques/exercices/Serie-d-exercices-N-1-Math-Puissance-9eme-2019-2020-Mr-Othmani-Imed.pdf,VALIDE,9e,CERTAIN,SERIE,NOM_FICHIER,5,203,2,0,0.0
9eme/mathematiques/exercices/Serie-d-exercices-N-1-Math-R-9eme-2017-2018-Mr-Hidri-Faouzi.pdf,VALIDE,9e,CERTAIN,SERIE,CONTENU,2,2909,15,1,0.0
9eme/mathematiques/exercices/Serie-d-exercices-N-10-Math-01-9eme-2017-2018-Mr-Mejri-Zied.pdf,VALIDE,9e,CERTAIN,SERIE,NOM_FICHIER,2,2367,5,0,0.002
9eme/mathematiques/exercices/Serie-d-exercices-N-10-Math-9eme-2010-2011-Mr-Dhouib-Ridha.pdf,VALIDE,9e,CERTAIN,SERIE,NOM_FICHIER,1,2654,3,0,0.052
9eme/mathematiques/exercices/Serie-d-exercices-N-11-Math-9eme-2010-2011-Mr-Dhouib-Ridha.pdf,VALIDE,9e,CERTAIN,SERIE,NOM_FICHIER,1,2099,13,0,0.0
9eme/mathematiques/exercices/Serie-d-exercices-N-11-Math-9eme-2017-2018-Mr-Mejri-Zied.pdf,VALIDE,9e,CERTAIN,SERIE,NOM_FICHIER,2,1590,8,0,0.001
9eme/mathematiques/exercices/Serie-d-exercices-N-12-Math-1-9eme-2017-2018-Mr-Mejri-Zied.pdf,VALIDE,9e,CERTAIN,SERIE,NOM_FICHIER,2,1528,5,0,0.004
9eme/mathematiques/exercices/Serie-d-exercices-N-12-Math-9eme-2010-2011-Mr-Dhouib-Ridha.pdf,VALIDE,9e,CERTAIN,SERIE,NOM_FICHIER,1,1596,9,0,0.0
9eme/mathematiques/exercices/Serie-d-exercices-N-13-Math-2-9eme-2017-2018-Mr-Mejri-Zied.pdf,VALIDE,9e,CERTAIN,SERIE,NOM_FICHIER,2,874,4,0,0.0
9eme/mathematiques/exercices/Serie-d-exercices-N-13-Math-9eme-2010-2011-Mr-Dhouib-Ridha.pdf,VALIDE,9e,CERTAIN,SERIE,NOM_FICHIER,2,3482,3,0,0.026
9eme/mathematiques/exercices/Serie-d-exercices-N-14-Math-9eme-2010-2011-Mr-Dhouib-Ridha.pdf,VALIDE,9e,CERTAIN,SERIE,NOM_FICHIER,2,3963,5,0,0.026
9eme/mathematiques/exercices/Serie-d-exercices-N-14-Math-9eme-2017-2018-Mr-Mejri-Zied.pdf,VALIDE,9e,CERTAIN,SERIE,NOM_FICHIER,5,4623,3,0,0.004
9eme/mathematiques/exercices/Serie-d-exercices-N-15-Math-9eme-2010-2011-Mr-Dhouib-Ridha.pdf,VALIDE,9e,CERTAIN,SERIE,NOM_FICHIER,2,2978,3,1,0.02
9eme/mathematiques/exercices/Serie-d-exercices-N-15-Math-9eme-2017-2018-Mr-Mejri-Zied.pdf,VALIDE,9e,CERTAIN,SERIE,NOM_FICHIER,2,1195,5,0,0.001
9eme/mathematiques/exercices/Serie-d-exercices-N-16-Math-9eme-2010-2011-Mr-Dhouib-Ridha.pdf,VALIDE,9e,CERTAIN,SERIE,NOM_FICHIER,2,4365,2,0,0.018
9eme/mathematiques/exercices/Serie-d-exercices-N-16-Math-9eme-2017-2018-Mr-Mejri-Zied.pdf,CONTENU_MATH_FAIBLE,9e,CERTAIN,SERIE,NOM_FICHIER,2,508,1,0,0.008
9eme/mathematiques/exercices/Serie-d-exercices-N-17-Math-9eme-2010-2011-Mr-Dhouib-Ridha.pdf,VALIDE,9e,CERTAIN,SERIE,NOM_FICHIER,4,4625,3,0,0.012
9eme/mathematiques/exercices/Serie-d-exercices-N-17-Math-9eme-2017-2018-Mr-Mejri-Zied.pdf,VALIDE,9e,CERTAIN,SERIE,NOM_FICHIER,2,763,3,0,0.0
9eme/mathematiques/exercices/Serie-d-exercices-N-18-Math-9eme-2010-2011-Mr-Dhouib-Ridha.pdf,CONTENU_MATH_FAIBLE,9e,CERTAIN,SERIE,NOM_FICHIER,3,5097,0,0,0.022
9eme/mathematiques/exercices/Serie-d-exercices-N-18-Math-9eme-2017-2018-Mr-Mejri-Zied.pdf,VALIDE,9e,CERTAIN,SERIE,NOM_FICHIER,3,3975,7,0,0.007
9eme/mathematiques/exercices/Serie-d-exercices-N-19-Math-9eme-2017-2018-Mr-Mejri-Zied.pdf,VALIDE,9e,CERTAIN,SERIE,NOM_FICHIER,2,627,4,0,0.0
9eme/mathematiques/exercices/Serie-d-exercices-N-2-College-pilote-Math-9eme-2011-2012-Mr-Othman-Tahar.pdf,VALIDE,9e,CERTAIN,SERIE,NOM_FICHIER,1,848,5,0,0.016
9eme/mathematiques/exercices/Serie-d-exercices-N-2-Math-9eme-2010-2011-Mr-Dhouib-Ridha.pdf,VALIDE,9e,CERTAIN,SERIE,NOM_FICHIER,1,2680,5,0,0.005
9eme/mathematiques/exercices/Serie-d-exercices-N-2-Math-9eme-2015-2016-Mr-Ayari-Sallem.pdf,ENCODAGE_CORROMPU,9e,CERTAIN,SERIE,NOM_FICHIER,2,2699,8,0,0.404
9eme/mathematiques/exercices/Serie-d-exercices-N-2-Math-9eme-2017-2018-Mr-Alaya-Med.pdf,VALIDE,9e,CERTAIN,SERIE,NOM_FICHIER,2,1318,11,0,0.01
9eme/mathematiques/exercices/Serie-d-exercices-N-2-Math-9eme-2017-2018-Mr-Hidri-Faouzi.pdf,VALIDE,9e,CERTAIN,SERIE,CONTENU,4,4552,11,1,0.052
9eme/mathematiques/exercices/Serie-d-exercices-N-20-Math-9eme-2017-2018-Mr-Mejri-Zied.pdf,VALIDE,9e,CERTAIN,SERIE,NOM_FICHIER,4,1123,6,0,0.0
9eme/mathematiques/exercices/Serie-d-exercices-N-3-College-pilote-Math-9eme-2011-2012-Mr-Othman-Tahar.pdf,VALIDE,9e,CERTAIN,SERIE,NOM_FICHIER,1,1480,6,0,0.049
9eme/mathematiques/exercices/Serie-d-exercices-N-3-Math-9eme-2010-2011-Mr-Dhouib-Ridha.pdf,VALIDE,9e,CERTAIN,SERIE,NOM_FICHIER,1,2525,3,0,0.032
9eme/mathematiques/exercices/Serie-d-exercices-N-3-Math-9eme-2015-2016-Mr-Ayari-Sallem.pdf,ENCODAGE_CORROMPU,9e,CERTAIN,SERIE,NOM_FICHIER,2,2484,5,0,0.433
9eme/mathematiques/exercices/Serie-d-exercices-N-3-Math-9eme-2015-2016-Mr-Ayari-SallemR-.pdf,ENCODAGE_CORROMPU,9e,CERTAIN,SERIE,NOM_FICHIER,2,2506,5,0,0.474
9eme/mathematiques/exercices/Serie-d-exercices-N-3-Math-R-9eme-2017-2018-Mr-Hidri-Faouzi.pdf,CONTENU_MATH_FAIBLE,9e,CERTAIN,SERIE,CONTENU,2,255,1,1,0.0
9eme/mathematiques/exercices/Serie-d-exercices-N-4-Math-9eme-2010-2011-Mr-Dhouib-Ridha.pdf,VALIDE,9e,CERTAIN,SERIE,NOM_FICHIER,2,3184,3,0,0.02
9eme/mathematiques/exercices/Serie-d-exercices-N-4-Math-9eme-2016-2017-Mr-Ayari-Sallem.pdf,ENCODAGE_CORROMPU,9e,CERTAIN,SERIE,NOM_FICHIER,2,3567,2,0,0.609
9eme/mathematiques/exercices/Serie-d-exercices-N-4-Math-9eme-2017-2018-Mr-Hidri-Faouzi.pdf,VALIDE,9e,CERTAIN,SERIE,CONTENU,3,4483,18,1,0.0
9eme/mathematiques/exercices/Serie-d-exercices-N-5-Math-9eme-2010-2011-Mr-Dhouib-Ridha.pdf,VALIDE,9e,CERTAIN,SERIE,NOM_FICHIER,1,1954,5,0,0.017
9eme/mathematiques/exercices/Serie-d-exercices-N-6-Math-9eme-2010-2011-Mr-Dhouib-Ridha.pdf,VALIDE,9e,CERTAIN,SERIE,NOM_FICHIER,1,3033,2,0,0.017
9eme/mathematiques/exercices/Serie-d-exercices-N-9-Math-9eme-2010-2011-Mr-Dhouib-Ridha.pdf,CONTENU_MATH_FAIBLE,9e,CERTAIN,SERIE,NOM_FICHIER,1,2656,1,0,0.032
9eme/mathematiques/exercices/Serie-d-exercices-de-Maison-Math-theoreme-de-thales-9eme-2010-2011-Mr-haddaji.pdf,CONTENU_MATH_FAIBLE,9e,CERTAIN,SERIE,NOM_FICHIER,3,459,0,0,0.0
9eme/mathematiques/exercices/Serie-d-exercices-de-Revision-Math-revision2015-9eme-2014-2015-Mr-Ayari-Sallem.pdf,VALIDE,9e,CERTAIN,SERIE,NOM_FICHIER,2,1730,13,0,0.0
9eme/mathematiques/exercices/Serie-d-exercices-de-Revision-N-1-College-pilote-Math-9eme-2013-2014-Mr-souissi-elmahdi-.pdf,VALIDE,9e,CERTAIN,SERIE,NOM_FICHIER,2,2088,10,0,0.009
9eme/mathematiques/exercices/Serie-d-exercices-serie-College-pilote-Math-9eme-2010-2011-Mr-goui-mouldi.pdf,VALIDE,9e,CERTAIN,SERIE,NOM_FICHIER,1,2107,3,0,0.004
9eme/mathematiques/exercices/_-1-9-2013-2012-.pdf,CONTENU_MATH_FAIBLE,9e,CERTAIN,CORRIGE,CONTENU,4,2000,1,0,0.0
9eme/mathematiques/exercices/sion-College-pilote-Math-olympiade-des-mathematiques-9eme-2013-2014-olympiade-des-mathematiques-2014-Mr-ouni-anouar-.pdf,VALIDE,9e,CERTAIN,SERIE,DOSSIER,8,3059,6,0,0.003
9eme/mathematiques/manuel/manuel-mathematiques-9eme.pdf,MIXTE_college_lycee,9e,CERTAIN,MANUEL,NOM_FICHIER,221,227110,44,2,0.014
9eme/mathematiques/parascolaire/arriyadhiyat-bittadarruj-9eme-correction.pdf,MIXTE_college_lycee,9e,CERTAIN,CORRIGE,NOM_FICHIER,86,24620,18,2,0.0
9eme/mathematiques/parascolaire/arriyadhiyat-bittadarruj-9eme.pdf,MIXTE_college_lycee,9e,CERTAIN,PARASCOLAIRE,DOSSIER,115,11356,25,2,0.0
9eme/mathematiques/parascolaire/awal-9eme.pdf,VALIDE,7e,RECLASSE_depuis_9eme,CORRIGE,CONTENU,146,16969,6,1,0.0
9eme/mathematiques/parascolaire/collection-pilote-9eme.pdf,MIXTE_college_lycee,9e,CERTAIN,CORRIGE,CONTENU,130,15743,32,2,0.002
9eme/mathematiques/parascolaire/math-9eme.pdf,CONTENU_MATH_FAIBLE,9e,CERTAIN,PARASCOLAIRE,DOSSIER,215,7678,0,0,0.0
_cycle/mathematiques/programme/math_college.pdf,MIXTE_college_lycee,7e,CERTAIN,PROGRAMME,DOSSIER,31,53383,34,2,0.006
_non-classe/mathematiques/corrections/Corrige-C.1-19.20-HG.pdf,NIVEAU_INCERTAIN,,AUCUN_INDICE,CORRIGE,CONTENU,4,6676,6,1,0.071
_non-classe/mathematiques/corrections/Corrige-C.1-23-.-24-HG.pdf,NIVEAU_INCERTAIN,,AUCUN_INDICE,CORRIGE,CONTENU,4,7417,7,1,0.059
_non-classe/mathematiques/corrections/Corrige-S-.1-23.24-HG.pdf,NIVEAU_INCERTAIN,,AUCUN_INDICE,CORRIGE,CONTENU,7,12940,6,0,0.062
_non-classe/mathematiques/corrections/Corrige.-S-.1-21.22-HG.pdf,HORS_NIVEAU_LYCEE,,AUCUN_INDICE,CORRIGE,CONTENU,4,6185,5,2,0.044
_non-classe/mathematiques/corrections/Corrige.-S-.1-22.23-HG.pdf,NIVEAU_INCERTAIN,,AUCUN_INDICE,CORRIGE,CONTENU,5,10170,6,2,0.052
_non-classe/mathematiques/corrections/Corrige.-S-.1-23.24-HG.pdf,NIVEAU_INCERTAIN,,AUCUN_INDICE,CORRIGE,CONTENU,6,10109,10,2,0.065
_non-classe/mathematiques/corrections/Corrige.-S-.1-24.25-HG-2.pdf,HORS_NIVEAU_LYCEE,,AUCUN_INDICE,CORRIGE,CONTENU,6,10518,6,4,0.062
_non-classe/mathematiques/corrections/Corrige.-S-.1-24.25-HG.pdf,NIVEAU_INCERTAIN,,AUCUN_INDICE,CORRIGE,CONTENU,4,5940,5,1,0.03
_non-classe/mathematiques/corrections/Corrige.01.pdf,VALIDE,9e,CERTAIN,CORRIGE,NOM_FICHIER,4,4426,13,1,0.001
_non-classe/mathematiques/corrections/Corrige.02.pdf,VALIDE,9e,CERTAIN,CORRIGE,NOM_FICHIER,5,4005,15,1,0.0
_non-classe/mathematiques/corrections/Corrige.03.pdf,VALIDE,9e,CERTAIN,CORRIGE,CONTENU,2,1971,8,1,0.0
_non-classe/mathematiques/corrections/Corrige.04.pdf,VALIDE,9e,CERTAIN,CORRIGE,NOM_FICHIER,3,3045,9,1,0.0
_non-classe/mathematiques/corrections/Corrige.05.pdf,VALIDE,9e,CERTAIN,CORRIGE,NOM_FICHIER,4,5502,14,1,0.008
_non-classe/mathematiques/corrections/Corrige.06.pdf,VALIDE,9e,CERTAIN,CORRIGE,NOM_FICHIER,3,3893,13,1,0.002
_non-classe/mathematiques/corrections/Corrige.07.pdf,VALIDE,9e,CERTAIN,CORRIGE,NOM_FICHIER,4,5366,12,1,0.003
_non-classe/mathematiques/corrections/Corrige.08.pdf,VALIDE,9e,CERTAIN,CORRIGE,NOM_FICHIER,4,5960,11,1,0.004
_non-classe/mathematiques/corrections/Corrige.09.pdf,VALIDE,9e,CERTAIN,CORRIGE,NOM_FICHIER,5,10449,2,1,0.003
_non-classe/mathematiques/corrections/Corrige.10.pdf,VALIDE,9e,CERTAIN,CORRIGE,NOM_FICHIER,4,7997,10,1,0.002
_non-classe/mathematiques/corrections/Corrige.11.pdf,VALIDE,9e,CERTAIN,CORRIGE,NOM_FICHIER,3,4382,8,1,0.001
_non-classe/mathematiques/corrections/Corrige.12.pdf,VALIDE,9e,CERTAIN,CORRIGE,CONTENU,3,3563,9,1,0.0
_non-classe/mathematiques/corrections/Corrige.13.pdf,VALIDE,9e,CERTAIN,CORRIGE,NOM_FICHIER,3,5028,2,1,0.004
_non-classe/mathematiques/corrections/Corrige.14.pdf,VALIDE,9e,CERTAIN,CORRIGE,NOM_FICHIER,4,6122,2,1,0.003
_non-classe/mathematiques/corrections/Corrige.C.-5-21.22-HG.pdf,NIVEAU_INCERTAIN,,AUCUN_INDICE,CORRIGE,CONTENU,2,3735,6,1,0.039
_non-classe/mathematiques/corrections/Corrige.C.-5-24.25-HG.pdf,NIVEAU_INCERTAIN,,AUCUN_INDICE,CORRIGE,CONTENU,2,3348,7,1,0.037
_non-classe/mathematiques/corrections/Corrige.C.-6-21.22-HG.pdf,HORS_NIVEAU_LYCEE,,AUCUN_INDICE,CORRIGE,CONTENU,3,3069,4,2,0.032
_non-classe/mathematiques/corrections/Corrige.C.1-13.14-FN.pdf,NIVEAU_INCERTAIN,,AUCUN_INDICE,CORRIGE,CONTENU,1,3207,8,0,0.003
_non-classe/mathematiques/corrections/Corrige.C.1-14.15-MS.pdf,NIVEAU_INCERTAIN,,AUCUN_INDICE,CONTROLE,CONTENU,4,2876,4,0,0.003
_non-classe/mathematiques/corrections/Corrige.C.1-17.18-HG.pdf,NIVEAU_INCERTAIN,,AUCUN_INDICE,CORRIGE,CONTENU,4,7133,6,0,0.064
_non-classe/mathematiques/corrections/Corrige.C.1-18.19-HG.pdf,HORS_NIVEAU_LYCEE,,AUCUN_INDICE,CORRIGE,CONTENU,4,7866,4,2,0.074
_non-classe/mathematiques/corrections/Corrige.C.1-19.20-HG.pdf,NIVEAU_INCERTAIN,,AUCUN_INDICE,CORRIGE,CONTENU,3,3892,8,0,0.047
_non-classe/mathematiques/corrections/Corrige.C.1-19.20.pdf,NIVEAU_INCERTAIN,,AUCUN_INDICE,CORRIGE,CONTENU,2,2946,2,0,0.037
_non-classe/mathematiques/corrections/Corrige.C.1-20.21-HG.pdf,NIVEAU_INCERTAIN,,AUCUN_INDICE,CORRIGE,CONTENU,2,3345,5,1,0.049
_non-classe/mathematiques/corrections/Corrige.C.1-21.22-HG.pdf,NIVEAU_INCERTAIN,,AUCUN_INDICE,CORRIGE,CONTENU,2,3006,5,1,0.063
_non-classe/mathematiques/corrections/Corrige.C.1-23.24-WF.pdf,NIVEAU_INCERTAIN,,AUCUN_INDICE,CONTROLE,CONTENU,3,2639,4,0,0.0
_non-classe/mathematiques/corrections/Corrige.C.1-24.25-HG.pdf,NIVEAU_INCERTAIN,,AUCUN_INDICE,CORRIGE,CONTENU,3,5761,8,2,0.056
_non-classe/mathematiques/corrections/Corrige.C.5-14.15-P.Kebili.pdf,NIVEAU_INCERTAIN,,AUCUN_INDICE,CONTROLE,CONTENU,2,2041,7,0,0.0
_non-classe/mathematiques/corrections/Corrige.C.5-19.20.pdf,NIVEAU_INCERTAIN,,AUCUN_INDICE,CORRIGE,CONTENU,2,2111,1,0,0.046
_non-classe/mathematiques/corrections/Corrige.C.6-14.15-P.Kebili.pdf,VALIDE,9e,CERTAIN,CORRIGE,NOM_FICHIER,2,1970,6,0,0.001
_non-classe/mathematiques/corrections/Corrige.C.6-19.20.pdf,NIVEAU_INCERTAIN,,AUCUN_INDICE,CORRIGE,CONTENU,2,1984,2,0,0.02
_non-classe/mathematiques/corrections/Corrige.S.1-14.15-MS.pdf,NIVEAU_INCERTAIN,,AUCUN_INDICE,CORRIGE,NOM_FICHIER,2,2302,2,0,0.001
_non-classe/mathematiques/corrections/Corrige.S.1-17.18-HG.pdf,NIVEAU_INCERTAIN,,AUCUN_INDICE,CORRIGE,CONTENU,5,7536,6,0,0.048
_non-classe/mathematiques/corrections/Corrige.S.1-18.19-HG.pdf,NIVEAU_INCERTAIN,,AUCUN_INDICE,CORRIGE,CONTENU,6,9692,5,0,0.064
_non-classe/mathematiques/corrections/Corrige.S.1-19-.-20-MB.pdf,NIVEAU_INCERTAIN,,AUCUN_INDICE,CORRIGE,CONTENU,4,3605,5,0,0.014
_non-classe/mathematiques/corrections/Corrige.S.1-19.20-HG-2.pdf,NIVEAU_INCERTAIN,,AUCUN_INDICE,CORRIGE,CONTENU,5,9552,8,0,0.045
_non-classe/mathematiques/corrections/Corrige.S.1-19.20-HG.pdf,NIVEAU_INCERTAIN,,AUCUN_INDICE,CORRIGE,CONTENU,4,6581,6,0,0.054
_non-classe/mathematiques/corrections/Corrige.S.1-19.20.pdf,NIVEAU_INCERTAIN,,AUCUN_INDICE,CORRIGE,CONTENU,2,3233,4,1,0.016
_non-classe/mathematiques/corrections/Corrige.S.1-20.21-HG.pdf,HORS_NIVEAU_LYCEE,,AUCUN_INDICE,CORRIGE,CONTENU,3,4344,3,2,0.024
_non-classe/mathematiques/corrections/Corrige.S.1-21.22-HG.pdf,HORS_NIVEAU_LYCEE,,AUCUN_INDICE,CORRIGE,CONTENU,3,4226,4,2,0.023
_non-classe/mathematiques/corrections/Corrige.S.1-23.24-WF.pdf,NIVEAU_INCERTAIN,,AUCUN_INDICE,SYNTHESE,CONTENU,5,2086,1,1,0.0
_non-classe/mathematiques/corrections/Corrige_-1998_Juin.pdf,NIVEAU_INCERTAIN,,AUCUN_INDICE,CORRIGE,NOM_FICHIER,2,3145,0,0,0.076
_non-classe/mathematiques/corrections/Corrige_-1998_Sept.pdf,NIVEAU_INCERTAIN,,AUCUN_INDICE,CORRIGE,NOM_FICHIER,3,3560,0,0,0.074
_non-classe/mathematiques/corrections/Corrige_-1999.pdf,NIVEAU_INCERTAIN,,AUCUN_INDICE,CORRIGE,NOM_FICHIER,3,3463,1,0,0.067
_non-classe/mathematiques/corrections/Corrige_-20-20.pdf,NIVEAU_INCERTAIN,,AUCUN_INDICE,CORRIGE,NOM_FICHIER,7,8084,19,0,0.031
_non-classe/mathematiques/corrections/Corrige_-2000.pdf,NIVEAU_INCERTAIN,,AUCUN_INDICE,CORRIGE,NOM_FICHIER,4,4928,0,0,0.064
_non-classe/mathematiques/corrections/Corrige_-2001.pdf,NIVEAU_INCERTAIN,,AUCUN_INDICE,CORRIGE,NOM_FICHIER,3,4361,0,0,0.067
_non-classe/mathematiques/corrections/Corrige_-2002.pdf,NIVEAU_INCERTAIN,,AUCUN_INDICE,CORRIGE,NOM_FICHIER,4,4174,0,0,0.065
_non-classe/mathematiques/corrections/Corrige_-2003.pdf,NIVEAU_INCERTAIN,,AUCUN_INDICE,CORRIGE,NOM_FICHIER,4,3906,0,0,0.078
_non-classe/mathematiques/corrections/Corrige_-2004.pdf,NIVEAU_INCERTAIN,,AUCUN_INDICE,CORRIGE,NOM_FICHIER,4,4391,0,0,0.063
_non-classe/mathematiques/corrections/Corrige_-2005.pdf,NIVEAU_INCERTAIN,,AUCUN_INDICE,CORRIGE,NOM_FICHIER,4,4889,0,0,0.071
_non-classe/mathematiques/corrections/Corrige_-2006.pdf,NIVEAU_INCERTAIN,,AUCUN_INDICE,CORRIGE,NOM_FICHIER,4,4481,0,0,0.066
_non-classe/mathematiques/corrections/Corrige_-2007.pdf,NIVEAU_INCERTAIN,,AUCUN_INDICE,CORRIGE,NOM_FICHIER,4,5045,1,0,0.062
_non-classe/mathematiques/corrections/Corrige_-2008.pdf,NIVEAU_INCERTAIN,,AUCUN_INDICE,CORRIGE,NOM_FICHIER,3,4177,1,0,0.06
_non-classe/mathematiques/corrections/Corrige_-2009.pdf,NIVEAU_INCERTAIN,,AUCUN_INDICE,CORRIGE,CONTENU,6,4777,6,0,0.002
_non-classe/mathematiques/corrections/Corrige_-2010.pdf,NIVEAU_INCERTAIN,,AUCUN_INDICE,CORRIGE,NOM_FICHIER,3,4665,0,0,0.06
_non-classe/mathematiques/corrections/Corrige_-2011.pdf,NIVEAU_INCERTAIN,,AUCUN_INDICE,CORRIGE,NOM_FICHIER,3,4361,0,0,0.067
_non-classe/mathematiques/corrections/Corrige_-2012.pdf,NIVEAU_INCERTAIN,,AUCUN_INDICE,CORRIGE,NOM_FICHIER,4,3680,0,0,0.075
_non-classe/mathematiques/corrections/Corrige_-2013.pdf,NIVEAU_INCERTAIN,,AUCUN_INDICE,CORRIGE,NOM_FICHIER,4,5362,1,0,0.06
_non-classe/mathematiques/corrections/Corrige_-2014.pdf,NIVEAU_INCERTAIN,,AUCUN_INDICE,CORRIGE,NOM_FICHIER,4,5233,0,0,0.073
_non-classe/mathematiques/corrections/Corrige_-2015.pdf,NIVEAU_INCERTAIN,,AUCUN_INDICE,CORRIGE,NOM_FICHIER,3,5621,1,0,0.074
_non-classe/mathematiques/corrections/Corrige_-2016.pdf,NIVEAU_INCERTAIN,,AUCUN_INDICE,CORRIGE,NOM_FICHIER,5,7590,1,0,0.07
_non-classe/mathematiques/corrections/Corrige_-2017.pdf,NIVEAU_INCERTAIN,,AUCUN_INDICE,CORRIGE,NOM_FICHIER,9,8946,4,0,0.002
_non-classe/mathematiques/corrections/Corrige_-2018.pdf,NIVEAU_INCERTAIN,,AUCUN_INDICE,CORRIGE,NOM_FICHIER,8,7763,5,0,0.076
_non-classe/mathematiques/corrections/Corrige_-2019.pdf,NIVEAU_INCERTAIN,,AUCUN_INDICE,CORRIGE,CONTENU,4,7244,18,0,0.081
_non-classe/mathematiques/corrections/Corrige_-202-1.pdf,NIVEAU_INCERTAIN,,AUCUN_INDICE,CORRIGE,CONTENU,6,8279,10,0,0.086
_non-classe/mathematiques/corrections/Corrige_-202-5.pdf,NIVEAU_INCERTAIN,,AUCUN_INDICE,CORRIGE,CONTENU,11,5421,16,1,0.0
_non-classe/mathematiques/corrections/Corrige_-2022.pdf,VALIDE,7e,CERTAIN,CORRIGE,NOM_FICHIER,9,4859,10,0,0.002
_non-classe/mathematiques/corrections/Corrige_-2023.pdf,NIVEAU_INCERTAIN,,AUCUN_INDICE,CORRIGE,CONTENU,3,3185,11,0,0.0
_non-classe/mathematiques/corrections/Corrige_-2024.pdf,NIVEAU_INCERTAIN,,AUCUN_INDICE,CORRIGE,CONTENU,7,4157,11,0,0.0
_non-classe/mathematiques/corrections/Corrige_-C-.202-0.pdf,NIVEAU_INCERTAIN,,AUCUN_INDICE,CORRIGE,NOM_FICHIER,4,3727,1,0,0.058
_non-classe/mathematiques/corrections/Corrige_-C-.2020.pdf,HORS_NIVEAU_LYCEE,,AUCUN_INDICE,CORRIGE,NOM_FICHIER,8,9023,13,4,0.0
_non-classe/mathematiques/corrections/Corrige_-C-_20-18.pdf,NIVEAU_INCERTAIN,,AUCUN_INDICE,CORRIGE,NOM_FICHIER,6,10100,15,3,0.003
_non-classe/mathematiques/corrections/Corrige_-C-_2020.pdf,NIVEAU_INCERTAIN,,AUCUN_INDICE,CORRIGE,NOM_FICHIER,11,8080,12,1,0.0
_non-classe/mathematiques/corrections/Corrige_-P-_20-20.pdf,NIVEAU_INCERTAIN,,AUCUN_INDICE,CORRIGE,CONTENU,8,12750,15,3,0.001
_non-classe/mathematiques/corrections/Corrige_-P-_202-0.pdf,HORS_NIVEAU_LYCEE,,AUCUN_INDICE,CORRIGE,NOM_FICHIER,5,6777,5,2,0.035
_non-classe/mathematiques/corrections/Corrige_C-.-2025-2.pdf,NIVEAU_INCERTAIN,,AUCUN_INDICE,CORRIGE,NOM_FICHIER,3,5521,8,2,0.027
_non-classe/mathematiques/corrections/Corrige_C-.-2025.pdf,NIVEAU_INCERTAIN,,AUCUN_INDICE,CORRIGE,CONTENU,5,3081,2,0,0.0
_non-classe/mathematiques/corrections/Corrige_C-.-2026-2.pdf,HORS_NIVEAU_LYCEE,,AUCUN_INDICE,CORRIGE,NOM_FICHIER,5,6136,5,3,0.003
_non-classe/mathematiques/corrections/Corrige_C-.-2026.pdf,NIVEAU_INCERTAIN,,AUCUN_INDICE,CORRIGE,CONTENU,11,10787,20,2,0.014
_non-classe/mathematiques/corrections/Corrige_C.2008-2.pdf,NIVEAU_INCERTAIN,,AUCUN_INDICE,CORRIGE,NOM_FICHIER,3,6760,8,2,0.004
_non-classe/mathematiques/corrections/Corrige_C.2008-3.pdf,NIVEAU_INCERTAIN,,AUCUN_INDICE,CORRIGE,CONTENU,2,2637,7,2,0.014
_non-classe/mathematiques/corrections/Corrige_C.2008.pdf,HORS_NIVEAU_LYCEE,,AUCUN_INDICE,CORRIGE,CONTENU,4,5197,11,5,0.045
_non-classe/mathematiques/corrections/Corrige_C.2009-2.pdf,HORS_NIVEAU_LYCEE,,AUCUN_INDICE,CORRIGE,NOM_FICHIER,6,5727,4,4,0.056
_non-classe/mathematiques/corrections/Corrige_C.2009-3.pdf,NIVEAU_INCERTAIN,,AUCUN_INDICE,CORRIGE,CONTENU,4,5213,8,3,0.016
_non-classe/mathematiques/corrections/Corrige_C.2009.pdf,NIVEAU_INCERTAIN,,AUCUN_INDICE,CORRIGE,CONTENU,5,6213,7,3,0.041
_non-classe/mathematiques/corrections/Corrige_C.201-1.pdf,NIVEAU_INCERTAIN,,AUCUN_INDICE,CORRIGE,NOM_FICHIER,4,4928,8,2,0.046
_non-classe/mathematiques/corrections/Corrige_C.2010-2.pdf,NIVEAU_INCERTAIN,,AUCUN_INDICE,CORRIGE,NOM_FICHIER,3,4077,7,1,0.051
_non-classe/mathematiques/corrections/Corrige_C.2010-3.pdf,HORS_NIVEAU_LYCEE,,AUCUN_INDICE,CORRIGE,CONTENU,3,5225,10,7,0.078
_non-classe/mathematiques/corrections/Corrige_C.2010.pdf,NIVEAU_INCERTAIN,,AUCUN_INDICE,CORRIGE,NOM_FICHIER,4,4743,6,2,0.024
_non-classe/mathematiques/corrections/Corrige_C.2011-2.pdf,NIVEAU_INCERTAIN,,AUCUN_INDICE,CORRIGE,NOM_FICHIER,3,3048,6,1,0.099
_non-classe/mathematiques/corrections/Corrige_C.2011-3.pdf,NIVEAU_INCERTAIN,,AUCUN_INDICE,CORRIGE,CONTENU,4,3738,11,3,0.014
_non-classe/mathematiques/corrections/Corrige_C.2011.pdf,NIVEAU_INCERTAIN,,AUCUN_INDICE,CORRIGE,NOM_FICHIER,4,4824,8,2,0.112
_non-classe/mathematiques/corrections/Corrige_C.2012-2.pdf,HORS_NIVEAU_LYCEE,,AUCUN_INDICE,CORRIGE,NOM_FICHIER,3,1675,2,2,0.007
_non-classe/mathematiques/corrections/Corrige_C.2012-3.pdf,NIVEAU_INCERTAIN,,AUCUN_INDICE,CORRIGE,CONTENU,3,3667,7,1,0.01
_non-classe/mathematiques/corrections/Corrige_C.2012.pdf,NIVEAU_INCERTAIN,,AUCUN_INDICE,CORRIGE,NOM_FICHIER,6,3061,7,1,0.008
_non-classe/mathematiques/corrections/Corrige_C.2013-2.pdf,NIVEAU_INCERTAIN,,AUCUN_INDICE,CORRIGE,CONTENU,6,7557,7,2,0.121
_non-classe/mathematiques/corrections/Corrige_C.2013-3.pdf,NIVEAU_INCERTAIN,,AUCUN_INDICE,CORRIGE,CONTENU,5,6519,7,2,0.102
_non-classe/mathematiques/corrections/Corrige_C.2013-4.pdf,HORS_NIVEAU_LYCEE,,AUCUN_INDICE,CORRIGE,CONTENU,6,7271,5,4,0.074
_non-classe/mathematiques/corrections/Corrige_C.2013.pdf,NIVEAU_INCERTAIN,,AUCUN_INDICE,CORRIGE,CONTENU,8,9334,12,2,0.084
_non-classe/mathematiques/corrections/Corrige_C.2014-2.pdf,HORS_NIVEAU_LYCEE,,AUCUN_INDICE,CORRIGE,NOM_FICHIER,5,7167,8,4,0.063
_non-classe/mathematiques/corrections/Corrige_C.2014-3.pdf,NIVEAU_INCERTAIN,,AUCUN_INDICE,CORRIGE,NOM_FICHIER,8,9571,7,3,0.089
_non-classe/mathematiques/corrections/Corrige_C.2014-4.pdf,HORS_NIVEAU_LYCEE,,AUCUN_INDICE,CORRIGE,NOM_FICHIER,6,6732,6,4,0.081
_non-classe/mathematiques/corrections/Corrige_C.2014.pdf,NIVEAU_INCERTAIN,,AUCUN_INDICE,CORRIGE,NOM_FICHIER,7,9281,13,2,0.079
_non-classe/mathematiques/corrections/Corrige_C.2015-2.pdf,HORS_NIVEAU_LYCEE,,AUCUN_INDICE,CORRIGE,NOM_FICHIER,4,4900,5,3,0.123
_non-classe/mathematiques/corrections/Corrige_C.2015-3.pdf,NIVEAU_INCERTAIN,,AUCUN_INDICE,CORRIGE,NOM_FICHIER,5,5595,6,1,0.084
_non-classe/mathematiques/corrections/Corrige_C.2015-4.pdf,HORS_NIVEAU_LYCEE,,AUCUN_INDICE,CORRIGE,NOM_FICHIER,4,6403,4,6,0.078
_non-classe/mathematiques/corrections/Corrige_C.2015.pdf,NIVEAU_INCERTAIN,,AUCUN_INDICE,CORRIGE,NOM_FICHIER,5,7188,15,3,0.113
_non-classe/mathematiques/corrections/Corrige_C.2016-2.pdf,HORS_NIVEAU_LYCEE,,AUCUN_INDICE,CORRIGE,NOM_FICHIER,5,3948,4,4,0.006
_non-classe/mathematiques/corrections/Corrige_C.2016-3.pdf,HORS_NIVEAU_LYCEE,,AUCUN_INDICE,CORRIGE,NOM_FICHIER,6,4420,5,2,0.011
_non-classe/mathematiques/corrections/Corrige_C.2016-4.pdf,NIVEAU_INCERTAIN,,AUCUN_INDICE,CORRIGE,NOM_FICHIER,5,6668,9,3,0.084
_non-classe/mathematiques/corrections/Corrige_C.2016.pdf,NIVEAU_INCERTAIN,,AUCUN_INDICE,CORRIGE,NOM_FICHIER,6,5755,11,1,0.011
_non-classe/mathematiques/corrections/Corrige_C.2017-2.pdf,HORS_NIVEAU_LYCEE,,AUCUN_INDICE,CORRIGE,CONTENU,2,3141,3,2,0.068
_non-classe/mathematiques/corrections/Corrige_C.2017-3.pdf,HORS_NIVEAU_LYCEE,,AUCUN_INDICE,CORRIGE,NOM_FICHIER,5,5714,5,5,0.004
_non-classe/mathematiques/corrections/Corrige_C.2017-4.pdf,HORS_NIVEAU_LYCEE,,AUCUN_INDICE,CORRIGE,CONTENU,2,2690,3,3,0.089
_non-classe/mathematiques/corrections/Corrige_C.2017.pdf,HORS_NIVEAU_LYCEE,,AUCUN_INDICE,CORRIGE,NOM_FICHIER,10,10563,9,4,0.069
_non-classe/mathematiques/corrections/Corrige_C.2018-2.pdf,HORS_NIVEAU_LYCEE,,AUCUN_INDICE,CORRIGE,NOM_FICHIER,2,2811,3,3,0.001
_non-classe/mathematiques/corrections/Corrige_C.2018.pdf,HORS_NIVEAU_LYCEE,,AUCUN_INDICE,CORRIGE,NOM_FICHIER,7,8643,4,4,0.011
_non-classe/mathematiques/corrections/Corrige_C.2019-2.pdf,NIVEAU_INCERTAIN,,AUCUN_INDICE,CORRIGE,NOM_FICHIER,4,4899,6,0,0.008
_non-classe/mathematiques/corrections/Corrige_C.2019-3.pdf,NIVEAU_INCERTAIN,,AUCUN_INDICE,CORRIGE,NOM_FICHIER,4,5861,13,1,0.123
_non-classe/mathematiques/corrections/Corrige_C.2019-4.pdf,NIVEAU_INCERTAIN,,AUCUN_INDICE,CORRIGE,CONTENU,3,1971,3,0,0.114
_non-classe/mathematiques/corrections/Corrige_C.2019.pdf,NIVEAU_INCERTAIN,,AUCUN_INDICE,CORRIGE,NOM_FICHIER,6,7648,13,2,0.004
_non-classe/mathematiques/corrections/Corrige_C.202-0.pdf,NIVEAU_INCERTAIN,,AUCUN_INDICE,CORRIGE,CONTENU,3,3132,5,1,0.0
_non-classe/mathematiques/corrections/Corrige_C.202-6.pdf,NIVEAU_INCERTAIN,,AUCUN_INDICE,CORRIGE,NOM_FICHIER,3,3941,8,1,0.004
_non-classe/mathematiques/corrections/Corrige_C.2021-2.pdf,NIVEAU_INCERTAIN,,AUCUN_INDICE,CORRIGE,NOM_FICHIER,7,9229,7,2,0.007
_non-classe/mathematiques/corrections/Corrige_C.2021-3.pdf,NIVEAU_INCERTAIN,,AUCUN_INDICE,CORRIGE,NOM_FICHIER,5,4378,3,0,0.024
_non-classe/mathematiques/corrections/Corrige_C.2021.pdf,NIVEAU_INCERTAIN,,AUCUN_INDICE,CORRIGE,NOM_FICHIER,5,6039,3,0,0.007
_non-classe/mathematiques/corrections/Corrige_C.2022.pdf,NIVEAU_INCERTAIN,,AUCUN_INDICE,CORRIGE,NOM_FICHIER,2,5645,6,1,0.006
_non-classe/mathematiques/corrections/Corrige_C.2023-2.pdf,HORS_NIVEAU_LYCEE,,AUCUN_INDICE,CORRIGE,CONTENU,4,3769,7,4,0.0
_non-classe/mathematiques/corrections/Corrige_C.2023.pdf,HORS_NIVEAU_LYCEE,,AUCUN_INDICE,CORRIGE,NOM_FICHIER,6,3665,5,2,0.001
_non-classe/mathematiques/corrections/Corrige_C.2024-2.pdf,NIVEAU_INCERTAIN,,AUCUN_INDICE,CORRIGE,CONTENU,3,2124,4,1,0.007
_non-classe/mathematiques/corrections/Corrige_C.2024-3.pdf,NIVEAU_INCERTAIN,,AUCUN_INDICE,CORRIGE,CONTENU,4,3999,6,2,0.001
_non-classe/mathematiques/corrections/Corrige_C.2024.pdf,NIVEAU_INCERTAIN,,AUCUN_INDICE,CORRIGE,CONTENU,5,6376,10,1,0.008
_non-classe/mathematiques/corrections/Corrige_C.2025.pdf,NIVEAU_INCERTAIN,,AUCUN_INDICE,CORRIGE,NOM_FICHIER,5,6772,12,3,0.018
_non-classe/mathematiques/corrections/Corrige_C.2026.pdf,NIVEAU_INCERTAIN,,AUCUN_INDICE,CORRIGE,NOM_FICHIER,5,7518,8,1,0.002
_non-classe/mathematiques/corrections/Corrige_C_2008-2.pdf,HORS_NIVEAU_LYCEE,,AUCUN_INDICE,CORRIGE,NOM_FICHIER,5,6584,13,7,0.024
_non-classe/mathematiques/corrections/Corrige_C_2008.pdf,NIVEAU_INCERTAIN,,AUCUN_INDICE,CORRIGE,NOM_FICHIER,6,8079,12,2,0.011
_non-classe/mathematiques/corrections/Corrige_C_2009-2.pdf,NIVEAU_INCERTAIN,,AUCUN_INDICE,CORRIGE,CONTENU,4,6146,11,3,0.062
_non-classe/mathematiques/corrections/Corrige_C_2009.pdf,HORS_NIVEAU_LYCEE,,AUCUN_INDICE,CORRIGE,CONTENU,8,10219,12,4,0.128
_non-classe/mathematiques/corrections/Corrige_C_2010-2.pdf,HORS_NIVEAU_LYCEE,,AUCUN_INDICE,CORRIGE,CONTENU,7,11497,15,6,0.073
_non-classe/mathematiques/corrections/Corrige_C_2010.pdf,NIVEAU_INCERTAIN,,AUCUN_INDICE,CORRIGE,CONTENU,5,8108,9,2,0.071
_non-classe/mathematiques/corrections/Corrige_C_2011-2.pdf,HORS_NIVEAU_LYCEE,,AUCUN_INDICE,CORRIGE,CONTENU,6,7281,13,5,0.1
_non-classe/mathematiques/corrections/Corrige_C_2011.pdf,NIVEAU_INCERTAIN,,AUCUN_INDICE,CORRIGE,NOM_FICHIER,9,12446,15,3,0.057
_non-classe/mathematiques/corrections/Corrige_C_2012-2.pdf,HORS_NIVEAU_LYCEE,,AUCUN_INDICE,CORRIGE,CONTENU,3,4461,12,4,0.049
_non-classe/mathematiques/corrections/Corrige_C_2012.pdf,NIVEAU_INCERTAIN,,AUCUN_INDICE,CORRIGE,NOM_FICHIER,8,11509,12,3,0.013
_non-classe/mathematiques/corrections/Corrige_C_2013-2.pdf,NIVEAU_INCERTAIN,,AUCUN_INDICE,CORRIGE,CONTENU,4,4524,9,0,0.161
_non-classe/mathematiques/corrections/Corrige_C_2013.pdf,NIVEAU_INCERTAIN,,AUCUN_INDICE,CORRIGE,CONTENU,4,6245,7,0,0.14
_non-classe/mathematiques/corrections/Corrige_C_2014-2.pdf,NIVEAU_INCERTAIN,,AUCUN_INDICE,CORRIGE,NOM_FICHIER,3,5173,7,1,0.169
_non-classe/mathematiques/corrections/Corrige_C_2014.pdf,NIVEAU_INCERTAIN,,AUCUN_INDICE,CORRIGE,CONTENU,4,6195,10,2,0.108
_non-classe/mathematiques/corrections/Corrige_C_2015-2.pdf,NIVEAU_INCERTAIN,,AUCUN_INDICE,CORRIGE,NOM_FICHIER,5,6127,11,1,0.125
_non-classe/mathematiques/corrections/Corrige_C_2015.pdf,NIVEAU_INCERTAIN,,AUCUN_INDICE,CORRIGE,NOM_FICHIER,4,6012,9,1,0.117
_non-classe/mathematiques/corrections/Corrige_C_2016-2.pdf,NIVEAU_INCERTAIN,,AUCUN_INDICE,CORRIGE,CONTENU,4,5943,7,2,0.143
_non-classe/mathematiques/corrections/Corrige_C_2016.pdf,NIVEAU_INCERTAIN,,AUCUN_INDICE,CORRIGE,CONTENU,6,8177,9,1,0.156
_non-classe/mathematiques/corrections/Corrige_C_2017-2.pdf,HORS_NIVEAU_LYCEE,,AUCUN_INDICE,CORRIGE,NOM_FICHIER,7,12038,11,4,0.122
_non-classe/mathematiques/corrections/Corrige_C_2017.pdf,NIVEAU_INCERTAIN,,AUCUN_INDICE,CORRIGE,CONTENU,6,9414,10,3,0.148
_non-classe/mathematiques/corrections/Corrige_C_2018-2.pdf,HORS_NIVEAU_LYCEE,,AUCUN_INDICE,CORRIGE,CONTENU,5,5313,4,5,0.1
_non-classe/mathematiques/corrections/Corrige_C_2018-3.pdf,NIVEAU_INCERTAIN,,AUCUN_INDICE,CORRIGE,NOM_FICHIER,4,4795,3,1,0.005
_non-classe/mathematiques/corrections/Corrige_C_2018.pdf,HORS_NIVEAU_LYCEE,,AUCUN_INDICE,CORRIGE,NOM_FICHIER,7,10081,11,4,0.01
_non-classe/mathematiques/corrections/Corrige_C_2019-2.pdf,NIVEAU_INCERTAIN,,AUCUN_INDICE,CORRIGE,NOM_FICHIER,5,6737,7,3,0.161
_non-classe/mathematiques/corrections/Corrige_C_2019.pdf,NIVEAU_INCERTAIN,,AUCUN_INDICE,CORRIGE,NOM_FICHIER,5,9231,9,1,0.168
_non-classe/mathematiques/corrections/Corrige_C_202-6-2.pdf,NIVEAU_INCERTAIN,,AUCUN_INDICE,CORRIGE,CONTENU,7,9654,15,2,0.042
_non-classe/mathematiques/corrections/Corrige_C_202-6.pdf,HORS_NIVEAU_LYCEE,,AUCUN_INDICE,CORRIGE,CONTENU,10,13308,12,5,0.007
_non-classe/mathematiques/corrections/Corrige_C_2020.pdf,NIVEAU_INCERTAIN,,AUCUN_INDICE,CORRIGE,CONTENU,6,10722,7,1,0.05
_non-classe/mathematiques/corrections/Corrige_C_2021-2.pdf,NIVEAU_INCERTAIN,,AUCUN_INDICE,CORRIGE,NOM_FICHIER,5,6750,8,2,0.036
_non-classe/mathematiques/corrections/Corrige_C_2021.pdf,NIVEAU_INCERTAIN,,AUCUN_INDICE,CORRIGE,NOM_FICHIER,8,9411,12,2,0.053
_non-classe/mathematiques/corrections/Corrige_C_2023-2.pdf,NIVEAU_INCERTAIN,,AUCUN_INDICE,CORRIGE,CONTENU,7,9508,8,3,0.04
_non-classe/mathematiques/corrections/Corrige_C_2023.pdf,NIVEAU_INCERTAIN,,AUCUN_INDICE,CORRIGE,CONTENU,5,7933,9,1,0.009
_non-classe/mathematiques/corrections/Corrige_C_2024-2.pdf,HORS_NIVEAU_LYCEE,,AUCUN_INDICE,CORRIGE,CONTENU,7,13542,11,5,0.167
_non-classe/mathematiques/corrections/Corrige_C_2024.pdf,NIVEAU_INCERTAIN,,AUCUN_INDICE,CORRIGE,CONTENU,7,12922,10,2,0.043
_non-classe/mathematiques/corrections/Corrige_C_2025-2.pdf,NIVEAU_INCERTAIN,,AUCUN_INDICE,CORRIGE,CONTENU,7,10041,8,2,0.057
_non-classe/mathematiques/corrections/Corrige_C_2025.pdf,NIVEAU_INCERTAIN,,AUCUN_INDICE,CORRIGE,NOM_FICHIER,7,11067,11,2,0.021
_non-classe/mathematiques/corrections/Corrige_P.2008-2.pdf,HORS_NIVEAU_LYCEE,,AUCUN_INDICE,CORRIGE,NOM_FICHIER,4,3326,5,3,0.011
_non-classe/mathematiques/corrections/Corrige_P.2008-3.pdf,NIVEAU_INCERTAIN,,AUCUN_INDICE,CORRIGE,CONTENU,3,4102,9,3,0.063
_non-classe/mathematiques/corrections/Corrige_P.2008.pdf,HORS_NIVEAU_LYCEE,,AUCUN_INDICE,CORRIGE,CONTENU,4,4649,12,7,0.035
_non-classe/mathematiques/corrections/Corrige_P.2009-2.pdf,HORS_NIVEAU_LYCEE,,AUCUN_INDICE,CORRIGE,NOM_FICHIER,3,3007,4,2,0.03
_non-classe/mathematiques/corrections/Corrige_P.2009-3.pdf,NIVEAU_INCERTAIN,,AUCUN_INDICE,CORRIGE,CONTENU,3,4745,6,3,0.063
_non-classe/mathematiques/corrections/Corrige_P.2009.pdf,NIVEAU_INCERTAIN,,AUCUN_INDICE,CORRIGE,NOM_FICHIER,6,8472,6,2,0.038
_non-classe/mathematiques/corrections/Corrige_P.2010-2.pdf,NIVEAU_INCERTAIN,,AUCUN_INDICE,CORRIGE,CONTENU,3,4715,8,2,0.044
_non-classe/mathematiques/corrections/Corrige_P.2010-3.pdf,HORS_NIVEAU_LYCEE,,AUCUN_INDICE,CORRIGE,NOM_FICHIER,3,2427,2,4,0.002
_non-classe/mathematiques/corrections/Corrige_P.2010-4.pdf,HORS_NIVEAU_LYCEE,,AUCUN_INDICE,CORRIGE,NOM_FICHIER,2,1970,5,4,0.007
_non-classe/mathematiques/corrections/Corrige_P.2010.pdf,HORS_NIVEAU_LYCEE,,AUCUN_INDICE,CORRIGE,NOM_FICHIER,4,2941,3,2,0.071
_non-classe/mathematiques/corrections/Corrige_P.2011-2.pdf,NIVEAU_INCERTAIN,,AUCUN_INDICE,CORRIGE,NOM_FICHIER,5,4859,9,1,0.038
_non-classe/mathematiques/corrections/Corrige_P.2011-3.pdf,NIVEAU_INCERTAIN,,AUCUN_INDICE,CORRIGE,CONTENU,4,4999,8,2,0.025
_non-classe/mathematiques/corrections/Corrige_P.2011-4.pdf,HORS_NIVEAU_LYCEE,,AUCUN_INDICE,CORRIGE,NOM_FICHIER,2,2113,3,2,0.057
_non-classe/mathematiques/corrections/Corrige_P.2011-5.pdf,NIVEAU_INCERTAIN,,AUCUN_INDICE,CORRIGE,NOM_FICHIER,2,1567,4,1,0.024
_non-classe/mathematiques/corrections/Corrige_P.2011.pdf,HORS_NIVEAU_LYCEE,,AUCUN_INDICE,CORRIGE,NOM_FICHIER,4,4353,4,3,0.105
_non-classe/mathematiques/corrections/Corrige_P.2012-2.pdf,HORS_NIVEAU_LYCEE,,AUCUN_INDICE,CORRIGE,NOM_FICHIER,3,4042,7,4,0.006
_non-classe/mathematiques/corrections/Corrige_P.2012-3.pdf,HORS_NIVEAU_LYCEE,,AUCUN_INDICE,CORRIGE,CONTENU,3,4091,9,4,0.047
_non-classe/mathematiques/corrections/Corrige_P.2012-4.pdf,NIVEAU_INCERTAIN,,AUCUN_INDICE,CORRIGE,NOM_FICHIER,4,4824,8,3,0.01
_non-classe/mathematiques/corrections/Corrige_P.2012.pdf,NIVEAU_INCERTAIN,,AUCUN_INDICE,CORRIGE,NOM_FICHIER,5,3392,10,2,0.013
_non-classe/mathematiques/corrections/Corrige_P.2013-2.pdf,NIVEAU_INCERTAIN,,AUCUN_INDICE,CORRIGE,CONTENU,5,7261,6,2,0.074
_non-classe/mathematiques/corrections/Corrige_P.2013-3.pdf,NIVEAU_INCERTAIN,,AUCUN_INDICE,CORRIGE,CONTENU,6,7264,8,0,0.074
_non-classe/mathematiques/corrections/Corrige_P.2013-4.pdf,HORS_NIVEAU_LYCEE,,AUCUN_INDICE,CORRIGE,CONTENU,6,7000,5,3,0.059
_non-classe/mathematiques/corrections/Corrige_P.2013.pdf,NIVEAU_INCERTAIN,,AUCUN_INDICE,CORRIGE,CONTENU,7,8116,12,1,0.115
_non-classe/mathematiques/corrections/Corrige_P.2014-2.pdf,NIVEAU_INCERTAIN,,AUCUN_INDICE,CORRIGE,CONTENU,5,7261,6,2,0.074
_non-classe/mathematiques/corrections/Corrige_P.2014-3.pdf,HORS_NIVEAU_LYCEE,,AUCUN_INDICE,CORRIGE,NOM_FICHIER,7,7408,16,4,0.08
_non-classe/mathematiques/corrections/Corrige_P.2014-4.pdf,HORS_NIVEAU_LYCEE,,AUCUN_INDICE,CORRIGE,NOM_FICHIER,5,5959,5,5,0.081
_non-classe/mathematiques/corrections/Corrige_P.2014.pdf,NIVEAU_INCERTAIN,,AUCUN_INDICE,CORRIGE,NOM_FICHIER,6,7609,15,3,0.094
_non-classe/mathematiques/corrections/Corrige_P.2015-2.pdf,NIVEAU_INCERTAIN,,AUCUN_INDICE,CORRIGE,NOM_FICHIER,5,6657,6,3,0.104
_non-classe/mathematiques/corrections/Corrige_P.2015-3.pdf,HORS_NIVEAU_LYCEE,,AUCUN_INDICE,CORRIGE,NOM_FICHIER,6,7416,10,5,0.1
_non-classe/mathematiques/corrections/Corrige_P.2015-4.pdf,HORS_NIVEAU_LYCEE,,AUCUN_INDICE,CORRIGE,NOM_FICHIER,5,6110,5,6,0.083
_non-classe/mathematiques/corrections/Corrige_P.2015.pdf,HORS_NIVEAU_LYCEE,,AUCUN_INDICE,CORRIGE,NOM_FICHIER,7,9099,14,5,0.102
_non-classe/mathematiques/corrections/Corrige_P.2016-2.pdf,NIVEAU_INCERTAIN,,AUCUN_INDICE,CORRIGE,NOM_FICHIER,5,3844,7,2,0.005
_non-classe/mathematiques/corrections/Corrige_P.2016-3.pdf,NIVEAU_INCERTAIN,,AUCUN_INDICE,CORRIGE,NOM_FICHIER,5,4479,8,3,0.005
_non-classe/mathematiques/corrections/Corrige_P.2016-4.pdf,HORS_NIVEAU_LYCEE,,AUCUN_INDICE,CORRIGE,NOM_FICHIER,5,6589,5,3,0.047
_non-classe/mathematiques/corrections/Corrige_P.2016-5.pdf,HORS_NIVEAU_LYCEE,,AUCUN_INDICE,CORRIGE,NOM_FICHIER,3,4692,4,4,0.046
_non-classe/mathematiques/corrections/Corrige_P.2016.pdf,NIVEAU_INCERTAIN,,AUCUN_INDICE,CORRIGE,NOM_FICHIER,8,7736,12,3,0.014
_non-classe/mathematiques/corrections/Corrige_P.2017-2.pdf,NIVEAU_INCERTAIN,,AUCUN_INDICE,CORRIGE,CONTENU,3,4143,6,2,0.083
_non-classe/mathematiques/corrections/Corrige_P.2017-3.pdf,HORS_NIVEAU_LYCEE,,AUCUN_INDICE,CORRIGE,NOM_FICHIER,5,5026,9,4,0.005
_non-classe/mathematiques/corrections/Corrige_P.2017-4.pdf,HORS_NIVEAU_LYCEE,,AUCUN_INDICE,CORRIGE,CONTENU,2,2883,2,3,0.087
_non-classe/mathematiques/corrections/Corrige_P.2017-5.pdf,NIVEAU_INCERTAIN,,AUCUN_INDICE,CORRIGE,CONTENU,2,2388,3,1,0.078
_non-classe/mathematiques/corrections/Corrige_P.2017.pdf,NIVEAU_INCERTAIN,,AUCUN_INDICE,CORRIGE,NOM_FICHIER,9,8492,11,3,0.066
_non-classe/mathematiques/corrections/Corrige_P.2018-2.pdf,HORS_NIVEAU_LYCEE,,AUCUN_INDICE,CORRIGE,NOM_FICHIER,2,2528,2,4,0.002
_non-classe/mathematiques/corrections/Corrige_P.2018.pdf,NIVEAU_INCERTAIN,,AUCUN_INDICE,CORRIGE,NOM_FICHIER,6,6793,13,3,0.007
_non-classe/mathematiques/corrections/Corrige_P.2019-2.pdf,HORS_NIVEAU_LYCEE,,AUCUN_INDICE,CORRIGE,NOM_FICHIER,5,3873,4,3,0.005
_non-classe/mathematiques/corrections/Corrige_P.2019-3.pdf,NIVEAU_INCERTAIN,,AUCUN_INDICE,CORRIGE,NOM_FICHIER,5,7856,7,0,0.132
_non-classe/mathematiques/corrections/Corrige_P.2019-4.pdf,HORS_NIVEAU_LYCEE,,AUCUN_INDICE,CORRIGE,CONTENU,3,3560,1,3,0.002
_non-classe/mathematiques/corrections/Corrige_P.2019-5.pdf,NIVEAU_INCERTAIN,,AUCUN_INDICE,CORRIGE,CONTENU,2,1668,3,0,0.002
_non-classe/mathematiques/corrections/Corrige_P.2019.pdf,NIVEAU_INCERTAIN,,AUCUN_INDICE,CORRIGE,NOM_FICHIER,4,6118,10,0,0.093
_non-classe/mathematiques/corrections/Corrige_P.202-0-2.pdf,HORS_NIVEAU_LYCEE,,AUCUN_INDICE,CORRIGE,CONTENU,2,2514,2,3,0.001
_non-classe/mathematiques/corrections/Corrige_P.202-0-3.pdf,NIVEAU_INCERTAIN,,AUCUN_INDICE,CORRIGE,CONTENU,3,2911,8,2,0.0
_non-classe/mathematiques/corrections/Corrige_P.202-0.pdf,NIVEAU_INCERTAIN,,AUCUN_INDICE,CORRIGE,NOM_FICHIER,8,8563,13,1,0.036
_non-classe/mathematiques/corrections/Corrige_P.202-6-2.pdf,NIVEAU_INCERTAIN,,AUCUN_INDICE,CORRIGE,NOM_FICHIER,7,10786,9,2,0.017
_non-classe/mathematiques/corrections/Corrige_P.202-6-3.pdf,NIVEAU_INCERTAIN,,AUCUN_INDICE,CORRIGE,NOM_FICHIER,9,12685,11,3,0.017
_non-classe/mathematiques/corrections/Corrige_P.202-6.pdf,NIVEAU_INCERTAIN,,AUCUN_INDICE,CORRIGE,NOM_FICHIER,10,14929,16,3,0.015
_non-classe/mathematiques/corrections/Corrige_P.2021-2.pdf,NIVEAU_INCERTAIN,,AUCUN_INDICE,CORRIGE,NOM_FICHIER,5,7034,4,1,0.007
_non-classe/mathematiques/corrections/Corrige_P.2021-3.pdf,NIVEAU_INCERTAIN,,AUCUN_INDICE,CORRIGE,NOM_FICHIER,7,9866,10,3,0.004
_non-classe/mathematiques/corrections/Corrige_P.2021-4.pdf,NIVEAU_INCERTAIN,,AUCUN_INDICE,CORRIGE,NOM_FICHIER,3,3531,4,1,0.025
_non-classe/mathematiques/corrections/Corrige_P.2021-5.pdf,NIVEAU_INCERTAIN,,AUCUN_INDICE,CORRIGE,NOM_FICHIER,2,1373,2,0,0.062
_non-classe/mathematiques/corrections/Corrige_P.2021.pdf,NIVEAU_INCERTAIN,,AUCUN_INDICE,CORRIGE,NOM_FICHIER,6,5966,13,2,0.014
_non-classe/mathematiques/corrections/Corrige_P.2022.pdf,NIVEAU_INCERTAIN,,AUCUN_INDICE,CORRIGE,NOM_FICHIER,10,9734,17,3,0.0
_non-classe/mathematiques/corrections/Corrige_P.2023-2.pdf,HORS_NIVEAU_LYCEE,,AUCUN_INDICE,CORRIGE,NOM_FICHIER,3,3027,3,2,0.0
_non-classe/mathematiques/corrections/Corrige_P.2023-3.pdf,NIVEAU_INCERTAIN,,AUCUN_INDICE,CORRIGE,CONTENU,4,3431,6,2,0.0
_non-classe/mathematiques/corrections/Corrige_P.2023.pdf,HORS_NIVEAU_LYCEE,,AUCUN_INDICE,CORRIGE,NOM_FICHIER,5,6066,11,4,0.0
_non-classe/mathematiques/corrections/Corrige_P.2024-2.pdf,NIVEAU_INCERTAIN,,AUCUN_INDICE,CORRIGE,NOM_FICHIER,4,5312,7,2,0.001
_non-classe/mathematiques/corrections/Corrige_P.2024-3.pdf,NIVEAU_INCERTAIN,,AUCUN_INDICE,CORRIGE,NOM_FICHIER,7,8575,12,3,0.0
_non-classe/mathematiques/corrections/Corrige_P.2024.pdf,NIVEAU_INCERTAIN,,AUCUN_INDICE,CORRIGE,CONTENU,6,7407,11,2,0.007
_non-classe/mathematiques/corrections/Corrige_P.2025-2.pdf,HORS_NIVEAU_LYCEE,,AUCUN_INDICE,CORRIGE,NOM_FICHIER,4,7881,5,2,0.019
_non-classe/mathematiques/corrections/Corrige_P.2025-3.pdf,NIVEAU_INCERTAIN,,AUCUN_INDICE,CORRIGE,NOM_FICHIER,6,5797,10,1,0.0
_non-classe/mathematiques/corrections/Corrige_P.2025.pdf,NIVEAU_INCERTAIN,,AUCUN_INDICE,CORRIGE,NOM_FICHIER,6,9036,13,2,0.003
_non-classe/mathematiques/corrections/Corrige_P2010.pdf,NIVEAU_INCERTAIN,,AUCUN_INDICE,CORRIGE,NOM_FICHIER,7,6991,9,2,0.002
_non-classe/mathematiques/corrections/Corrige_P_20-18.pdf,NIVEAU_INCERTAIN,,AUCUN_INDICE,CORRIGE,NOM_FICHIER,6,10301,12,1,0.001
_non-classe/mathematiques/corrections/Corrige_P_2008-2.pdf,HORS_NIVEAU_LYCEE,,AUCUN_INDICE,CORRIGE,NOM_FICHIER,5,6054,12,4,0.019
_non-classe/mathematiques/corrections/Corrige_P_2008.pdf,NIVEAU_INCERTAIN,,AUCUN_INDICE,CORRIGE,NOM_FICHIER,5,8726,14,2,0.014
_non-classe/mathematiques/corrections/Corrige_P_2009-2.pdf,HORS_NIVEAU_LYCEE,,AUCUN_INDICE,CORRIGE,CONTENU,5,8090,12,4,0.069
_non-classe/mathematiques/corrections/Corrige_P_2009.pdf,NIVEAU_INCERTAIN,,AUCUN_INDICE,CORRIGE,NOM_FICHIER,7,9627,13,2,0.122
_non-classe/mathematiques/corrections/Corrige_P_2010-2.pdf,HORS_NIVEAU_LYCEE,,AUCUN_INDICE,CORRIGE,CONTENU,6,14446,17,4,0.065
_non-classe/mathematiques/corrections/Corrige_P_2010.pdf,NIVEAU_INCERTAIN,,AUCUN_INDICE,CORRIGE,NOM_FICHIER,6,7765,10,2,0.11
_non-classe/mathematiques/corrections/Corrige_P_2011-2.pdf,HORS_NIVEAU_LYCEE,,AUCUN_INDICE,CORRIGE,CONTENU,7,8294,9,5,0.081
_non-classe/mathematiques/corrections/Corrige_P_2011.pdf,NIVEAU_INCERTAIN,,AUCUN_INDICE,CORRIGE,NOM_FICHIER,10,13977,14,3,0.074
_non-classe/mathematiques/corrections/Corrige_P_2012-2.pdf,HORS_NIVEAU_LYCEE,,AUCUN_INDICE,CORRIGE,CONTENU,4,3731,10,4,0.015
_non-classe/mathematiques/corrections/Corrige_P_2012.pdf,NIVEAU_INCERTAIN,,AUCUN_INDICE,CORRIGE,NOM_FICHIER,9,12518,16,2,0.016
_non-classe/mathematiques/corrections/Corrige_P_2013-2.pdf,NIVEAU_INCERTAIN,,AUCUN_INDICE,CORRIGE,CONTENU,4,5370,10,0,0.12
_non-classe/mathematiques/corrections/Corrige_P_2013.pdf,NIVEAU_INCERTAIN,,AUCUN_INDICE,CORRIGE,CONTENU,4,6842,12,2,0.128
_non-classe/mathematiques/corrections/Corrige_P_2014-2.pdf,NIVEAU_INCERTAIN,,AUCUN_INDICE,CORRIGE,NOM_FICHIER,4,4532,8,1,0.134
_non-classe/mathematiques/corrections/Corrige_P_2014.pdf,NIVEAU_INCERTAIN,,AUCUN_INDICE,CORRIGE,CONTENU,5,7299,11,1,0.142
_non-classe/mathematiques/corrections/Corrige_P_2015-2.pdf,NIVEAU_INCERTAIN,,AUCUN_INDICE,CORRIGE,NOM_FICHIER,5,5505,15,1,0.12
_non-classe/mathematiques/corrections/Corrige_P_2015.pdf,NIVEAU_INCERTAIN,,AUCUN_INDICE,CORRIGE,NOM_FICHIER,5,7126,11,1,0.148
_non-classe/mathematiques/corrections/Corrige_P_2016-2.pdf,NIVEAU_INCERTAIN,,AUCUN_INDICE,CORRIGE,CONTENU,3,5150,8,1,0.125
_non-classe/mathematiques/corrections/Corrige_P_2016.pdf,NIVEAU_INCERTAIN,,AUCUN_INDICE,CORRIGE,CONTENU,5,8776,10,3,0.139
_non-classe/mathematiques/corrections/Corrige_P_2017-2.pdf,HORS_NIVEAU_LYCEE,,AUCUN_INDICE,CORRIGE,NOM_FICHIER,6,9051,15,4,0.113
_non-classe/mathematiques/corrections/Corrige_P_2017.pdf,NIVEAU_INCERTAIN,,AUCUN_INDICE,CORRIGE,CONTENU,8,15385,15,3,0.136
_non-classe/mathematiques/corrections/Corrige_P_2018-2.pdf,NIVEAU_INCERTAIN,,AUCUN_INDICE,CORRIGE,CONTENU,6,8053,6,3,0.002
_non-classe/mathematiques/corrections/Corrige_P_2018-3.pdf,NIVEAU_INCERTAIN,,AUCUN_INDICE,CORRIGE,NOM_FICHIER,4,6269,7,2,0.003
_non-classe/mathematiques/corrections/Corrige_P_2018.pdf,HORS_NIVEAU_LYCEE,,AUCUN_INDICE,CORRIGE,NOM_FICHIER,8,9458,10,5,0.009
_non-classe/mathematiques/corrections/Corrige_P_2019-2.pdf,HORS_NIVEAU_LYCEE,,AUCUN_INDICE,CORRIGE,NOM_FICHIER,6,7019,4,2,0.157
_non-classe/mathematiques/corrections/Corrige_P_2019.pdf,NIVEAU_INCERTAIN,,AUCUN_INDICE,CORRIGE,CONTENU,6,11247,11,0,0.066
_non-classe/mathematiques/corrections/Corrige_P_202-6-2.pdf,NIVEAU_INCERTAIN,,AUCUN_INDICE,CORRIGE,CONTENU,7,11234,11,3,0.055
_non-classe/mathematiques/corrections/Corrige_P_202-6.pdf,HORS_NIVEAU_LYCEE,,AUCUN_INDICE,CORRIGE,CONTENU,10,12377,13,4,0.008
_non-classe/mathematiques/corrections/Corrige_P_2021-2.pdf,NIVEAU_INCERTAIN,,AUCUN_INDICE,CORRIGE,NOM_FICHIER,6,5725,9,0,0.041
_non-classe/mathematiques/corrections/Corrige_P_2021.pdf,NIVEAU_INCERTAIN,,AUCUN_INDICE,CORRIGE,NOM_FICHIER,9,14623,8,2,0.05
_non-classe/mathematiques/corrections/Corrige_P_2023-2.pdf,NIVEAU_INCERTAIN,,AUCUN_INDICE,CORRIGE,CONTENU,7,8485,8,2,0.045
_non-classe/mathematiques/corrections/Corrige_P_2023.pdf,NIVEAU_INCERTAIN,,AUCUN_INDICE,CORRIGE,CONTENU,6,8878,9,1,0.005
_non-classe/mathematiques/corrections/Corrige_P_2024-2.pdf,NIVEAU_INCERTAIN,,AUCUN_INDICE,CORRIGE,CONTENU,7,10785,12,3,0.069
_non-classe/mathematiques/corrections/Corrige_P_2024.pdf,NIVEAU_INCERTAIN,,AUCUN_INDICE,CORRIGE,CONTENU,7,12055,6,1,0.068
_non-classe/mathematiques/corrections/Corrige_P_2025-2.pdf,NIVEAU_INCERTAIN,,AUCUN_INDICE,CORRIGE,CONTENU,7,10726,8,3,0.042
_non-classe/mathematiques/corrections/Corrige_P_2025.pdf,NIVEAU_INCERTAIN,,AUCUN_INDICE,CORRIGE,CONTENU,7,11110,14,1,0.005
_non-classe/mathematiques/corrections/ar_corrige.pdf,NIVEAU_INCERTAIN,,AUCUN_INDICE,CORRIGE,NOM_FICHIER,3,239,0,0,0.0
_non-classe/mathematiques/corrections/fr_corrige.pdf,NIVEAU_INCERTAIN,,AUCUN_INDICE,CORRIGE,NOM_FICHIER,2,2589,1,0,0.0
_non-classe/mathematiques/corrections/math_corrige.pdf,NIVEAU_INCERTAIN,,AUCUN_INDICE,CORRIGE,NOM_FICHIER,4,333,0,0,0.0
_non-classe/mathematiques/corrections/sc_corrige.pdf,NIVEAU_INCERTAIN,,AUCUN_INDICE,CORRIGE,NOM_FICHIER,2,1906,5,0,0.0
_non-classe/mathematiques/cours/1x8McuJETFazELbwUvzSmMOBExyS8r48d.pdf,NIVEAU_INCERTAIN,,AUCUN_INDICE,COURS,DOSSIER,2,2738,20,0,0.001
_non-classe/mathematiques/cours/Angles-orientes-2.pdf,NIVEAU_INCERTAIN,,AUCUN_INDICE,COURS,DOSSIER,1,1916,7,0,0.036
_non-classe/mathematiques/cours/Angles-orientes-3.pdf,NIVEAU_INCERTAIN,,AUCUN_INDICE,COURS,DOSSIER,2,2211,8,0,0.027
_non-classe/mathematiques/cours/Angles-orientes.pdf,NIVEAU_INCERTAIN,,AUCUN_INDICE,COURS,DOSSIER,2,2862,8,1,0.038
_non-classe/mathematiques/cours/Angles.pdf,NIVEAU_INCERTAIN,,AUCUN_INDICE,COURS,DOSSIER,1,1791,8,1,0.014
_non-classe/mathematiques/cours/Arithmetique-Cours.pdf,NIVEAU_INCERTAIN,,AUCUN_INDICE,COURS,DOSSIER,5,6921,4,1,0.014
_non-classe/mathematiques/cours/Arithmetique.pdf,NIVEAU_INCERTAIN,,AUCUN_INDICE,COURS,DOSSIER,1,1880,3,1,0.004
_non-classe/mathematiques/cours/Arithmetiques-Resume.pdf,NIVEAU_INCERTAIN,,AUCUN_INDICE,COURS,NOM_FICHIER,2,4028,3,1,0.02
_non-classe/mathematiques/cours/Arithmetiques.pdf,NIVEAU_INCERTAIN,,AUCUN_INDICE,COURS,DOSSIER,2,4478,5,0,0.012
_non-classe/mathematiques/cours/Barycentre-Resume.pdf,HORS_NIVEAU_LYCEE,,AUCUN_INDICE,COURS,NOM_FICHIER,1,2157,2,2,0.057
_non-classe/mathematiques/cours/Barycentre.pdf,HORS_NIVEAU_LYCEE,,AUCUN_INDICE,COURS,DOSSIER,1,1973,4,2,0.005
_non-classe/mathematiques/cours/Branches-infinies-Cours.pdf,NIVEAU_INCERTAIN,,AUCUN_INDICE,COURS,DOSSIER,7,9503,4,1,0.063
_non-classe/mathematiques/cours/Branches-infinies-Resume.pdf,NIVEAU_INCERTAIN,,AUCUN_INDICE,COURS,NOM_FICHIER,1,1333,2,1,0.019
_non-classe/mathematiques/cours/C.-5-21.22-HG.pdf,NIVEAU_INCERTAIN,,AUCUN_INDICE,CONTROLE,CONTENU,2,2513,6,1,0.012
_non-classe/mathematiques/cours/C.-5-24.25-HG.pdf,NIVEAU_INCERTAIN,,AUCUN_INDICE,CONTROLE,CONTENU,3,3169,12,1,0.016
_non-classe/mathematiques/cours/C.-6-21.22-HG.pdf,HORS_NIVEAU_LYCEE,,AUCUN_INDICE,CONTROLE,CONTENU,2,2689,5,2,0.008
_non-classe/mathematiques/cours/C.1-06.07-HG.pdf,NIVEAU_INCERTAIN,,AUCUN_INDICE,CONTROLE,CONTENU,1,1343,6,0,0.0
_non-classe/mathematiques/cours/C.1-07.08-HG.pdf,NIVEAU_INCERTAIN,,AUCUN_INDICE,CONTROLE,CONTENU,1,1138,7,0,0.001
_non-classe/mathematiques/cours/C.1-08.09-HG-2.pdf,NIVEAU_INCERTAIN,,AUCUN_INDICE,CONTROLE,CONTENU,1,2426,9,2,0.012
_non-classe/mathematiques/cours/C.1-08.09-HG.pdf,NIVEAU_INCERTAIN,,AUCUN_INDICE,CONTROLE,CONTENU,1,1534,7,0,0.007
_non-classe/mathematiques/cours/C.1-08.09-P.Kef-2.pdf,NIVEAU_INCERTAIN,,AUCUN_INDICE,COURS,DOSSIER,2,3976,0,0,0.0
_non-classe/mathematiques/cours/C.1-08.09-P.Kef.pdf,NIVEAU_INCERTAIN,,AUCUN_INDICE,COURS,DOSSIER,2,2758,0,0,0.002
_non-classe/mathematiques/cours/C.1-08.09-WF.pdf,NIVEAU_INCERTAIN,,AUCUN_INDICE,CONTROLE,CONTENU,2,2637,7,2,0.033
_non-classe/mathematiques/cours/C.1-09.10-AR.pdf,NIVEAU_INCERTAIN,,AUCUN_INDICE,CONTROLE,CONTENU,1,1576,6,0,0.007
_non-classe/mathematiques/cours/C.1-09.10-HG-2.pdf,NIVEAU_INCERTAIN,,AUCUN_INDICE,CONTROLE,CONTENU,1,2224,7,2,0.01
_non-classe/mathematiques/cours/C.1-09.10-HG.pdf,NIVEAU_INCERTAIN,,AUCUN_INDICE,CONTROLE,CONTENU,2,3112,8,1,0.009
_non-classe/mathematiques/cours/C.1-09.10-KN-2.pdf,NIVEAU_INCERTAIN,,AUCUN_INDICE,CONTROLE,CONTENU,3,4443,6,2,0.013
_non-classe/mathematiques/cours/C.1-09.10-KN.pdf,NIVEAU_INCERTAIN,,AUCUN_INDICE,CONTROLE,CONTENU,1,2191,10,0,0.001
_non-classe/mathematiques/cours/C.1-09.10-P.Gabes.pdf,NIVEAU_INCERTAIN,,AUCUN_INDICE,CONTROLE,CONTENU,1,1292,11,1,0.001
_non-classe/mathematiques/cours/C.1-10.11-HG-2.pdf,NIVEAU_INCERTAIN,,AUCUN_INDICE,CONTROLE,CONTENU,2,3161,11,2,0.009
_non-classe/mathematiques/cours/C.1-10.11-HG.pdf,NIVEAU_INCERTAIN,,AUCUN_INDICE,CONTROLE,CONTENU,2,2937,7,0,0.006
_non-classe/mathematiques/cours/C.1-10.11-P.Gabes.pdf,NIVEAU_INCERTAIN,,AUCUN_INDICE,CONTROLE,CONTENU,2,2628,12,1,0.0
_non-classe/mathematiques/cours/C.1-11.12-HG-2.pdf,NIVEAU_INCERTAIN,,AUCUN_INDICE,CONTROLE,CONTENU,2,2889,4,0,0.037
_non-classe/mathematiques/cours/C.1-11.12-HG.pdf,NIVEAU_INCERTAIN,,AUCUN_INDICE,CONTROLE,CONTENU,2,3041,8,2,0.014
_non-classe/mathematiques/cours/C.1-11.12-KN-2.pdf,NIVEAU_INCERTAIN,,AUCUN_INDICE,CONTROLE,CONTENU,3,4601,10,1,0.013
_non-classe/mathematiques/cours/C.1-11.12-KN.pdf,NIVEAU_INCERTAIN,,AUCUN_INDICE,CONTROLE,CONTENU,1,1680,13,0,0.002
_non-classe/mathematiques/cours/C.1-11.12-P.Gabes.pdf,NIVEAU_INCERTAIN,,AUCUN_INDICE,CONTROLE,CONTENU,2,1919,11,0,0.006
_non-classe/mathematiques/cours/C.1-12.13-FN-2.pdf,NIVEAU_INCERTAIN,,AUCUN_INDICE,CONTROLE,CONTENU,3,6327,10,3,0.008
_non-classe/mathematiques/cours/C.1-12.13-FN-3.pdf,NIVEAU_INCERTAIN,,AUCUN_INDICE,CONTROLE,CONTENU,3,5060,5,0,0.033
_non-classe/mathematiques/cours/C.1-12.13-FN.pdf,NIVEAU_INCERTAIN,,AUCUN_INDICE,COURS,DOSSIER,1,2607,10,0,0.001
_non-classe/mathematiques/cours/C.1-12.13-HG.pdf,NIVEAU_INCERTAIN,,AUCUN_INDICE,CONTROLE,CONTENU,2,2762,8,2,0.019
_non-classe/mathematiques/cours/C.1-12.13-KN-2.pdf,NIVEAU_INCERTAIN,,AUCUN_INDICE,CONTROLE,CONTENU,2,4165,6,2,0.018
_non-classe/mathematiques/cours/C.1-12.13-KN.pdf,NIVEAU_INCERTAIN,,AUCUN_INDICE,CONTROLE,CONTENU,2,2433,11,0,0.004
_non-classe/mathematiques/cours/C.1-13.14-FN-2.pdf,NIVEAU_INCERTAIN,,AUCUN_INDICE,COURS,DOSSIER,2,3240,10,1,0.005
_non-classe/mathematiques/cours/C.1-13.14-FN-3.pdf,NIVEAU_INCERTAIN,,AUCUN_INDICE,COURS,DOSSIER,2,2972,6,3,0.006
_non-classe/mathematiques/cours/C.1-13.14-FN.pdf,NIVEAU_INCERTAIN,,AUCUN_INDICE,COURS,DOSSIER,1,2039,12,0,0.005
_non-classe/mathematiques/cours/C.1-13.14-G4.pdf,NIVEAU_INCERTAIN,,AUCUN_INDICE,COURS,DOSSIER,2,4820,9,0,0.026
_non-classe/mathematiques/cours/C.1-13.14-HG.pdf,NIVEAU_INCERTAIN,,AUCUN_INDICE,COURS,DOSSIER,2,2949,12,0,0.03
_non-classe/mathematiques/cours/C.1-14.15-FN-2.pdf,NIVEAU_INCERTAIN,,AUCUN_INDICE,COURS,DOSSIER,2,3004,9,2,0.012
_non-classe/mathematiques/cours/C.1-14.15-FN.pdf,NIVEAU_INCERTAIN,,AUCUN_INDICE,COURS,DOSSIER,1,2041,9,0,0.003
_non-classe/mathematiques/cours/C.1-14.15-HG.pdf,HORS_NIVEAU_LYCEE,,AUCUN_INDICE,CONTROLE,CONTENU,3,4282,7,4,0.05
_non-classe/mathematiques/cours/C.1-14.15-MS.pdf,NIVEAU_INCERTAIN,,AUCUN_INDICE,COURS,DOSSIER,2,2456,11,0,0.005
_non-classe/mathematiques/cours/C.1-14.15-P.Gabes.pdf,NIVEAU_INCERTAIN,,AUCUN_INDICE,CONTROLE,CONTENU,2,3171,13,0,0.0
_non-classe/mathematiques/cours/C.1-14.15-P.Sousse.pdf,VALIDE,9e,CERTAIN,CONTROLE,CONTENU,1,1573,14,1,0.001
_non-classe/mathematiques/cours/C.1-15.16-FN.pdf,NIVEAU_INCERTAIN,,AUCUN_INDICE,COURS,DOSSIER,3,11936,10,0,0.001
_non-classe/mathematiques/cours/C.1-15.16-HG.pdf,NIVEAU_INCERTAIN,,AUCUN_INDICE,CONTROLE,CONTENU,2,3410,11,1,0.052
_non-classe/mathematiques/cours/C.1-15.16-MS-2.pdf,NIVEAU_INCERTAIN,,AUCUN_INDICE,COURS,DOSSIER,3,3418,10,3,0.095
_non-classe/mathematiques/cours/C.1-15.16-MS.pdf,NIVEAU_INCERTAIN,,AUCUN_INDICE,COURS,DOSSIER,2,1846,12,0,0.014
_non-classe/mathematiques/cours/C.1-16.17-FN.pdf,NIVEAU_INCERTAIN,,AUCUN_INDICE,COURS,DOSSIER,4,16338,10,0,0.0
_non-classe/mathematiques/cours/C.1-16.17-HG.pdf,NIVEAU_INCERTAIN,,AUCUN_INDICE,CONTROLE,CONTENU,3,4295,11,1,0.059
_non-classe/mathematiques/cours/C.1-16.17-LF.pdf,NIVEAU_INCERTAIN,,AUCUN_INDICE,CONTROLE,CONTENU,1,989,5,0,0.004
_non-classe/mathematiques/cours/C.1-16.17-MS-2.pdf,NIVEAU_INCERTAIN,,AUCUN_INDICE,COURS,DOSSIER,2,1066,4,0,0.029
_non-classe/mathematiques/cours/C.1-16.17-MS.pdf,HORS_NIVEAU_LYCEE,,AUCUN_INDICE,COURS,DOSSIER,2,2075,8,5,0.011
_non-classe/mathematiques/cours/C.1-17.18-HG.pdf,NIVEAU_INCERTAIN,,AUCUN_INDICE,CONTROLE,CONTENU,2,2877,5,0,0.024
_non-classe/mathematiques/cours/C.1-17.18-MS-2.pdf,NIVEAU_INCERTAIN,,AUCUN_INDICE,COURS,DOSSIER,2,1728,3,1,0.065
_non-classe/mathematiques/cours/C.1-17.18-MS.pdf,NIVEAU_INCERTAIN,,AUCUN_INDICE,COURS,DOSSIER,3,2573,7,2,0.02
_non-classe/mathematiques/cours/C.1-18-.-19-HDF.pdf,NIVEAU_INCERTAIN,,AUCUN_INDICE,CONTROLE,CONTENU,2,2997,9,0,0.011
_non-classe/mathematiques/cours/C.1-18.19-FN-2.pdf,HORS_NIVEAU_LYCEE,,AUCUN_INDICE,COURS,DOSSIER,2,4548,13,4,0.005
_non-classe/mathematiques/cours/C.1-18.19-FN.pdf,NIVEAU_INCERTAIN,,AUCUN_INDICE,COURS,DOSSIER,2,3754,12,1,0.003
_non-classe/mathematiques/cours/C.1-18.19-HG-2.pdf,NIVEAU_INCERTAIN,,AUCUN_INDICE,CONTROLE,CONTENU,3,2931,8,3,0.017
_non-classe/mathematiques/cours/C.1-18.19-HG.pdf,NIVEAU_INCERTAIN,,AUCUN_INDICE,CONTROLE,CONTENU,2,3272,5,1,0.037
_non-classe/mathematiques/cours/C.1-18.19-LK.pdf,NIVEAU_INCERTAIN,,AUCUN_INDICE,COURS,DOSSIER,4,12272,13,0,0.763
_non-classe/mathematiques/cours/C.1-18.19-MT.pdf,NIVEAU_INCERTAIN,,AUCUN_INDICE,CONTROLE,CONTENU,1,1356,10,1,0.05
_non-classe/mathematiques/cours/C.1-18.19-P.Mahdia.pdf,VALIDE,9e,CERTAIN,CONTROLE,CONTENU,2,1720,18,0,0.001
_non-classe/mathematiques/cours/C.1-18.19-Zarzis.pdf,NIVEAU_INCERTAIN,,AUCUN_INDICE,CONTROLE,CONTENU,4,3604,10,3,0.013
_non-classe/mathematiques/cours/C.1-19.20-FN-2.pdf,NIVEAU_INCERTAIN,,AUCUN_INDICE,COURS,DOSSIER,2,4113,6,3,0.007
_non-classe/mathematiques/cours/C.1-19.20-FN.pdf,NIVEAU_INCERTAIN,,AUCUN_INDICE,COURS,DOSSIER,1,2709,11,0,0.001
_non-classe/mathematiques/cours/C.1-19.20-HG-2.pdf,NIVEAU_INCERTAIN,,AUCUN_INDICE,CONTROLE,CONTENU,3,3502,11,0,0.021
_non-classe/mathematiques/cours/C.1-19.20-HG-3.pdf,NIVEAU_INCERTAIN,,AUCUN_INDICE,CONTROLE,CONTENU,2,3406,7,2,0.029
_non-classe/mathematiques/cours/C.1-19.20-HG.pdf,NIVEAU_INCERTAIN,,AUCUN_INDICE,CONTROLE,CONTENU,2,3137,2,0,0.337
_non-classe/mathematiques/cours/C.1-20.21-HG-2.pdf,NIVEAU_INCERTAIN,,AUCUN_INDICE,CONTROLE,CONTENU,2,3621,7,0,0.038
_non-classe/mathematiques/cours/C.1-20.21-HG.pdf,NIVEAU_INCERTAIN,,AUCUN_INDICE,CONTROLE,CONTENU,1,1126,7,1,0.005
_non-classe/mathematiques/cours/C.1-21-.-22-HDF.pdf,NIVEAU_INCERTAIN,,AUCUN_INDICE,CONTROLE,CONTENU,2,3084,7,0,0.012
_non-classe/mathematiques/cours/C.1-21-.-22-HG.pdf,NIVEAU_INCERTAIN,,AUCUN_INDICE,CONTROLE,CONTENU,2,3181,6,3,0.021
_non-classe/mathematiques/cours/C.1-21.22-HG.pdf,NIVEAU_INCERTAIN,,AUCUN_INDICE,CONTROLE,CONTENU,1,1685,7,1,0.009
_non-classe/mathematiques/cours/C.1-23.24-M-Cor.pdf,NIVEAU_INCERTAIN,,AUCUN_INDICE,CORRIGE,CONTENU,6,5441,11,0,0.001
_non-classe/mathematiques/cours/C.1-23.24-WF.pdf,NIVEAU_INCERTAIN,,AUCUN_INDICE,CONTROLE,CONTENU,2,2157,6,0,0.005
_non-classe/mathematiques/cours/C.1-24-.-25-AD.pdf,NIVEAU_INCERTAIN,,AUCUN_INDICE,CONTROLE,CONTENU,3,5271,13,2,0.015
_non-classe/mathematiques/cours/C.1-24-.-25-KM-Cor.pdf,NIVEAU_INCERTAIN,,AUCUN_INDICE,CORRIGE,CONTENU,5,9558,9,1,0.027
_non-classe/mathematiques/cours/C.1-24.25-F-K.pdf,NIVEAU_INCERTAIN,,AUCUN_INDICE,CONTROLE,CONTENU,3,4057,8,3,0.022
_non-classe/mathematiques/cours/C.1-24.25-HG.pdf,HORS_NIVEAU_LYCEE,,AUCUN_INDICE,CONTROLE,CONTENU,2,3194,7,4,0.029
_non-classe/mathematiques/cours/C.1-25.26-AL-Cor.pdf,NIVEAU_INCERTAIN,,AUCUN_INDICE,CONTROLE,CONTENU,9,13188,12,1,0.006
_non-classe/mathematiques/cours/C.1-25.26-F-Cor.pdf,NIVEAU_INCERTAIN,,AUCUN_INDICE,CONTROLE,CONTENU,4,9603,9,1,0.002
_non-classe/mathematiques/cours/C.5-06.07-HG.pdf,NIVEAU_INCERTAIN,,AUCUN_INDICE,CONTROLE,CONTENU,1,1531,6,0,0.003
_non-classe/mathematiques/cours/C.5-06.07-P.Kebili.pdf,VALIDE,8e,CERTAIN,CONTROLE,CONTENU,1,1006,16,0,0.0
_non-classe/mathematiques/cours/C.5-07.08-HG.pdf,NIVEAU_INCERTAIN,,AUCUN_INDICE,CONTROLE,CONTENU,1,1113,4,0,0.012
_non-classe/mathematiques/cours/C.5-08.09-HG.pdf,NIVEAU_INCERTAIN,,AUCUN_INDICE,CONTROLE,CONTENU,1,2024,6,0,0.017
_non-classe/mathematiques/cours/C.5-09.10-KN.pdf,NIVEAU_INCERTAIN,,AUCUN_INDICE,CONTROLE,CONTENU,1,1638,8,0,0.02
_non-classe/mathematiques/cours/C.5-11.12-KN.pdf,NIVEAU_INCERTAIN,,AUCUN_INDICE,CONTROLE,CONTENU,2,3134,4,0,0.003
_non-classe/mathematiques/cours/C.5-12.13-FN.pdf,NIVEAU_INCERTAIN,,AUCUN_INDICE,COURS,DOSSIER,2,2604,7,0,0.01
_non-classe/mathematiques/cours/C.5-13.14-FN.pdf,NIVEAU_INCERTAIN,,AUCUN_INDICE,COURS,DOSSIER,2,3511,6,0,0.004
_non-classe/mathematiques/cours/C.5-13.14-HG-2.pdf,NIVEAU_INCERTAIN,,AUCUN_INDICE,COURS,DOSSIER,2,1959,14,0,0.065
_non-classe/mathematiques/cours/C.5-13.14-HG.pdf,NIVEAU_INCERTAIN,,AUCUN_INDICE,COURS,DOSSIER,2,1830,12,0,0.047
_non-classe/mathematiques/cours/C.5-13.14-P.Kef.pdf,NIVEAU_INCERTAIN,,AUCUN_INDICE,COURS,DOSSIER,2,1456,0,0,0.0
_non-classe/mathematiques/cours/C.5-14.15-P.Kebili.pdf,NIVEAU_INCERTAIN,,AUCUN_INDICE,CONTROLE,CONTENU,2,1500,14,0,0.0
_non-classe/mathematiques/cours/C.5-15.16-FN.pdf,NIVEAU_INCERTAIN,,AUCUN_INDICE,COURS,DOSSIER,2,2037,8,0,0.005
_non-classe/mathematiques/cours/C.5-15.16-MS.pdf,NIVEAU_INCERTAIN,,AUCUN_INDICE,COURS,DOSSIER,3,1108,11,0,0.008
_non-classe/mathematiques/cours/C.5-15.16-P.Kebili.pdf,NIVEAU_INCERTAIN,,AUCUN_INDICE,CONTROLE,CONTENU,3,1900,14,0,0.002
_non-classe/mathematiques/cours/C.5-19.20-HG.pdf,NIVEAU_INCERTAIN,,AUCUN_INDICE,CONTROLE,CONTENU,2,3759,1,0,0.636
_non-classe/mathematiques/cours/C.6-06.07-HG.pdf,NIVEAU_INCERTAIN,,AUCUN_INDICE,CONTROLE,CONTENU,1,1686,8,0,0.003
_non-classe/mathematiques/cours/C.6-07.08-HG.pdf,NIVEAU_INCERTAIN,,AUCUN_INDICE,CONTROLE,CONTENU,1,1320,11,0,0.002
_non-classe/mathematiques/cours/C.6-08.09-HG.pdf,NIVEAU_INCERTAIN,,AUCUN_INDICE,CONTROLE,CONTENU,1,1686,8,0,0.003
_non-classe/mathematiques/cours/C.6-09.10-KN.pdf,NIVEAU_INCERTAIN,,AUCUN_INDICE,CONTROLE,CONTENU,3,3037,9,0,0.011
_non-classe/mathematiques/cours/C.6-11.12-KN.pdf,NIVEAU_INCERTAIN,,AUCUN_INDICE,CONTROLE,CONTENU,2,2236,10,0,0.003
_non-classe/mathematiques/cours/C.6-11.12-P.Kebili.pdf,VALIDE,7e,CERTAIN,MAISON,CONTENU,2,1992,17,0,0.0
_non-classe/mathematiques/cours/C.6-12.13-FN.pdf,NIVEAU_INCERTAIN,,AUCUN_INDICE,COURS,DOSSIER,2,3544,10,0,0.005
_non-classe/mathematiques/cours/C.6-12.13-P.Kebili.pdf,VALIDE,7e,CERTAIN,CONTROLE,CONTENU,4,2183,13,0,0.0
_non-classe/mathematiques/cours/C.6-13.14-HG-2.pdf,NIVEAU_INCERTAIN,,AUCUN_INDICE,COURS,DOSSIER,2,1937,10,0,0.033
_non-classe/mathematiques/cours/C.6-13.14-HG.pdf,NIVEAU_INCERTAIN,,AUCUN_INDICE,COURS,DOSSIER,3,2488,15,0,0.022
_non-classe/mathematiques/cours/C.6-13.14-P.Kebili.pdf,VALIDE,7e,CERTAIN,CONTROLE,CONTENU,2,1625,14,1,0.0
_non-classe/mathematiques/cours/C.6-13.14-P.Kef.pdf,NIVEAU_INCERTAIN,,AUCUN_INDICE,COURS,DOSSIER,2,1406,0,0,0.0
_non-classe/mathematiques/cours/C.6-14.15-P.Kebili.pdf,NIVEAU_INCERTAIN,,AUCUN_INDICE,CONTROLE,CONTENU,1,1463,14,0,0.001
_non-classe/mathematiques/cours/C.6-17.18-AB.pdf,VALIDE,9e,CERTAIN,CONTROLE,CONTENU,2,1284,14,0,0.0
_non-classe/mathematiques/cours/C.6-19.20-FN.pdf,NIVEAU_INCERTAIN,,AUCUN_INDICE,COURS,DOSSIER,2,4024,12,0,0.007
_non-classe/mathematiques/cours/C.6-19.20-HG.pdf,NIVEAU_INCERTAIN,,AUCUN_INDICE,CONTROLE,CONTENU,2,1527,2,0,0.167
_non-classe/mathematiques/cours/C.6-24-.-25-FN.pdf,NIVEAU_INCERTAIN,,AUCUN_INDICE,COURS,DOSSIER,2,3301,15,0,0.002
_non-classe/mathematiques/cours/Calcul-integral.pdf,NIVEAU_INCERTAIN,,AUCUN_INDICE,COURS,DOSSIER,2,2992,7,2,0.017
_non-classe/mathematiques/cours/Calcul-vectoriel-Resume.pdf,NIVEAU_INCERTAIN,,AUCUN_INDICE,COURS,NOM_FICHIER,2,4301,9,1,0.047
_non-classe/mathematiques/cours/Calcul-vectoriel.pdf,NIVEAU_INCERTAIN,,AUCUN_INDICE,COURS,DOSSIER,1,1952,14,1,0.003
_non-classe/mathematiques/cours/Calculs-dans-IR.pdf,NIVEAU_INCERTAIN,,AUCUN_INDICE,COURS,DOSSIER,2,2211,5,1,0.024
_non-classe/mathematiques/cours/Comportement-asymptotiques.pdf,NIVEAU_INCERTAIN,,AUCUN_INDICE,COURS,DOSSIER,1,1596,5,1,0.014
_non-classe/mathematiques/cours/Coniques-Cours.pdf,NIVEAU_INCERTAIN,,AUCUN_INDICE,COURS,DOSSIER,11,14034,10,2,0.016
_non-classe/mathematiques/cours/Coniques.pdf,NIVEAU_INCERTAIN,,AUCUN_INDICE,COURS,DOSSIER,2,2978,10,0,0.015
_non-classe/mathematiques/cours/Continuite-2.pdf,NIVEAU_INCERTAIN,,AUCUN_INDICE,COURS,DOSSIER,2,2267,3,0,0.015
_non-classe/mathematiques/cours/Continuite-3.pdf,NIVEAU_INCERTAIN,,AUCUN_INDICE,COURS,DOSSIER,2,2286,3,0,0.014
_non-classe/mathematiques/cours/Continuite-et-limites.pdf,NIVEAU_INCERTAIN,,AUCUN_INDICE,COURS,DOSSIER,3,3492,6,1,0.023
_non-classe/mathematiques/cours/Continuite.pdf,NIVEAU_INCERTAIN,,AUCUN_INDICE,COURS,DOSSIER,2,2247,3,1,0.015
_non-classe/mathematiques/cours/Cor.-S-.1-21.22-HG.pdf,HORS_NIVEAU_LYCEE,,AUCUN_INDICE,CORRIGE,CONTENU,4,4768,5,2,0.05
_non-classe/mathematiques/cours/Cor.-S.1-23.24-R-Tunis.pdf,NIVEAU_INCERTAIN,,AUCUN_INDICE,CORRIGE,CONTENU,3,4683,10,2,0.003
_non-classe/mathematiques/cours/Cor.-S.1-24.25-R-Kebili.pdf,NIVEAU_INCERTAIN,,AUCUN_INDICE,CORRIGE,CONTENU,2,2086,2,1,0.001
_non-classe/mathematiques/cours/Cor.C.1-08.09-WF.pdf,HORS_NIVEAU_LYCEE,,AUCUN_INDICE,COURS,DOSSIER,3,4625,3,2,0.106
_non-classe/mathematiques/cours/Cor.C.1-12.13-FN.pdf,NIVEAU_INCERTAIN,,AUCUN_INDICE,CORRIGE,CONTENU,2,4329,6,0,0.054
_non-classe/mathematiques/cours/Cor.C.1-16.17-MS-2.pdf,NIVEAU_INCERTAIN,,AUCUN_INDICE,COURS,DOSSIER,2,2761,4,0,0.059
_non-classe/mathematiques/cours/Cor.C.1-16.17-MS.pdf,HORS_NIVEAU_LYCEE,,AUCUN_INDICE,COURS,DOSSIER,4,4243,8,5,0.02
_non-classe/mathematiques/cours/Cor.C.1-17.18-MS.pdf,NIVEAU_INCERTAIN,,AUCUN_INDICE,COURS,DOSSIER,2,3004,2,1,0.026
_non-classe/mathematiques/cours/Cor.C.1-18.19-HG.pdf,HORS_NIVEAU_LYCEE,,AUCUN_INDICE,CORRIGE,CONTENU,3,3866,4,2,0.07
_non-classe/mathematiques/cours/Cor.C.1-20.21-HG.pdf,NIVEAU_INCERTAIN,,AUCUN_INDICE,CORRIGE,CONTENU,2,3130,4,0,0.065
_non-classe/mathematiques/cours/Cor.C.1-21-.-22-HG.pdf,HORS_NIVEAU_LYCEE,,AUCUN_INDICE,CORRIGE,CONTENU,3,4341,5,2,0.061
_non-classe/mathematiques/cours/Cor.M.1-17.18-MS-2.pdf,NIVEAU_INCERTAIN,,AUCUN_INDICE,COURS,DOSSIER,3,2916,0,0,0.012
_non-classe/mathematiques/cours/Cor.M.1-17.18-MS.pdf,HORS_NIVEAU_LYCEE,,AUCUN_INDICE,COURS,DOSSIER,4,4984,10,4,0.011
_non-classe/mathematiques/cours/Cor.S.1-08.09-WF.pdf,NIVEAU_INCERTAIN,,AUCUN_INDICE,COURS,DOSSIER,2,3051,4,1,0.077
_non-classe/mathematiques/cours/Cor.S.1-15.16-MS.pdf,NIVEAU_INCERTAIN,,AUCUN_INDICE,COURS,DOSSIER,2,1856,1,0,0.006
_non-classe/mathematiques/cours/Cor.S.1-17.18-MS-2.pdf,NIVEAU_INCERTAIN,,AUCUN_INDICE,COURS,DOSSIER,2,1612,1,1,0.015
_non-classe/mathematiques/cours/Cor.S.1-17.18-MS.pdf,HORS_NIVEAU_LYCEE,,AUCUN_INDICE,COURS,DOSSIER,4,5050,10,4,0.01
_non-classe/mathematiques/cours/Cor.S.1-18.19-HG.pdf,NIVEAU_INCERTAIN,,AUCUN_INDICE,CORRIGE,CONTENU,3,5025,7,1,0.058
_non-classe/mathematiques/cours/Cor.S.1-20-.-21-ML.pdf,NIVEAU_INCERTAIN,,AUCUN_INDICE,CORRIGE,CONTENU,2,5757,8,2,0.016
_non-classe/mathematiques/cours/Cor.S.1-20.21-HG.pdf,NIVEAU_INCERTAIN,,AUCUN_INDICE,CORRIGE,CONTENU,3,4376,3,0,0.049
_non-classe/mathematiques/cours/Cor.S.Nat_16.17-R.pdf,NIVEAU_INCERTAIN,,AUCUN_INDICE,COURS,DOSSIER,4,6406,0,0,0.081
_non-classe/mathematiques/cours/Cor.S.Nat_16.17.pdf,NIVEAU_INCERTAIN,,AUCUN_INDICE,COURS,DOSSIER,3,4893,0,0,0.087
_non-classe/mathematiques/cours/Cor.S.Nat_17.18-R.pdf,NIVEAU_INCERTAIN,,AUCUN_INDICE,COURS,DOSSIER,4,6033,17,0,0.074
_non-classe/mathematiques/cours/Cor.S.Nat_17.18.pdf,CONTENU_MATH_FAIBLE,9e,CERTAIN,COURS,DOSSIER,4,4864,1,0,0.033
_non-classe/mathematiques/cours/Cor.S.Nat_18.19-R.pdf,NIVEAU_INCERTAIN,,AUCUN_INDICE,CORRIGE,CONTENU,5,4351,11,0,0.074
_non-classe/mathematiques/cours/Cor.S.Nat_18.19.pdf,VALIDE,9e,CERTAIN,EXAMEN_NATIONAL,CONTENU,5,3228,15,0,0.001
_non-classe/mathematiques/cours/Denombrement-Cours-2.pdf,NIVEAU_INCERTAIN,,AUCUN_INDICE,COURS,NOM_FICHIER,3,5626,3,0,0.059
_non-classe/mathematiques/cours/Denombrement-Cours.pdf,NIVEAU_INCERTAIN,,AUCUN_INDICE,COURS,DOSSIER,7,17378,7,0,0.013
_non-classe/mathematiques/cours/Denombrement.pdf,NIVEAU_INCERTAIN,,AUCUN_INDICE,COURS,DOSSIER,2,3547,6,0,0.007
_non-classe/mathematiques/cours/Depla-Antideplacements-Resume.pdf,NIVEAU_INCERTAIN,,AUCUN_INDICE,COURS,NOM_FICHIER,3,4951,5,1,0.029
_non-classe/mathematiques/cours/Deplacements-Antideplacements-Cours.pdf,NIVEAU_INCERTAIN,,AUCUN_INDICE,COURS,DOSSIER,8,12865,11,0,0.026
_non-classe/mathematiques/cours/Deplacements-Antideplacements.pdf,NIVEAU_INCERTAIN,,AUCUN_INDICE,COURS,DOSSIER,1,1817,8,0,0.022
_non-classe/mathematiques/cours/Derivabilite-2.pdf,HORS_NIVEAU_LYCEE,,AUCUN_INDICE,COURS,DOSSIER,2,2573,5,2,0.018
_non-classe/mathematiques/cours/Derivabilite-3.pdf,NIVEAU_INCERTAIN,,AUCUN_INDICE,COURS,DOSSIER,1,1999,4,1,0.025
_non-classe/mathematiques/cours/Derivabilite-4.pdf,NIVEAU_INCERTAIN,,AUCUN_INDICE,COURS,DOSSIER,2,5721,5,1,0.013
_non-classe/mathematiques/cours/Derivabilite-Resume.pdf,NIVEAU_INCERTAIN,,AUCUN_INDICE,COURS,NOM_FICHIER,2,4594,5,1,0.025
_non-classe/mathematiques/cours/Derivabilite-d-39-une-fonction-2.pdf,NIVEAU_INCERTAIN,,AUCUN_INDICE,COURS,DOSSIER,2,4174,10,1,0.023
_non-classe/mathematiques/cours/Derivabilite-d-39-une-fonction.pdf,NIVEAU_INCERTAIN,,AUCUN_INDICE,COURS,DOSSIER,2,2982,5,0,0.018
_non-classe/mathematiques/cours/Derivabilite.pdf,NIVEAU_INCERTAIN,,AUCUN_INDICE,COURS,DOSSIER,2,3241,4,0,0.031
_non-classe/mathematiques/cours/Divisibilite-dans-IN.pdf,HORS_NIVEAU_LYCEE,,AUCUN_INDICE,COURS,DOSSIER,2,3131,3,2,0.015
_non-classe/mathematiques/cours/Divisibilite-dans-Z-Cours.pdf,NIVEAU_INCERTAIN,,AUCUN_INDICE,COURS,DOSSIER,6,8459,4,0,0.031
_non-classe/mathematiques/cours/Divisibilite-dans-Z-Resume.pdf,NIVEAU_INCERTAIN,,AUCUN_INDICE,COURS,NOM_FICHIER,2,3159,2,0,0.044
_non-classe/mathematiques/cours/Droites-remarquables-dans-un-triangle-Resume.pdf,NIVEAU_INCERTAIN,,AUCUN_INDICE,COURS,NOM_FICHIER,1,2123,7,0,0.022
_non-classe/mathematiques/cours/Ecritures-complexes-des-similitudes-Resume.pdf,NIVEAU_INCERTAIN,,AUCUN_INDICE,COURS,NOM_FICHIER,2,3436,3,0,0.034
_non-classe/mathematiques/cours/Ecritures-complexes-des-transformations-Resume.pdf,NIVEAU_INCERTAIN,,AUCUN_INDICE,COURS,NOM_FICHIER,1,1575,2,0,0.04
_non-classe/mathematiques/cours/Ellipses-Resume.pdf,NIVEAU_INCERTAIN,,AUCUN_INDICE,COURS,NOM_FICHIER,2,2028,3,1,0.02
_non-classe/mathematiques/cours/Enseignement-Secondaire.pdf,HORS_NIVEAU_LYCEE,,AUCUN_INDICE,COURS,DOSSIER,105,216751,34,16,0.014
_non-classe/mathematiques/cours/Enseignement-de-Base.pdf,MIXTE_college_lycee,7e,CERTAIN,COURS,DOSSIER,31,53383,34,2,0.006
_non-classe/mathematiques/cours/Equations-Differentielles-Cours.FN.pdf,NIVEAU_INCERTAIN,,AUCUN_INDICE,COURS,DOSSIER,4,6759,5,1,0.009
_non-classe/mathematiques/cours/Equations-Differentielles-Cours.pdf,NIVEAU_INCERTAIN,,AUCUN_INDICE,COURS,DOSSIER,5,10550,9,0,0.025
_non-classe/mathematiques/cours/Equations-Differentielles-Resume.pdf,NIVEAU_INCERTAIN,,AUCUN_INDICE,COURS,NOM_FICHIER,1,2101,3,0,0.045
_non-classe/mathematiques/cours/Equations-a-coefficients-complexes.pdf,NIVEAU_INCERTAIN,,AUCUN_INDICE,COURS,DOSSIER,2,4249,11,2,0.012
_non-classe/mathematiques/cours/Equations-complexes.pdf,NIVEAU_INCERTAIN,,AUCUN_INDICE,COURS,DOSSIER,1,2020,8,3,0.025
_non-classe/mathematiques/cours/Equations-du-second-degre-Cours.pdf,NIVEAU_INCERTAIN,,AUCUN_INDICE,COURS,DOSSIER,20,6479,4,0,0.014
_non-classe/mathematiques/cours/Equations-du-second-degre-Resume.pdf,NIVEAU_INCERTAIN,,AUCUN_INDICE,COURS,NOM_FICHIER,1,1379,3,0,0.03
_non-classe/mathematiques/cours/Equations-et-Inequations-du-1er-degre.pdf,NIVEAU_INCERTAIN,,AUCUN_INDICE,COURS,DOSSIER,2,3438,9,1,0.01
_non-classe/mathematiques/cours/Equations-et-Inequations.pdf,NIVEAU_INCERTAIN,,AUCUN_INDICE,COURS,DOSSIER,2,2160,9,1,0.011
_non-classe/mathematiques/cours/Espace-Resume-2.pdf,NIVEAU_INCERTAIN,,AUCUN_INDICE,COURS,NOM_FICHIER,2,3449,9,1,0.069
_non-classe/mathematiques/cours/Espace-Resume.pdf,NIVEAU_INCERTAIN,,AUCUN_INDICE,COURS,NOM_FICHIER,4,7421,11,1,0.054
_non-classe/mathematiques/cours/Etude-de-fonctions-1.pdf,HORS_NIVEAU_LYCEE,,AUCUN_INDICE,COURS,DOSSIER,2,3043,4,2,0.017
_non-classe/mathematiques/cours/Etude-de-fonctions-2.pdf,NIVEAU_INCERTAIN,,AUCUN_INDICE,COURS,DOSSIER,2,2870,5,1,0.01
_non-classe/mathematiques/cours/Etude-de-fonctions-3.pdf,HORS_NIVEAU_LYCEE,,AUCUN_INDICE,COURS,DOSSIER,2,3793,5,2,0.011
_non-classe/mathematiques/cours/Etude-de-fonctions-4.pdf,NIVEAU_INCERTAIN,,AUCUN_INDICE,COURS,DOSSIER,1,1351,5,1,0.012
_non-classe/mathematiques/cours/Etude-de-fonctions-5.pdf,NIVEAU_INCERTAIN,,AUCUN_INDICE,COURS,DOSSIER,2,3609,7,3,0.022
_non-classe/mathematiques/cours/Etude-de-fonctions-Resume-2.pdf,NIVEAU_INCERTAIN,,AUCUN_INDICE,COURS,NOM_FICHIER,1,1474,2,0,0.051
_non-classe/mathematiques/cours/Etude-de-fonctions-Resume.pdf,NIVEAU_INCERTAIN,,AUCUN_INDICE,COURS,NOM_FICHIER,2,2254,2,1,0.035
_non-classe/mathematiques/cours/Etude-de-fonctions.pdf,HORS_NIVEAU_LYCEE,,AUCUN_INDICE,COURS,DOSSIER,2,2848,5,2,0.01
_non-classe/mathematiques/cours/Etude-des-fonctions-Cours.pdf,HORS_NIVEAU_LYCEE,,AUCUN_INDICE,COURS,DOSSIER,4,6713,5,2,0.034
_non-classe/mathematiques/cours/Fonction-derivee-2.pdf,NIVEAU_INCERTAIN,,AUCUN_INDICE,COURS,DOSSIER,2,1867,9,1,0.009
_non-classe/mathematiques/cours/Fonction-derivee-3.pdf,NIVEAU_INCERTAIN,,AUCUN_INDICE,COURS,DOSSIER,2,1887,9,1,0.008
_non-classe/mathematiques/cours/Fonction-derivee.pdf,NIVEAU_INCERTAIN,,AUCUN_INDICE,COURS,DOSSIER,2,3592,6,3,0.011
_non-classe/mathematiques/cours/Fonction-exponentielle-2.pdf,HORS_NIVEAU_LYCEE,,AUCUN_INDICE,COURS,DOSSIER,2,3963,4,3,0.011
_non-classe/mathematiques/cours/Fonction-exponentielle-Cours-2.pdf,HORS_NIVEAU_LYCEE,,AUCUN_INDICE,COURS,NOM_FICHIER,2,4150,6,6,0.095
_non-classe/mathematiques/cours/Fonction-exponentielle-Cours-3.pdf,HORS_NIVEAU_LYCEE,,AUCUN_INDICE,COURS,NOM_FICHIER,1,2019,2,4,0.079
_non-classe/mathematiques/cours/Fonction-exponentielle-Cours.pdf,HORS_NIVEAU_LYCEE,,AUCUN_INDICE,COURS,DOSSIER,5,9399,5,4,0.034
_non-classe/mathematiques/cours/Fonction-exponentielle.pdf,NIVEAU_INCERTAIN,,AUCUN_INDICE,COURS,DOSSIER,4,6624,6,1,0.023
_non-classe/mathematiques/cours/Fonction-logarithme-2.pdf,HORS_NIVEAU_LYCEE,,AUCUN_INDICE,COURS,DOSSIER,1,2131,5,2,0.022
_non-classe/mathematiques/cours/Fonction-logarithme-3.pdf,HORS_NIVEAU_LYCEE,,AUCUN_INDICE,COURS,DOSSIER,1,2056,1,2,0.005
_non-classe/mathematiques/cours/Fonction-logarithme-Cours-2.pdf,HORS_NIVEAU_LYCEE,,AUCUN_INDICE,COURS,NOM_FICHIER,4,7553,7,6,0.033
_non-classe/mathematiques/cours/Fonction-logarithme-Cours-3.pdf,HORS_NIVEAU_LYCEE,,AUCUN_INDICE,COURS,NOM_FICHIER,3,5953,6,4,0.033
_non-classe/mathematiques/cours/Fonction-logarithme-Cours.pdf,HORS_NIVEAU_LYCEE,,AUCUN_INDICE,COURS,DOSSIER,6,9054,4,4,0.035
_non-classe/mathematiques/cours/Fonction-logarithme-neperien-2.pdf,NIVEAU_INCERTAIN,,AUCUN_INDICE,COURS,DOSSIER,2,4653,6,3,0.037
_non-classe/mathematiques/cours/Fonction-logarithme-neperien.pdf,NIVEAU_INCERTAIN,,AUCUN_INDICE,COURS,DOSSIER,2,3707,6,3,0.016
_non-classe/mathematiques/cours/Fonction-logarithme.pdf,NIVEAU_INCERTAIN,,AUCUN_INDICE,COURS,DOSSIER,4,6374,7,2,0.021
_non-classe/mathematiques/cours/Fonctions-Exponentielles-Resume-2.pdf,HORS_NIVEAU_LYCEE,,AUCUN_INDICE,COURS,NOM_FICHIER,1,2109,0,4,0.038
_non-classe/mathematiques/cours/Fonctions-Exponentielles-Resume-3.pdf,HORS_NIVEAU_LYCEE,,AUCUN_INDICE,COURS,NOM_FICHIER,1,2078,0,5,0.037
_non-classe/mathematiques/cours/Fonctions-Exponentielles-Resume-4.pdf,HORS_NIVEAU_LYCEE,,AUCUN_INDICE,COURS,NOM_FICHIER,1,1993,0,4,0.038
_non-classe/mathematiques/cours/Fonctions-Exponentielles-Resume.pdf,HORS_NIVEAU_LYCEE,,AUCUN_INDICE,COURS,NOM_FICHIER,1,2109,0,4,0.038
_non-classe/mathematiques/cours/Fonctions-Logarithmes-Resume-2.pdf,HORS_NIVEAU_LYCEE,,AUCUN_INDICE,COURS,NOM_FICHIER,1,2241,0,2,0.044
_non-classe/mathematiques/cours/Fonctions-Logarithmes-Resume-3.pdf,HORS_NIVEAU_LYCEE,,AUCUN_INDICE,COURS,NOM_FICHIER,1,2177,0,3,0.043
_non-classe/mathematiques/cours/Fonctions-Logarithmes-Resume-4.pdf,HORS_NIVEAU_LYCEE,,AUCUN_INDICE,COURS,NOM_FICHIER,1,2186,0,2,0.043
_non-classe/mathematiques/cours/Fonctions-Logarithmes-Resume.pdf,HORS_NIVEAU_LYCEE,,AUCUN_INDICE,COURS,NOM_FICHIER,1,2241,0,2,0.044
_non-classe/mathematiques/cours/Fonctions-de-reference-Resume.pdf,HORS_NIVEAU_LYCEE,,AUCUN_INDICE,COURS,NOM_FICHIER,3,3293,3,2,0.022
_non-classe/mathematiques/cours/Fonctions-de-references-Cours.pdf,NIVEAU_INCERTAIN,,AUCUN_INDICE,COURS,DOSSIER,13,18288,8,2,0.021
_non-classe/mathematiques/cours/Fonctions-exponentielles-2.pdf,HORS_NIVEAU_LYCEE,,AUCUN_INDICE,COURS,DOSSIER,2,3907,4,4,0.013
_non-classe/mathematiques/cours/Fonctions-exponentielles.pdf,HORS_NIVEAU_LYCEE,,AUCUN_INDICE,COURS,DOSSIER,2,2132,7,4,0.017
_non-classe/mathematiques/cours/Fonctions-logarithmes.pdf,HORS_NIVEAU_LYCEE,,AUCUN_INDICE,COURS,DOSSIER,2,3260,5,4,0.011
_non-classe/mathematiques/cours/Fonctions-reciproques-Resume.pdf,NIVEAU_INCERTAIN,,AUCUN_INDICE,COURS,NOM_FICHIER,2,2821,1,1,0.03
_non-classe/mathematiques/cours/Fonctions-reciproques.pdf,NIVEAU_INCERTAIN,,AUCUN_INDICE,COURS,DOSSIER,1,2566,3,0,0.005
_non-classe/mathematiques/cours/Fonctions-trigonometriques-2.pdf,NIVEAU_INCERTAIN,,AUCUN_INDICE,COURS,DOSSIER,2,2338,5,1,0.038
_non-classe/mathematiques/cours/Fonctions-trigonometriques-3.pdf,NIVEAU_INCERTAIN,,AUCUN_INDICE,COURS,DOSSIER,1,1188,2,1,0.044
_non-classe/mathematiques/cours/Fonctions-trigonometriques.pdf,HORS_NIVEAU_LYCEE,,AUCUN_INDICE,COURS,DOSSIER,2,2322,5,2,0.039
_non-classe/mathematiques/cours/Formulaire.Trigonometrie-Resume.pdf,NIVEAU_INCERTAIN,,AUCUN_INDICE,COURS,NOM_FICHIER,1,1309,1,0,0.051
_non-classe/mathematiques/cours/Formules-trigonometriques.pdf,NIVEAU_INCERTAIN,,AUCUN_INDICE,COURS,DOSSIER,1,1296,2,0,0.035
_non-classe/mathematiques/cours/Generalites-sur-les-fonctions-2.pdf,NIVEAU_INCERTAIN,,AUCUN_INDICE,COURS,DOSSIER,2,3070,3,1,0.007
_non-classe/mathematiques/cours/Generalites-sur-les-fonctions-3.pdf,NIVEAU_INCERTAIN,,AUCUN_INDICE,COURS,DOSSIER,2,2331,3,0,0.005
_non-classe/mathematiques/cours/Generalites-sur-les-fonctions-4.pdf,NIVEAU_INCERTAIN,,AUCUN_INDICE,COURS,DOSSIER,2,3091,4,0,0.009
_non-classe/mathematiques/cours/Generalites-sur-les-fonctions-5.pdf,NIVEAU_INCERTAIN,,AUCUN_INDICE,COURS,DOSSIER,1,1464,2,0,0.007
_non-classe/mathematiques/cours/Generalites-sur-les-fonctions-6.pdf,NIVEAU_INCERTAIN,,AUCUN_INDICE,COURS,DOSSIER,2,2485,5,0,0.01
_non-classe/mathematiques/cours/Generalites-sur-les-fonctions-Cours.pdf,NIVEAU_INCERTAIN,,AUCUN_INDICE,COURS,DOSSIER,7,9258,7,1,0.016
_non-classe/mathematiques/cours/Generalites-sur-les-fonctions-Resume.pdf,NIVEAU_INCERTAIN,,AUCUN_INDICE,COURS,NOM_FICHIER,2,3264,2,1,0.026
_non-classe/mathematiques/cours/Generalites-sur-les-fonctions.pdf,NIVEAU_INCERTAIN,,AUCUN_INDICE,COURS,DOSSIER,2,2487,4,1,0.009
_non-classe/mathematiques/cours/Geometrie-analytique-Cours.pdf,NIVEAU_INCERTAIN,,AUCUN_INDICE,COURS,DOSSIER,10,16472,12,1,0.035
_non-classe/mathematiques/cours/Geometrie-analytique-Resume.pdf,NIVEAU_INCERTAIN,,AUCUN_INDICE,COURS,NOM_FICHIER,2,3733,6,1,0.029
_non-classe/mathematiques/cours/Geometrie-analytique.pdf,NIVEAU_INCERTAIN,,AUCUN_INDICE,COURS,DOSSIER,2,3300,11,2,0.011
_non-classe/mathematiques/cours/Geometrie-dans-l-39-espace-1.pdf,NIVEAU_INCERTAIN,,AUCUN_INDICE,COURS,DOSSIER,1,3251,7,1,0.014
_non-classe/mathematiques/cours/Geometrie-dans-l-39-espace-2.pdf,NIVEAU_INCERTAIN,,AUCUN_INDICE,COURS,DOSSIER,2,3035,12,0,0.019
_non-classe/mathematiques/cours/Geometrie-dans-l-39-espace-3.pdf,NIVEAU_INCERTAIN,,AUCUN_INDICE,COURS,DOSSIER,2,4636,15,0,0.011
_non-classe/mathematiques/cours/Geometrie-dans-l-39-espace-4.pdf,NIVEAU_INCERTAIN,,AUCUN_INDICE,COURS,DOSSIER,1,2679,11,1,0.022
_non-classe/mathematiques/cours/Geometrie-dans-l-39-espace-5.pdf,NIVEAU_INCERTAIN,,AUCUN_INDICE,COURS,DOSSIER,2,4920,12,1,0.018
_non-classe/mathematiques/cours/Geometrie-dans-l-39-espace-Cours-2.pdf,NIVEAU_INCERTAIN,,AUCUN_INDICE,COURS,NOM_FICHIER,20,32489,15,2,0.041
_non-classe/mathematiques/cours/Geometrie-dans-l-39-espace-Cours-3.pdf,NIVEAU_INCERTAIN,,AUCUN_INDICE,COURS,NOM_FICHIER,18,28072,13,1,0.045
_non-classe/mathematiques/cours/Geometrie-dans-l-39-espace-Cours-4.pdf,NIVEAU_INCERTAIN,,AUCUN_INDICE,COURS,NOM_FICHIER,13,22734,17,1,0.033
_non-classe/mathematiques/cours/Geometrie-dans-l-39-espace-Cours-5.pdf,NIVEAU_INCERTAIN,,AUCUN_INDICE,COURS,NOM_FICHIER,8,12864,15,1,0.039
_non-classe/mathematiques/cours/Geometrie-dans-l-39-espace-Cours-6.pdf,NIVEAU_INCERTAIN,,AUCUN_INDICE,COURS,NOM_FICHIER,8,12864,15,1,0.039
_non-classe/mathematiques/cours/Geometrie-dans-l-39-espace-Cours.pdf,NIVEAU_INCERTAIN,,AUCUN_INDICE,COURS,DOSSIER,11,16841,15,1,0.044
_non-classe/mathematiques/cours/Geometrie-dans-l-39-espace-Resume-2.pdf,NIVEAU_INCERTAIN,,AUCUN_INDICE,COURS,NOM_FICHIER,6,10454,7,1,0.046
_non-classe/mathematiques/cours/Geometrie-dans-l-39-espace-Resume-3.pdf,NIVEAU_INCERTAIN,,AUCUN_INDICE,COURS,NOM_FICHIER,8,12608,9,1,0.047
_non-classe/mathematiques/cours/Geometrie-dans-l-39-espace-Resume.pdf,NIVEAU_INCERTAIN,,AUCUN_INDICE,COURS,NOM_FICHIER,8,13577,11,2,0.046
_non-classe/mathematiques/cours/Geometrie-dans-l-39-espace.pdf,NIVEAU_INCERTAIN,,AUCUN_INDICE,COURS,DOSSIER,2,4117,12,1,0.013
_non-classe/mathematiques/cours/Graphes.pdf,NIVEAU_INCERTAIN,,AUCUN_INDICE,COURS,DOSSIER,3,1036,1,0,0.004
_non-classe/mathematiques/cours/Homotheties-Cours.pdf,NIVEAU_INCERTAIN,,AUCUN_INDICE,COURS,DOSSIER,6,9331,6,2,0.21
_non-classe/mathematiques/cours/Homotheties-Resume.pdf,NIVEAU_INCERTAIN,,AUCUN_INDICE,COURS,NOM_FICHIER,2,2894,8,2,0.026
_non-classe/mathematiques/cours/Homotheties.pdf,NIVEAU_INCERTAIN,,AUCUN_INDICE,COURS,DOSSIER,2,3045,7,2,0.007
_non-classe/mathematiques/cours/Hyperboles-Resume.pdf,HORS_NIVEAU_LYCEE,,AUCUN_INDICE,COURS,NOM_FICHIER,2,2064,4,2,0.019
_non-classe/mathematiques/cours/Identite-de-Bezout-Cours.pdf,NIVEAU_INCERTAIN,,AUCUN_INDICE,COURS,DOSSIER,8,11524,4,0,0.032
_non-classe/mathematiques/cours/Identite-de-Bezout-Resume.pdf,NIVEAU_INCERTAIN,,AUCUN_INDICE,COURS,NOM_FICHIER,2,3300,3,0,0.045
_non-classe/mathematiques/cours/Inequations-du-second-degre-Cours.pdf,NIVEAU_INCERTAIN,,AUCUN_INDICE,COURS,DOSSIER,19,7114,2,0,0.02
_non-classe/mathematiques/cours/Integrale.pdf,NIVEAU_INCERTAIN,,AUCUN_INDICE,COURS,DOSSIER,2,586,0,0,0.514
_non-classe/mathematiques/cours/Integrales-2.pdf,HORS_NIVEAU_LYCEE,,AUCUN_INDICE,COURS,DOSSIER,2,2394,5,3,0.015
_non-classe/mathematiques/cours/Integrales-Cours-2.pdf,NIVEAU_INCERTAIN,,AUCUN_INDICE,COURS,NOM_FICHIER,2,586,0,0,0.514
_non-classe/mathematiques/cours/Integrales-Resume.pdf,NIVEAU_INCERTAIN,,AUCUN_INDICE,COURS,NOM_FICHIER,2,4309,7,3,0.042
_non-classe/mathematiques/cours/Integrales.pdf,NIVEAU_INCERTAIN,,AUCUN_INDICE,COURS,DOSSIER,2,3770,7,3,0.019
_non-classe/mathematiques/cours/Isometries-du-plan-Cours.pdf,NIVEAU_INCERTAIN,,AUCUN_INDICE,COURS,DOSSIER,10,15247,12,2,0.026
_non-classe/mathematiques/cours/Isometries-du-plan-Resume.pdf,NIVEAU_INCERTAIN,,AUCUN_INDICE,COURS,NOM_FICHIER,5,8206,8,2,0.026
_non-classe/mathematiques/cours/Lecture-graphique-2.pdf,HORS_NIVEAU_LYCEE,,AUCUN_INDICE,COURS,DOSSIER,2,2506,3,3,0.014
_non-classe/mathematiques/cours/Lecture-graphique-3.pdf,HORS_NIVEAU_LYCEE,,AUCUN_INDICE,COURS,DOSSIER,2,2841,3,3,0.019
_non-classe/mathematiques/cours/Lecture-graphique.pdf,HORS_NIVEAU_LYCEE,,AUCUN_INDICE,COURS,DOSSIER,2,2805,3,2,0.019
_non-classe/mathematiques/cours/Les-Graphes-Cours.pdf,NIVEAU_INCERTAIN,,AUCUN_INDICE,COURS,DOSSIER,12,22102,5,0,0.019
_non-classe/mathematiques/cours/Les-graphes-1.pdf,NIVEAU_INCERTAIN,,AUCUN_INDICE,COURS,DOSSIER,2,2955,2,0,0.018
_non-classe/mathematiques/cours/Les-graphes.pdf,NIVEAU_INCERTAIN,,AUCUN_INDICE,COURS,DOSSIER,3,603,0,0,0.479
_non-classe/mathematiques/cours/Les-pourcentages.pdf,NIVEAU_INCERTAIN,,AUCUN_INDICE,COURS,DOSSIER,2,2280,3,0,0.002
_non-classe/mathematiques/cours/Limites-et-comportement-asymptotiques-2.pdf,NIVEAU_INCERTAIN,,AUCUN_INDICE,COURS,DOSSIER,2,2217,5,1,0.018
_non-classe/mathematiques/cours/Limites-et-comportement-asymptotiques.pdf,HORS_NIVEAU_LYCEE,,AUCUN_INDICE,COURS,DOSSIER,2,3257,5,2,0.024
_non-classe/mathematiques/cours/Limites-et-continuite-2.pdf,NIVEAU_INCERTAIN,,AUCUN_INDICE,COURS,DOSSIER,2,2071,5,0,0.007
_non-classe/mathematiques/cours/Limites-et-continuite-3.pdf,NIVEAU_INCERTAIN,,AUCUN_INDICE,COURS,DOSSIER,1,1428,5,0,0.008
_non-classe/mathematiques/cours/Limites-et-continuite-4.pdf,HORS_NIVEAU_LYCEE,,AUCUN_INDICE,COURS,DOSSIER,2,2089,4,2,0.023
_non-classe/mathematiques/cours/Limites-et-continuite-5.pdf,HORS_NIVEAU_LYCEE,,AUCUN_INDICE,COURS,DOSSIER,2,2695,4,2,0.027
_non-classe/mathematiques/cours/Limites-et-continuite-6.pdf,NIVEAU_INCERTAIN,,AUCUN_INDICE,COURS,DOSSIER,2,2838,6,0,0.031
_non-classe/mathematiques/cours/Limites-et-continuite.pdf,NIVEAU_INCERTAIN,,AUCUN_INDICE,COURS,DOSSIER,2,2413,5,1,0.01
_non-classe/mathematiques/cours/Lois-continues-Cours.pdf,NIVEAU_INCERTAIN,,AUCUN_INDICE,COURS,DOSSIER,3,6772,7,2,0.031
_non-classe/mathematiques/cours/M.1-17.18-MS-2.pdf,NIVEAU_INCERTAIN,,AUCUN_INDICE,COURS,DOSSIER,3,3343,6,1,0.006
_non-classe/mathematiques/cours/M.1-17.18-MS.pdf,HORS_NIVEAU_LYCEE,,AUCUN_INDICE,COURS,DOSSIER,2,2987,12,4,0.006
_non-classe/mathematiques/cours/Manuel-10.pdf,HORS_NIVEAU_LYCEE,,AUCUN_INDICE,MANUEL,NOM_FICHIER,294,382734,30,6,0.005
_non-classe/mathematiques/cours/Manuel-11.pdf,HORS_NIVEAU_LYCEE,,CONFLIT:7e/8e/9e,MANUEL,NOM_FICHIER,119,140168,26,7,0.011
_non-classe/mathematiques/cours/Manuel-12.pdf,HORS_NIVEAU_LYCEE,,CONFLIT:7e/8e/9e,MANUEL,NOM_FICHIER,392,492116,32,12,0.003
_non-classe/mathematiques/cours/Manuel-13.pdf,HORS_NIVEAU_LYCEE,,CERTAIN,MANUEL,NOM_FICHIER,304,518743,31,14,0.001
_non-classe/mathematiques/cours/Manuel-14.pdf,HORS_NIVEAU_LYCEE,,AUCUN_INDICE,MANUEL,NOM_FICHIER,302,499214,27,12,0.005
_non-classe/mathematiques/cours/Manuel-15.pdf,NIVEAU_INCERTAIN,,AUCUN_INDICE,MANUEL,NOM_FICHIER,126,10320,13,3,0.001
_non-classe/mathematiques/cours/Manuel-16.pdf,HORS_NIVEAU_LYCEE,,AUCUN_INDICE,CORRIGE,CONTENU,209,275892,27,10,0.004
_non-classe/mathematiques/cours/Manuel-2.pdf,HORS_NIVEAU_LYCEE,,CERTAIN,MANUEL,NOM_FICHIER,299,293003,45,4,0.024
_non-classe/mathematiques/cours/Manuel-3.pdf,MIXTE_college_lycee,9e,CERTAIN,MANUEL,NOM_FICHIER,221,227110,44,2,0.014
_non-classe/mathematiques/cours/Manuel-4.pdf,NIVEAU_INCERTAIN,,AUCUN_INDICE,MANUEL,NOM_FICHIER,118,142653,1,1,0.006
_non-classe/mathematiques/cours/Manuel-5.pdf,NIVEAU_INCERTAIN,,AUCUN_INDICE,MANUEL,NOM_FICHIER,168,208242,26,3,0.004
_non-classe/mathematiques/cours/Manuel-6.pdf,HORS_NIVEAU_LYCEE,,CERTAIN,MANUEL,NOM_FICHIER,144,139198,30,5,0.012
_non-classe/mathematiques/cours/Manuel-7.pdf,NIVEAU_INCERTAIN,,AUCUN_INDICE,CORRIGE,CONTENU,143,267940,26,3,0.006
_non-classe/mathematiques/cours/Manuel-8.pdf,HORS_NIVEAU_LYCEE,,CONFLIT:7e/8e/9e,MANUEL,NOM_FICHIER,335,360455,31,11,0.007
_non-classe/mathematiques/cours/Manuel-9.pdf,HORS_NIVEAU_LYCEE,,CERTAIN,MANUEL,NOM_FICHIER,355,467884,34,10,0.007
_non-classe/mathematiques/cours/Manuel.pdf,NIVEAU_INCERTAIN,,AUCUN_INDICE,MANUEL,NOM_FICHIER,214,193996,0,1,0.025
_non-classe/mathematiques/cours/Matrices-et-systemes-1.pdf,NIVEAU_INCERTAIN,,AUCUN_INDICE,COURS,DOSSIER,2,3467,5,0,0.044
_non-classe/mathematiques/cours/Matrices-et-systemes-Cours-2.pdf,NIVEAU_INCERTAIN,,AUCUN_INDICE,COURS,NOM_FICHIER,5,10280,7,0,0.097
_non-classe/mathematiques/cours/Matrices-et-systemes-Cours.pdf,NIVEAU_INCERTAIN,,AUCUN_INDICE,COURS,DOSSIER,12,21980,5,0,0.059
_non-classe/mathematiques/cours/Nombres-Complexes-Resume.pdf,NIVEAU_INCERTAIN,,AUCUN_INDICE,COURS,NOM_FICHIER,2,4389,7,2,0.058
_non-classe/mathematiques/cours/Nombres-complexes-2.pdf,NIVEAU_INCERTAIN,,AUCUN_INDICE,COURS,DOSSIER,2,2448,8,0,0.007
_non-classe/mathematiques/cours/Nombres-complexes-3.pdf,NIVEAU_INCERTAIN,,AUCUN_INDICE,COURS,DOSSIER,2,3512,8,0,0.006
_non-classe/mathematiques/cours/Nombres-complexes-4.pdf,NIVEAU_INCERTAIN,,AUCUN_INDICE,COURS,DOSSIER,2,3914,11,1,0.026
_non-classe/mathematiques/cours/Nombres-complexes-5.pdf,NIVEAU_INCERTAIN,,AUCUN_INDICE,COURS,DOSSIER,1,1885,8,2,0.028
_non-classe/mathematiques/cours/Nombres-complexes-6.pdf,NIVEAU_INCERTAIN,,AUCUN_INDICE,COURS,DOSSIER,2,3036,7,2,0.028
_non-classe/mathematiques/cours/Nombres-complexes-7.pdf,HORS_NIVEAU_LYCEE,,AUCUN_INDICE,COURS,DOSSIER,2,5330,5,2,0.011
_non-classe/mathematiques/cours/Nombres-complexes-Cours.pdf,NIVEAU_INCERTAIN,,AUCUN_INDICE,COURS,DOSSIER,10,19046,10,2,0.03
_non-classe/mathematiques/cours/Nombres-complexes.pdf,NIVEAU_INCERTAIN,,AUCUN_INDICE,COURS,DOSSIER,2,2428,8,1,0.007
_non-classe/mathematiques/cours/Notion-de-limite-2.pdf,NIVEAU_INCERTAIN,,AUCUN_INDICE,COURS,DOSSIER,2,2684,4,0,0.019
_non-classe/mathematiques/cours/Notion-de-limite.pdf,NIVEAU_INCERTAIN,,AUCUN_INDICE,COURS,DOSSIER,2,2367,5,0,0.016
_non-classe/mathematiques/cours/Paraboles-Resume.pdf,NIVEAU_INCERTAIN,,AUCUN_INDICE,COURS,NOM_FICHIER,1,1270,4,0,0.031
_non-classe/mathematiques/cours/Polynomes-Resume.pdf,NIVEAU_INCERTAIN,,AUCUN_INDICE,COURS,NOM_FICHIER,2,3787,1,1,0.025
_non-classe/mathematiques/cours/Polynomes.pdf,NIVEAU_INCERTAIN,,AUCUN_INDICE,COURS,DOSSIER,2,2370,4,1,0.011
_non-classe/mathematiques/cours/Primitives-Resume.pdf,NIVEAU_INCERTAIN,,AUCUN_INDICE,COURS,NOM_FICHIER,1,1308,1,1,0.037
_non-classe/mathematiques/cours/Primitives.pdf,NIVEAU_INCERTAIN,,AUCUN_INDICE,COURS,DOSSIER,1,2350,2,1,0.004
_non-classe/mathematiques/cours/Principale.2008-2.pdf,NIVEAU_INCERTAIN,,AUCUN_INDICE,COURS,DOSSIER,2,2640,6,2,0.0
_non-classe/mathematiques/cours/Principale.2008-3.pdf,NIVEAU_INCERTAIN,,AUCUN_INDICE,COURS,DOSSIER,2,3191,10,1,0.0
_non-classe/mathematiques/cours/Principale.2008-4.pdf,NIVEAU_INCERTAIN,,AUCUN_INDICE,COURS,DOSSIER,2,1928,4,1,0.0
_non-classe/mathematiques/cours/Principale.2008-5.pdf,HORS_NIVEAU_LYCEE,,AUCUN_INDICE,COURS,DOSSIER,2,2252,5,2,0.0
_non-classe/mathematiques/cours/Principale.2008.pdf,NIVEAU_INCERTAIN,,AUCUN_INDICE,COURS,DOSSIER,3,3566,11,3,0.0
_non-classe/mathematiques/cours/Principale.2009-2.pdf,NIVEAU_INCERTAIN,,AUCUN_INDICE,COURS,DOSSIER,2,3969,4,1,0.0
_non-classe/mathematiques/cours/Principale.2009-3.pdf,NIVEAU_INCERTAIN,,AUCUN_INDICE,COURS,DOSSIER,3,3796,7,3,0.0
_non-classe/mathematiques/cours/Principale.2009-4.pdf,NIVEAU_INCERTAIN,,AUCUN_INDICE,COURS,DOSSIER,2,2307,7,3,0.0
_non-classe/mathematiques/cours/Principale.2009-5.pdf,NIVEAU_INCERTAIN,,AUCUN_INDICE,COURS,DOSSIER,2,1792,8,2,0.001
_non-classe/mathematiques/cours/Principale.2009.pdf,NIVEAU_INCERTAIN,,AUCUN_INDICE,COURS,DOSSIER,3,4213,8,2,0.001
_non-classe/mathematiques/cours/Principale.2010-2.pdf,NIVEAU_INCERTAIN,,AUCUN_INDICE,COURS,DOSSIER,3,3226,8,1,0.001
_non-classe/mathematiques/cours/Principale.2010-3.pdf,NIVEAU_INCERTAIN,,AUCUN_INDICE,COURS,DOSSIER,4,3475,9,1,0.001
_non-classe/mathematiques/cours/Principale.2010-4.pdf,NIVEAU_INCERTAIN,,AUCUN_INDICE,COURS,DOSSIER,2,2102,3,1,0.0
_non-classe/mathematiques/cours/Principale.2010-5.pdf,NIVEAU_INCERTAIN,,AUCUN_INDICE,COURS,DOSSIER,2,1947,8,1,0.0
_non-classe/mathematiques/cours/Principale.2010.pdf,NIVEAU_INCERTAIN,,AUCUN_INDICE,COURS,DOSSIER,3,3448,11,3,0.0
_non-classe/mathematiques/cours/Principale.2011-2.pdf,NIVEAU_INCERTAIN,,AUCUN_INDICE,COURS,DOSSIER,4,4192,11,1,0.0
_non-classe/mathematiques/cours/Principale.2011-3.pdf,NIVEAU_INCERTAIN,,AUCUN_INDICE,COURS,DOSSIER,2,3128,10,1,0.0
_non-classe/mathematiques/cours/Principale.2011-4.pdf,NIVEAU_INCERTAIN,,AUCUN_INDICE,COURS,DOSSIER,2,2542,8,1,0.0
_non-classe/mathematiques/cours/Principale.2011-5.pdf,NIVEAU_INCERTAIN,,AUCUN_INDICE,COURS,DOSSIER,2,2110,4,0,0.0
_non-classe/mathematiques/cours/Principale.2011.pdf,NIVEAU_INCERTAIN,,AUCUN_INDICE,COURS,DOSSIER,2,2557,8,2,0.0
_non-classe/mathematiques/cours/Principale.2012-2.pdf,HORS_NIVEAU_LYCEE,,AUCUN_INDICE,COURS,DOSSIER,4,3682,5,2,0.002
_non-classe/mathematiques/cours/Principale.2012-3.pdf,HORS_NIVEAU_LYCEE,,AUCUN_INDICE,COURS,DOSSIER,3,2734,9,4,0.002
_non-classe/mathematiques/cours/Principale.2012-4.pdf,HORS_NIVEAU_LYCEE,,AUCUN_INDICE,COURS,DOSSIER,3,2608,5,3,0.0
_non-classe/mathematiques/cours/Principale.2012-5.pdf,NIVEAU_INCERTAIN,,AUCUN_INDICE,COURS,DOSSIER,2,2013,8,2,0.0
_non-classe/mathematiques/cours/Principale.2012.pdf,NIVEAU_INCERTAIN,,AUCUN_INDICE,COURS,DOSSIER,4,3681,13,2,0.0
_non-classe/mathematiques/cours/Principale.2013-2.pdf,HORS_NIVEAU_LYCEE,,AUCUN_INDICE,COURS,DOSSIER,2,2884,4,2,0.0
_non-classe/mathematiques/cours/Principale.2013-3.pdf,NIVEAU_INCERTAIN,,AUCUN_INDICE,COURS,DOSSIER,3,3077,11,0,0.0
_non-classe/mathematiques/cours/Principale.2013-4.pdf,NIVEAU_INCERTAIN,,AUCUN_INDICE,COURS,DOSSIER,3,2703,6,1,0.0
_non-classe/mathematiques/cours/Principale.2013-5.pdf,NIVEAU_INCERTAIN,,AUCUN_INDICE,COURS,DOSSIER,2,2583,8,1,0.0
_non-classe/mathematiques/cours/Principale.2013.pdf,NIVEAU_INCERTAIN,,AUCUN_INDICE,COURS,DOSSIER,3,3742,12,2,0.0
_non-classe/mathematiques/cours/Principale.2014-2.pdf,HORS_NIVEAU_LYCEE,,AUCUN_INDICE,COURS,DOSSIER,3,3853,5,4,0.0
_non-classe/mathematiques/cours/Principale.2014-3.pdf,NIVEAU_INCERTAIN,,AUCUN_INDICE,COURS,DOSSIER,2,3072,12,2,0.0
_non-classe/mathematiques/cours/Principale.2014-4.pdf,NIVEAU_INCERTAIN,,AUCUN_INDICE,COURS,DOSSIER,2,2623,7,2,0.0
_non-classe/mathematiques/cours/Principale.2014-5.pdf,NIVEAU_INCERTAIN,,AUCUN_INDICE,COURS,DOSSIER,2,2040,4,0,0.0
_non-classe/mathematiques/cours/Principale.2014.pdf,NIVEAU_INCERTAIN,,AUCUN_INDICE,COURS,DOSSIER,4,3953,15,2,0.0
_non-classe/mathematiques/cours/Principale.2015-2.pdf,NIVEAU_INCERTAIN,,AUCUN_INDICE,COURS,DOSSIER,3,3928,6,1,0.001
_non-classe/mathematiques/cours/Principale.2015-3.pdf,NIVEAU_INCERTAIN,,AUCUN_INDICE,COURS,DOSSIER,2,3246,9,2,0.0
_non-classe/mathematiques/cours/Principale.2015-4.pdf,HORS_NIVEAU_LYCEE,,AUCUN_INDICE,COURS,DOSSIER,3,2753,6,4,0.001
_non-classe/mathematiques/cours/Principale.2015-5.pdf,NIVEAU_INCERTAIN,,AUCUN_INDICE,COURS,DOSSIER,2,2053,8,1,0.0
_non-classe/mathematiques/cours/Principale.2015.pdf,NIVEAU_INCERTAIN,,AUCUN_INDICE,COURS,DOSSIER,4,4157,14,3,0.0
_non-classe/mathematiques/cours/Principale.2016-2.pdf,NIVEAU_INCERTAIN,,AUCUN_INDICE,COURS,DOSSIER,3,3543,9,1,0.0
_non-classe/mathematiques/cours/Principale.2016-3.pdf,NIVEAU_INCERTAIN,,AUCUN_INDICE,COURS,DOSSIER,3,3110,11,2,0.0
_non-classe/mathematiques/cours/Principale.2016-4.pdf,NIVEAU_INCERTAIN,,AUCUN_INDICE,COURS,DOSSIER,3,2995,6,1,0.0
_non-classe/mathematiques/cours/Principale.2016-5.pdf,HORS_NIVEAU_LYCEE,,AUCUN_INDICE,COURS,DOSSIER,2,2281,4,3,0.0
_non-classe/mathematiques/cours/Principale.2016.pdf,HORS_NIVEAU_LYCEE,,AUCUN_INDICE,COURS,DOSSIER,3,3899,14,4,0.0
_non-classe/mathematiques/cours/Principale.2017-2.pdf,NIVEAU_INCERTAIN,,AUCUN_INDICE,COURS,DOSSIER,3,4461,9,2,0.002
_non-classe/mathematiques/cours/Principale.2017-3.pdf,NIVEAU_INCERTAIN,,AUCUN_INDICE,COURS,DOSSIER,3,3505,8,3,0.001
_non-classe/mathematiques/cours/Principale.2017-4.pdf,HORS_NIVEAU_LYCEE,,AUCUN_INDICE,COURS,DOSSIER,4,2882,6,4,0.0
_non-classe/mathematiques/cours/Principale.2017-5.pdf,NIVEAU_INCERTAIN,,AUCUN_INDICE,COURS,DOSSIER,2,2224,4,1,0.001
_non-classe/mathematiques/cours/Principale.2017.pdf,NIVEAU_INCERTAIN,,AUCUN_INDICE,COURS,DOSSIER,4,4716,11,1,0.0
_non-classe/mathematiques/cours/Principale.2018-2.pdf,NIVEAU_INCERTAIN,,AUCUN_INDICE,COURS,DOSSIER,3,4085,9,3,0.0
_non-classe/mathematiques/cours/Principale.2018-3.pdf,NIVEAU_INCERTAIN,,AUCUN_INDICE,COURS,DOSSIER,4,3491,8,3,0.001
_non-classe/mathematiques/cours/Principale.2018-4.pdf,NIVEAU_INCERTAIN,,AUCUN_INDICE,COURS,DOSSIER,4,3413,7,3,0.0
_non-classe/mathematiques/cours/Principale.2018-5.pdf,NIVEAU_INCERTAIN,,AUCUN_INDICE,COURS,DOSSIER,2,2807,9,2,0.0
_non-classe/mathematiques/cours/Principale.2018.pdf,NIVEAU_INCERTAIN,,AUCUN_INDICE,COURS,DOSSIER,4,4958,14,2,0.0
_non-classe/mathematiques/cours/Principale.2019-2.pdf,NIVEAU_INCERTAIN,,AUCUN_INDICE,COURS,DOSSIER,4,3785,8,3,0.0
_non-classe/mathematiques/cours/Principale.2019-3.pdf,NIVEAU_INCERTAIN,,AUCUN_INDICE,COURS,DOSSIER,3,3014,6,2,0.0
_non-classe/mathematiques/cours/Principale.2019-4.pdf,NIVEAU_INCERTAIN,,AUCUN_INDICE,COURS,DOSSIER,2,2455,6,2,0.0
_non-classe/mathematiques/cours/Principale.2019.pdf,NIVEAU_INCERTAIN,,AUCUN_INDICE,COURS,DOSSIER,4,3241,8,3,0.0
_non-classe/mathematiques/cours/Principale.202-6-2.pdf,NIVEAU_INCERTAIN,,AUCUN_INDICE,COURS,DOSSIER,6,4680,12,2,0.0
_non-classe/mathematiques/cours/Principale.202-6-3.pdf,NIVEAU_INCERTAIN,,AUCUN_INDICE,COURS,DOSSIER,4,4730,9,1,0.0
_non-classe/mathematiques/cours/Principale.202-6-4.pdf,NIVEAU_INCERTAIN,,AUCUN_INDICE,COURS,DOSSIER,3,3118,6,3,0.0
_non-classe/mathematiques/cours/Principale.202-6-5.pdf,NIVEAU_INCERTAIN,,AUCUN_INDICE,COURS,DOSSIER,2,2423,7,2,0.0
_non-classe/mathematiques/cours/Principale.202-6.pdf,HORS_NIVEAU_LYCEE,,AUCUN_INDICE,COURS,DOSSIER,4,5460,15,5,0.0
_non-classe/mathematiques/cours/Principale.2020-2.pdf,HORS_NIVEAU_LYCEE,,AUCUN_INDICE,COURS,DOSSIER,4,6705,15,4,0.016
_non-classe/mathematiques/cours/Principale.2020-3.pdf,HORS_NIVEAU_LYCEE,,AUCUN_INDICE,COURS,DOSSIER,3,4300,6,4,0.014
_non-classe/mathematiques/cours/Principale.2020-4.pdf,NIVEAU_INCERTAIN,,AUCUN_INDICE,COURS,DOSSIER,4,5781,9,3,0.033
_non-classe/mathematiques/cours/Principale.2020-5.pdf,HORS_NIVEAU_LYCEE,,AUCUN_INDICE,COURS,DOSSIER,4,3852,7,4,0.001
_non-classe/mathematiques/cours/Principale.2020-6.pdf,NIVEAU_INCERTAIN,,AUCUN_INDICE,COURS,DOSSIER,3,2406,9,2,0.0
_non-classe/mathematiques/cours/Principale.2020.pdf,HORS_NIVEAU_LYCEE,,AUCUN_INDICE,COURS,DOSSIER,4,6883,11,5,0.036
_non-classe/mathematiques/cours/Principale.2021-2.pdf,HORS_NIVEAU_LYCEE,,AUCUN_INDICE,COURS,DOSSIER,4,5975,14,4,0.031
_non-classe/mathematiques/cours/Principale.2021-3.pdf,NIVEAU_INCERTAIN,,AUCUN_INDICE,COURS,DOSSIER,4,5749,8,2,0.021
_non-classe/mathematiques/cours/Principale.2021-4.pdf,NIVEAU_INCERTAIN,,AUCUN_INDICE,COURS,DOSSIER,4,4769,8,3,0.048
_non-classe/mathematiques/cours/Principale.2021-5.pdf,NIVEAU_INCERTAIN,,AUCUN_INDICE,COURS,DOSSIER,4,3640,8,1,0.0
_non-classe/mathematiques/cours/Principale.2021-6.pdf,NIVEAU_INCERTAIN,,AUCUN_INDICE,COURS,DOSSIER,3,3424,6,1,0.0
_non-classe/mathematiques/cours/Principale.2021.pdf,NIVEAU_INCERTAIN,,AUCUN_INDICE,COURS,DOSSIER,5,5758,12,3,0.029
_non-classe/mathematiques/cours/Principale.2022-2.pdf,HORS_NIVEAU_LYCEE,,AUCUN_INDICE,COURS,DOSSIER,5,7264,15,4,0.024
_non-classe/mathematiques/cours/Principale.2022-3.pdf,NIVEAU_INCERTAIN,,AUCUN_INDICE,COURS,DOSSIER,5,6962,8,1,0.026
_non-classe/mathematiques/cours/Principale.2022-4.pdf,NIVEAU_INCERTAIN,,AUCUN_INDICE,COURS,DOSSIER,4,5880,11,2,0.035
_non-classe/mathematiques/cours/Principale.2022-5.pdf,NIVEAU_INCERTAIN,,AUCUN_INDICE,COURS,DOSSIER,4,4115,6,2,0.006
_non-classe/mathematiques/cours/Principale.2022-6.pdf,NIVEAU_INCERTAIN,,AUCUN_INDICE,COURS,DOSSIER,3,4144,9,1,0.005
_non-classe/mathematiques/cours/Principale.2022.pdf,HORS_NIVEAU_LYCEE,,AUCUN_INDICE,COURS,DOSSIER,4,5030,8,4,0.04
_non-classe/mathematiques/cours/Principale.2023-2.pdf,HORS_NIVEAU_LYCEE,,AUCUN_INDICE,COURS,DOSSIER,4,5286,15,5,0.0
_non-classe/mathematiques/cours/Principale.2023-3.pdf,NIVEAU_INCERTAIN,,AUCUN_INDICE,COURS,DOSSIER,4,3818,8,3,0.0
_non-classe/mathematiques/cours/Principale.2023-4.pdf,NIVEAU_INCERTAIN,,AUCUN_INDICE,COURS,DOSSIER,4,3940,11,1,0.0
_non-classe/mathematiques/cours/Principale.2023-5.pdf,NIVEAU_INCERTAIN,,AUCUN_INDICE,COURS,DOSSIER,4,2897,6,2,0.0
_non-classe/mathematiques/cours/Principale.2023-6.pdf,NIVEAU_INCERTAIN,,AUCUN_INDICE,COURS,DOSSIER,2,2566,8,1,0.0
_non-classe/mathematiques/cours/Principale.2023.pdf,HORS_NIVEAU_LYCEE,,AUCUN_INDICE,COURS,DOSSIER,5,5424,11,4,0.001
_non-classe/mathematiques/cours/Principale.2024-2.pdf,HORS_NIVEAU_LYCEE,,AUCUN_INDICE,COURS,DOSSIER,5,6378,13,4,0.048
_non-classe/mathematiques/cours/Principale.2024-3.pdf,NIVEAU_INCERTAIN,,AUCUN_INDICE,COURS,DOSSIER,4,5709,8,1,0.029
_non-classe/mathematiques/cours/Principale.2024-4.pdf,HORS_NIVEAU_LYCEE,,AUCUN_INDICE,COURS,DOSSIER,4,5998,12,4,0.06
_non-classe/mathematiques/cours/Principale.2024-5.pdf,HORS_NIVEAU_LYCEE,,AUCUN_INDICE,COURS,DOSSIER,3,4081,5,3,0.024
_non-classe/mathematiques/cours/Principale.2024-6.pdf,NIVEAU_INCERTAIN,,AUCUN_INDICE,COURS,DOSSIER,3,4876,9,2,0.005
_non-classe/mathematiques/cours/Principale.2024.pdf,NIVEAU_INCERTAIN,,AUCUN_INDICE,COURS,DOSSIER,5,6904,14,3,0.029
_non-classe/mathematiques/cours/Principale.2025-2.pdf,NIVEAU_INCERTAIN,,AUCUN_INDICE,COURS,DOSSIER,4,5227,12,2,0.0
_non-classe/mathematiques/cours/Principale.2025-3.pdf,NIVEAU_INCERTAIN,,AUCUN_INDICE,COURS,DOSSIER,3,4927,6,2,0.0
_non-classe/mathematiques/cours/Principale.2025-4.pdf,NIVEAU_INCERTAIN,,AUCUN_INDICE,COURS,DOSSIER,4,4016,11,1,0.0
_non-classe/mathematiques/cours/Principale.2025-5.pdf,NIVEAU_INCERTAIN,,AUCUN_INDICE,COURS,DOSSIER,4,3048,7,3,0.0
_non-classe/mathematiques/cours/Principale.2025-6.pdf,NIVEAU_INCERTAIN,,AUCUN_INDICE,COURS,DOSSIER,2,1838,6,2,0.001
_non-classe/mathematiques/cours/Principale.2025.pdf,NIVEAU_INCERTAIN,,AUCUN_INDICE,COURS,DOSSIER,5,5355,11,2,0.001
_non-classe/mathematiques/cours/Principale.2026.pdf,NIVEAU_INCERTAIN,,AUCUN_INDICE,COURS,DOSSIER,4,3653,10,1,0.0
_non-classe/mathematiques/cours/Principale_2008-2.pdf,NIVEAU_INCERTAIN,,AUCUN_INDICE,COURS,DOSSIER,3,4418,12,1,0.0
_non-classe/mathematiques/cours/Principale_2008.pdf,NIVEAU_INCERTAIN,,AUCUN_INDICE,COURS,DOSSIER,2,3514,9,1,0.0
_non-classe/mathematiques/cours/Principale_2009-2.pdf,NIVEAU_INCERTAIN,,AUCUN_INDICE,COURS,DOSSIER,3,3689,12,2,0.0
_non-classe/mathematiques/cours/Principale_2009.pdf,NIVEAU_INCERTAIN,,AUCUN_INDICE,COURS,DOSSIER,4,216,0,0,0.0
_non-classe/mathematiques/cours/Principale_2010-2.pdf,NIVEAU_INCERTAIN,,AUCUN_INDICE,COURS,DOSSIER,3,3859,16,2,0.0
_non-classe/mathematiques/cours/Principale_2010.pdf,NIVEAU_INCERTAIN,,AUCUN_INDICE,COURS,DOSSIER,4,4468,14,1,0.0
_non-classe/mathematiques/cours/Principale_2011-2.pdf,NIVEAU_INCERTAIN,,AUCUN_INDICE,COURS,DOSSIER,4,3182,10,2,0.0
_non-classe/mathematiques/cours/Principale_2011.pdf,NIVEAU_INCERTAIN,,AUCUN_INDICE,COURS,DOSSIER,4,3853,12,1,0.0
_non-classe/mathematiques/cours/Principale_2012-2.pdf,NIVEAU_INCERTAIN,,AUCUN_INDICE,COURS,DOSSIER,4,6020,8,2,0.039
_non-classe/mathematiques/cours/Principale_2012.pdf,NIVEAU_INCERTAIN,,AUCUN_INDICE,COURS,DOSSIER,4,4539,12,2,0.0
_non-classe/mathematiques/cours/Principale_2013-2.pdf,NIVEAU_INCERTAIN,,AUCUN_INDICE,COURS,DOSSIER,3,3734,12,0,0.0
_non-classe/mathematiques/cours/Principale_2013.pdf,NIVEAU_INCERTAIN,,AUCUN_INDICE,COURS,DOSSIER,5,5057,14,1,0.0
_non-classe/mathematiques/cours/Principale_2014-2.pdf,NIVEAU_INCERTAIN,,AUCUN_INDICE,COURS,DOSSIER,4,4700,12,1,0.0
_non-classe/mathematiques/cours/Principale_2014.pdf,NIVEAU_INCERTAIN,,AUCUN_INDICE,COURS,DOSSIER,4,3901,16,0,0.0
_non-classe/mathematiques/cours/Principale_2015-2.pdf,NIVEAU_INCERTAIN,,AUCUN_INDICE,COURS,DOSSIER,6,4868,18,1,0.0
_non-classe/mathematiques/cours/Principale_2015.pdf,NIVEAU_INCERTAIN,,AUCUN_INDICE,COURS,DOSSIER,4,4023,9,2,0.0
_non-classe/mathematiques/cours/Principale_2016-2.pdf,NIVEAU_INCERTAIN,,AUCUN_INDICE,COURS,DOSSIER,3,4631,12,1,0.0
_non-classe/mathematiques/cours/Principale_2016.pdf,HORS_NIVEAU_LYCEE,,AUCUN_INDICE,COURS,DOSSIER,5,5078,12,4,0.0
_non-classe/mathematiques/cours/Principale_2017-2.pdf,NIVEAU_INCERTAIN,,AUCUN_INDICE,COURS,DOSSIER,4,5291,16,2,0.001
_non-classe/mathematiques/cours/Principale_2017.pdf,NIVEAU_INCERTAIN,,AUCUN_INDICE,COURS,DOSSIER,6,5523,12,1,0.001
_non-classe/mathematiques/cours/Principale_2018-2.pdf,NIVEAU_INCERTAIN,,AUCUN_INDICE,COURS,DOSSIER,4,5722,12,3,0.0
_non-classe/mathematiques/cours/Principale_2018.pdf,NIVEAU_INCERTAIN,,AUCUN_INDICE,COURS,DOSSIER,6,5479,10,0,0.0
_non-classe/mathematiques/cours/Principale_2019-2.pdf,NIVEAU_INCERTAIN,,AUCUN_INDICE,COURS,DOSSIER,4,4542,12,2,0.0
_non-classe/mathematiques/cours/Principale_2019-3.pdf,NIVEAU_INCERTAIN,,AUCUN_INDICE,COURS,DOSSIER,4,4466,14,2,0.0
_non-classe/mathematiques/cours/Principale_2019.pdf,NIVEAU_INCERTAIN,,AUCUN_INDICE,COURS,DOSSIER,4,4548,12,1,0.0
_non-classe/mathematiques/cours/Principale_202-6.pdf,NIVEAU_INCERTAIN,,AUCUN_INDICE,COURS,DOSSIER,6,5469,13,3,0.0
_non-classe/mathematiques/cours/Principale_2020.pdf,NIVEAU_INCERTAIN,,AUCUN_INDICE,COURS,DOSSIER,5,7056,13,3,0.042
_non-classe/mathematiques/cours/Principale_2021.pdf,NIVEAU_INCERTAIN,,AUCUN_INDICE,COURS,DOSSIER,4,5167,10,2,0.014
_non-classe/mathematiques/cours/Principale_2022.pdf,NIVEAU_INCERTAIN,,AUCUN_INDICE,COURS,DOSSIER,6,6859,11,2,0.08
_non-classe/mathematiques/cours/Principale_2023.pdf,NIVEAU_INCERTAIN,,AUCUN_INDICE,COURS,DOSSIER,6,5183,13,3,0.001
_non-classe/mathematiques/cours/Principale_2024.pdf,NIVEAU_INCERTAIN,,AUCUN_INDICE,COURS,DOSSIER,6,6260,11,3,0.055
_non-classe/mathematiques/cours/Principale_2025.pdf,NIVEAU_INCERTAIN,,AUCUN_INDICE,COURS,DOSSIER,6,5454,11,0,0.0
_non-classe/mathematiques/cours/Probabilite-2.pdf,NIVEAU_INCERTAIN,,AUCUN_INDICE,COURS,DOSSIER,4,10454,3,1,0.013
_non-classe/mathematiques/cours/Probabilite-Cours-2.pdf,NIVEAU_INCERTAIN,,AUCUN_INDICE,COURS,NOM_FICHIER,8,15725,5,0,0.025
_non-classe/mathematiques/cours/Probabilite-Cours-3.pdf,NIVEAU_INCERTAIN,,AUCUN_INDICE,COURS,NOM_FICHIER,5,9081,4,0,0.029
_non-classe/mathematiques/cours/Probabilite-Cours.FN.pdf,HORS_NIVEAU_LYCEE,,AUCUN_INDICE,COURS,DOSSIER,15,35282,9,5,0.007
_non-classe/mathematiques/cours/Probabilite-Cours.pdf,NIVEAU_INCERTAIN,,AUCUN_INDICE,COURS,DOSSIER,8,15645,5,1,0.025
_non-classe/mathematiques/cours/Probabilite.pdf,HORS_NIVEAU_LYCEE,,AUCUN_INDICE,COURS,DOSSIER,2,5096,5,2,0.007
_non-classe/mathematiques/cours/Probabilites-1-Cours.pdf,NIVEAU_INCERTAIN,,AUCUN_INDICE,COURS,DOSSIER,6,10843,3,0,0.024
_non-classe/mathematiques/cours/Probabilites-2.pdf,NIVEAU_INCERTAIN,,AUCUN_INDICE,COURS,DOSSIER,2,2921,3,0,0.009
_non-classe/mathematiques/cours/Probabilites-3.pdf,NIVEAU_INCERTAIN,,AUCUN_INDICE,COURS,DOSSIER,1,1431,2,0,0.008
_non-classe/mathematiques/cours/Probabilites-4.pdf,NIVEAU_INCERTAIN,,AUCUN_INDICE,COURS,DOSSIER,2,5794,4,1,0.009
_non-classe/mathematiques/cours/Probabilites-5.pdf,NIVEAU_INCERTAIN,,AUCUN_INDICE,COURS,DOSSIER,2,4923,4,0,0.008
_non-classe/mathematiques/cours/Probabilites-Resume.pdf,NIVEAU_INCERTAIN,,AUCUN_INDICE,COURS,NOM_FICHIER,1,1854,0,0,0.039
_non-classe/mathematiques/cours/Probabilites.pdf,NIVEAU_INCERTAIN,,AUCUN_INDICE,COURS,DOSSIER,2,4857,3,1,0.007
_non-classe/mathematiques/cours/Probabilites_1.pdf,HORS_NIVEAU_LYCEE,,AUCUN_INDICE,COURS,DOSSIER,2,4370,3,2,0.009
_non-classe/mathematiques/cours/Probabilites_2.pdf,NIVEAU_INCERTAIN,,AUCUN_INDICE,COURS,DOSSIER,1,3324,4,1,0.011
_non-classe/mathematiques/cours/Problemes-du-premier-degre.pdf,NIVEAU_INCERTAIN,,AUCUN_INDICE,COURS,DOSSIER,1,1888,6,0,0.015
_non-classe/mathematiques/cours/Problemes-du-second-degre.pdf,NIVEAU_INCERTAIN,,AUCUN_INDICE,COURS,DOSSIER,1,1608,5,0,0.021
_non-classe/mathematiques/cours/Produit-scalaire-dans-le-plan-2.pdf,NIVEAU_INCERTAIN,,AUCUN_INDICE,COURS,DOSSIER,2,2443,11,2,0.013
_non-classe/mathematiques/cours/Produit-scalaire-dans-le-plan-3.pdf,NIVEAU_INCERTAIN,,AUCUN_INDICE,COURS,DOSSIER,2,2643,12,1,0.014
_non-classe/mathematiques/cours/Produit-scalaire-dans-le-plan.pdf,NIVEAU_INCERTAIN,,AUCUN_INDICE,COURS,DOSSIER,2,3775,12,3,0.018
_non-classe/mathematiques/cours/Proportion.pdf,NIVEAU_INCERTAIN,,AUCUN_INDICE,COURS,DOSSIER,1,2194,6,0,0.005
_non-classe/mathematiques/cours/Repartitions_20.21_Secondaire.pdf,HORS_NIVEAU_LYCEE,,CERTAIN,CONTROLE,CONTENU,33,49329,20,14,0.008
_non-classe/mathematiques/cours/Repartitions_21.22_College.pdf,VALIDE,7e,CERTAIN,CORRIGE,CONTENU,9,9785,27,1,0.001
_non-classe/mathematiques/cours/Repartitions_21.22_Secondaire.pdf,HORS_NIVEAU_LYCEE,,CERTAIN,COURS,DOSSIER,28,40689,19,13,0.008
_non-classe/mathematiques/cours/Repartitions_22.23_College.pdf,NIVEAU_INCERTAIN,,CONFLIT:7e/8e,CORRIGE,CONTENU,7,4383,26,1,0.0
_non-classe/mathematiques/cours/Repartitions_22.23_Secondaire.pdf,HORS_NIVEAU_LYCEE,,AUCUN_INDICE,COURS,DOSSIER,22,12395,11,6,0.0
_non-classe/mathematiques/cours/Repartitions_23.24_College.pdf,NIVEAU_INCERTAIN,,AUCUN_INDICE,COURS,DOSSIER,5,5879,13,1,0.002
_non-classe/mathematiques/cours/Repartitions_23.24_Secondaire.pdf,HORS_NIVEAU_LYCEE,,AUCUN_INDICE,COURS,DOSSIER,20,24876,13,11,0.006
_non-classe/mathematiques/cours/Repartitions_24.25_College.pdf,NIVEAU_INCERTAIN,,AUCUN_INDICE,COURS,DOSSIER,3,3050,15,1,0.001
_non-classe/mathematiques/cours/Repartitions_24.25_Secondaire.pdf,HORS_NIVEAU_LYCEE,,AUCUN_INDICE,COURS,DOSSIER,20,19412,13,11,0.003
_non-classe/mathematiques/cours/Repere-cartesien-d-39-un-plan.pdf,NIVEAU_INCERTAIN,,AUCUN_INDICE,COURS,DOSSIER,1,1840,8,1,0.003
_non-classe/mathematiques/cours/Repere-cartesien-d-39-une-droite.pdf,NIVEAU_INCERTAIN,,AUCUN_INDICE,COURS,DOSSIER,1,1596,3,1,0.018
_non-classe/mathematiques/cours/Reperes-et-vecteurs-Resume.pdf,NIVEAU_INCERTAIN,,AUCUN_INDICE,COURS,NOM_FICHIER,2,3520,7,1,0.029
_non-classe/mathematiques/cours/Revision-_Complexes_Questions-Reponses.pdf,NIVEAU_INCERTAIN,,AUCUN_INDICE,COURS,DOSSIER,5,9270,9,2,0.035
_non-classe/mathematiques/cours/Rotations-2.pdf,NIVEAU_INCERTAIN,,AUCUN_INDICE,COURS,DOSSIER,2,2252,10,1,0.026
_non-classe/mathematiques/cours/Rotations-Cours.pdf,NIVEAU_INCERTAIN,,AUCUN_INDICE,COURS,DOSSIER,5,7803,10,2,0.029
_non-classe/mathematiques/cours/Rotations.pdf,NIVEAU_INCERTAIN,,AUCUN_INDICE,COURS,DOSSIER,2,1876,6,1,0.011
_non-classe/mathematiques/cours/S-.1-21.22-HDF.pdf,NIVEAU_INCERTAIN,,AUCUN_INDICE,SYNTHESE,CONTENU,3,4049,6,2,0.013
_non-classe/mathematiques/cours/S-.1-21.22-HG-2.pdf,NIVEAU_INCERTAIN,,AUCUN_INDICE,SYNTHESE,CONTENU,3,3430,7,2,0.013
_non-classe/mathematiques/cours/S-.1-21.22-HG.pdf,HORS_NIVEAU_LYCEE,,AUCUN_INDICE,SYNTHESE,CONTENU,3,3886,4,2,0.012
_non-classe/mathematiques/cours/S-.1-22.23-HG.pdf,NIVEAU_INCERTAIN,,AUCUN_INDICE,SYNTHESE,CONTENU,2,3792,7,3,0.026
_non-classe/mathematiques/cours/S-.1-23.24-AD.pdf,NIVEAU_INCERTAIN,,AUCUN_INDICE,SYNTHESE,CONTENU,3,5423,10,3,0.022
_non-classe/mathematiques/cours/S-.1-23.24-HG-2.pdf,NIVEAU_INCERTAIN,,AUCUN_INDICE,SYNTHESE,CONTENU,3,4719,12,2,0.026
_non-classe/mathematiques/cours/S-.1-23.24-HG.pdf,NIVEAU_INCERTAIN,,AUCUN_INDICE,SYNTHESE,CONTENU,4,5232,9,0,0.024
_non-classe/mathematiques/cours/S-.1-23.24-HI.pdf,NIVEAU_INCERTAIN,,AUCUN_INDICE,COURS,DOSSIER,3,3576,9,2,0.013
_non-classe/mathematiques/cours/S-.1-24.25-HG-2.pdf,NIVEAU_INCERTAIN,,AUCUN_INDICE,SYNTHESE,CONTENU,3,4294,9,3,0.023
_non-classe/mathematiques/cours/S-.1-24.25-HG.pdf,NIVEAU_INCERTAIN,,AUCUN_INDICE,SYNTHESE,CONTENU,3,3129,7,1,0.013
_non-classe/mathematiques/cours/S-.1-24.25-MG.pdf,NIVEAU_INCERTAIN,,AUCUN_INDICE,SYNTHESE,CONTENU,3,2908,8,2,0.018
_non-classe/mathematiques/cours/S.1-06.07-HG.pdf,NIVEAU_INCERTAIN,,AUCUN_INDICE,SYNTHESE,CONTENU,1,1797,5,1,0.001
_non-classe/mathematiques/cours/S.1-07.08-HG.pdf,NIVEAU_INCERTAIN,,AUCUN_INDICE,SYNTHESE,CONTENU,1,1707,6,0,0.004
_non-classe/mathematiques/cours/S.1-08.09-HG-2.pdf,NIVEAU_INCERTAIN,,AUCUN_INDICE,SYNTHESE,CONTENU,2,3879,6,1,0.005
_non-classe/mathematiques/cours/S.1-08.09-HG.pdf,NIVEAU_INCERTAIN,,AUCUN_INDICE,SYNTHESE,CONTENU,1,1804,8,0,0.001
_non-classe/mathematiques/cours/S.1-08.09-P.Kef-2.pdf,NIVEAU_INCERTAIN,,AUCUN_INDICE,COURS,DOSSIER,2,1732,0,0,0.0
_non-classe/mathematiques/cours/S.1-08.09-P.Kef.pdf,NIVEAU_INCERTAIN,,AUCUN_INDICE,COURS,DOSSIER,2,4315,0,0,0.0
_non-classe/mathematiques/cours/S.1-08.09-WF.pdf,NIVEAU_INCERTAIN,,AUCUN_INDICE,SYNTHESE,CONTENU,3,2622,7,1,0.043
_non-classe/mathematiques/cours/S.1-09.10-AR.pdf,NIVEAU_INCERTAIN,,AUCUN_INDICE,SYNTHESE,CONTENU,1,1673,3,0,0.01
_non-classe/mathematiques/cours/S.1-09.10-HG-2.pdf,HORS_NIVEAU_LYCEE,,AUCUN_INDICE,SYNTHESE,CONTENU,2,3167,5,2,0.003
_non-classe/mathematiques/cours/S.1-09.10-HG.pdf,NIVEAU_INCERTAIN,,AUCUN_INDICE,SYNTHESE,CONTENU,2,2815,7,1,0.009
_non-classe/mathematiques/cours/S.1-09.10-KN.pdf,NIVEAU_INCERTAIN,,AUCUN_INDICE,SYNTHESE,CONTENU,3,4888,7,2,0.02
_non-classe/mathematiques/cours/S.1-10.11-HG-2.pdf,NIVEAU_INCERTAIN,,AUCUN_INDICE,SYNTHESE,CONTENU,2,4187,8,2,0.007
_non-classe/mathematiques/cours/S.1-10.11-HG.pdf,NIVEAU_INCERTAIN,,AUCUN_INDICE,SYNTHESE,CONTENU,2,3678,10,1,0.006
_non-classe/mathematiques/cours/S.1-10.11-P.Sfax.pdf,VALIDE,9e,CERTAIN,SYNTHESE,CONTENU,1,1257,15,0,0.0
_non-classe/mathematiques/cours/S.1-11.12-HG-2.pdf,NIVEAU_INCERTAIN,,AUCUN_INDICE,SYNTHESE,CONTENU,2,3516,7,1,0.012
_non-classe/mathematiques/cours/S.1-11.12-HG.pdf,NIVEAU_INCERTAIN,,AUCUN_INDICE,SYNTHESE,CONTENU,2,3215,6,2,0.015
_non-classe/mathematiques/cours/S.1-11.12-KN.pdf,NIVEAU_INCERTAIN,,AUCUN_INDICE,SYNTHESE,CONTENU,2,3640,8,0,0.002
_non-classe/mathematiques/cours/S.1-12.13-FN-2.pdf,NIVEAU_INCERTAIN,,AUCUN_INDICE,COURS,DOSSIER,2,2986,6,0,0.008
_non-classe/mathematiques/cours/S.1-12.13-FN-3.pdf,NIVEAU_INCERTAIN,,AUCUN_INDICE,COURS,DOSSIER,3,5270,7,0,0.004
_non-classe/mathematiques/cours/S.1-12.13-FN.pdf,NIVEAU_INCERTAIN,,AUCUN_INDICE,COURS,DOSSIER,2,2814,11,0,0.006
_non-classe/mathematiques/cours/S.1-12.13-HG.pdf,NIVEAU_INCERTAIN,,AUCUN_INDICE,SYNTHESE,CONTENU,2,3725,9,3,0.018
_non-classe/mathematiques/cours/S.1-12.13-KN-2.pdf,NIVEAU_INCERTAIN,,AUCUN_INDICE,SYNTHESE,CONTENU,2,4546,6,1,0.015
_non-classe/mathematiques/cours/S.1-12.13-KN.pdf,NIVEAU_INCERTAIN,,AUCUN_INDICE,SYNTHESE,CONTENU,2,3876,9,0,0.003
_non-classe/mathematiques/cours/S.1-12.13-P.Gabes.pdf,NIVEAU_INCERTAIN,,AUCUN_INDICE,COURS,DOSSIER,2,2240,10,0,0.032
_non-classe/mathematiques/cours/S.1-13.14-FN-2.pdf,NIVEAU_INCERTAIN,,AUCUN_INDICE,COURS,DOSSIER,2,4279,8,1,0.003
_non-classe/mathematiques/cours/S.1-13.14-FN-3.pdf,NIVEAU_INCERTAIN,,AUCUN_INDICE,COURS,DOSSIER,2,3722,7,2,0.01
_non-classe/mathematiques/cours/S.1-13.14-FN.pdf,NIVEAU_INCERTAIN,,AUCUN_INDICE,SYNTHESE,CONTENU,2,3084,10,1,0.005
_non-classe/mathematiques/cours/S.1-13.14-HG-2.pdf,NIVEAU_INCERTAIN,,AUCUN_INDICE,COURS,DOSSIER,3,3204,10,0,0.056
_non-classe/mathematiques/cours/S.1-13.14-HG.pdf,NIVEAU_INCERTAIN,,AUCUN_INDICE,COURS,DOSSIER,3,8358,9,1,0.015
_non-classe/mathematiques/cours/S.1-13.14-P.Gabes.pdf,NIVEAU_INCERTAIN,,AUCUN_INDICE,SYNTHESE,CONTENU,2,2060,9,0,0.041
_non-classe/mathematiques/cours/S.1-13.14-P.Kef.pdf,VALIDE,9e,CERTAIN,SYNTHESE,CONTENU,2,1517,13,0,0.0
_non-classe/mathematiques/cours/S.1-13.14-P.Sousse.pdf,NIVEAU_INCERTAIN,,AUCUN_INDICE,COURS,DOSSIER,1,1196,7,1,0.0
_non-classe/mathematiques/cours/S.1-14.15-FN-2.pdf,NIVEAU_INCERTAIN,,AUCUN_INDICE,COURS,DOSSIER,1,2804,8,1,0.006
_non-classe/mathematiques/cours/S.1-14.15-FN.pdf,NIVEAU_INCERTAIN,,AUCUN_INDICE,COURS,DOSSIER,2,2648,7,1,0.006
_non-classe/mathematiques/cours/S.1-14.15-MS.pdf,NIVEAU_INCERTAIN,,AUCUN_INDICE,COURS,DOSSIER,2,570,1,0,0.003
_non-classe/mathematiques/cours/S.1-14.15.pdf,NIVEAU_INCERTAIN,,AUCUN_INDICE,SYNTHESE,CONTENU,4,4536,12,1,0.058
_non-classe/mathematiques/cours/S.1-15.16-FN.pdf,NIVEAU_INCERTAIN,,AUCUN_INDICE,COURS,DOSSIER,2,2951,6,1,0.005
_non-classe/mathematiques/cours/S.1-15.16-HG.pdf,NIVEAU_INCERTAIN,,AUCUN_INDICE,SYNTHESE,CONTENU,3,4073,9,1,0.076
_non-classe/mathematiques/cours/S.1-15.16-LK.pdf,NIVEAU_INCERTAIN,,AUCUN_INDICE,COURS,DOSSIER,2,2444,11,0,0.004
_non-classe/mathematiques/cours/S.1-15.16-MS-2.pdf,NIVEAU_INCERTAIN,,AUCUN_INDICE,COURS,DOSSIER,2,1990,5,1,0.0
_non-classe/mathematiques/cours/S.1-15.16-MS.pdf,NIVEAU_INCERTAIN,,AUCUN_INDICE,COURS,DOSSIER,2,2539,8,1,0.007
_non-classe/mathematiques/cours/S.1-16.17-FN-2.pdf,NIVEAU_INCERTAIN,,AUCUN_INDICE,COURS,DOSSIER,2,4071,9,1,0.002
_non-classe/mathematiques/cours/S.1-16.17-FN.pdf,NIVEAU_INCERTAIN,,AUCUN_INDICE,COURS,DOSSIER,2,3543,7,1,0.018
_non-classe/mathematiques/cours/S.1-16.17-HG.pdf,NIVEAU_INCERTAIN,,AUCUN_INDICE,SYNTHESE,CONTENU,3,4411,11,1,0.066
_non-classe/mathematiques/cours/S.1-16.17-LF-2.pdf,NIVEAU_INCERTAIN,,AUCUN_INDICE,COURS,DOSSIER,2,2168,11,0,0.005
_non-classe/mathematiques/cours/S.1-16.17-LF.pdf,NIVEAU_INCERTAIN,,AUCUN_INDICE,SYNTHESE,CONTENU,1,1352,5,1,0.003
_non-classe/mathematiques/cours/S.1-16.17-MS-2.pdf,NIVEAU_INCERTAIN,,AUCUN_INDICE,COURS,DOSSIER,4,4372,9,0,0.01
_non-classe/mathematiques/cours/S.1-16.17-MS.pdf,NIVEAU_INCERTAIN,,AUCUN_INDICE,COURS,DOSSIER,4,3321,11,1,0.02
_non-classe/mathematiques/cours/S.1-17.18-HG.pdf,NIVEAU_INCERTAIN,,AUCUN_INDICE,SYNTHESE,CONTENU,3,4235,9,1,0.025
_non-classe/mathematiques/cours/S.1-17.18-MS-2.pdf,NIVEAU_INCERTAIN,,AUCUN_INDICE,COURS,DOSSIER,2,2868,7,1,0.005
_non-classe/mathematiques/cours/S.1-17.18-MS.pdf,NIVEAU_INCERTAIN,,AUCUN_INDICE,COURS,DOSSIER,2,3041,12,3,0.006
_non-classe/mathematiques/cours/S.1-18.19-HG-2.pdf,NIVEAU_INCERTAIN,,AUCUN_INDICE,SYNTHESE,CONTENU,2,2951,8,2,0.027
_non-classe/mathematiques/cours/S.1-18.19-HG.pdf,NIVEAU_INCERTAIN,,AUCUN_INDICE,SYNTHESE,CONTENU,2,3779,10,2,0.028
_non-classe/mathematiques/cours/S.1-18.19-P.Mahdia.pdf,VALIDE,9e,CERTAIN,MAISON,CONTENU,2,1315,11,0,0.002
_non-classe/mathematiques/cours/S.1-19-.-20-MB.pdf,NIVEAU_INCERTAIN,,AUCUN_INDICE,SYNTHESE,CONTENU,2,2535,7,0,0.015
_non-classe/mathematiques/cours/S.1-19.20-FN-2.pdf,NIVEAU_INCERTAIN,,AUCUN_INDICE,COURS,DOSSIER,2,3263,10,3,0.007
_non-classe/mathematiques/cours/S.1-19.20-FN.pdf,NIVEAU_INCERTAIN,,AUCUN_INDICE,COURS,DOSSIER,2,2842,4,1,0.007
_non-classe/mathematiques/cours/S.1-19.20-HG-2.pdf,NIVEAU_INCERTAIN,,AUCUN_INDICE,SYNTHESE,CONTENU,3,2995,8,0,0.027
_non-classe/mathematiques/cours/S.1-19.20-HG-3.pdf,NIVEAU_INCERTAIN,,AUCUN_INDICE,SYNTHESE,CONTENU,2,3677,10,2,0.022
_non-classe/mathematiques/cours/S.1-19.20-HG.pdf,NIVEAU_INCERTAIN,,AUCUN_INDICE,SYNTHESE,CONTENU,2,4374,4,1,0.492
_non-classe/mathematiques/cours/S.1-19.20-Zarzis-2.pdf,NIVEAU_INCERTAIN,,AUCUN_INDICE,SYNTHESE,CONTENU,3,4002,11,0,0.017
_non-classe/mathematiques/cours/S.1-19.20-Zarzis-3.pdf,NIVEAU_INCERTAIN,,AUCUN_INDICE,SYNTHESE,CONTENU,3,3292,7,3,0.009
_non-classe/mathematiques/cours/S.1-19.20-Zarzis.pdf,NIVEAU_INCERTAIN,,AUCUN_INDICE,SYNTHESE,CONTENU,4,3435,12,1,0.02
_non-classe/mathematiques/cours/S.1-20-.-21-ML.pdf,NIVEAU_INCERTAIN,,AUCUN_INDICE,SYNTHESE,CONTENU,2,4078,12,2,0.007
_non-classe/mathematiques/cours/S.1-20.21-HG-2.pdf,NIVEAU_INCERTAIN,,AUCUN_INDICE,SYNTHESE,CONTENU,2,3187,7,1,0.02
_non-classe/mathematiques/cours/S.1-20.21-HG.pdf,NIVEAU_INCERTAIN,,AUCUN_INDICE,SYNTHESE,CONTENU,3,2807,9,2,0.021
_non-classe/mathematiques/cours/S.1-21.22-HG.pdf,NIVEAU_INCERTAIN,,AUCUN_INDICE,SYNTHESE,CONTENU,2,2329,7,2,0.008
_non-classe/mathematiques/cours/S.1-23-.-24-FK.pdf,NIVEAU_INCERTAIN,,AUCUN_INDICE,SYNTHESE,CONTENU,2,3000,11,0,0.027
_non-classe/mathematiques/cours/S.1-23.24-R-Tunis.pdf,HORS_NIVEAU_LYCEE,,AUCUN_INDICE,SYNTHESE,CONTENU,4,4719,12,4,0.007
_non-classe/mathematiques/cours/S.1-23.24-WF.pdf,NIVEAU_INCERTAIN,,AUCUN_INDICE,SYNTHESE,CONTENU,2,2110,6,3,0.002
_non-classe/mathematiques/cours/S.1-23.24_R.Tunis.pdf,NIVEAU_INCERTAIN,,AUCUN_INDICE,SYNTHESE,CONTENU,3,3105,7,2,0.004
_non-classe/mathematiques/cours/S.1-24-.-25-AL-Cor-2.pdf,HORS_NIVEAU_LYCEE,,AUCUN_INDICE,SYNTHESE,CONTENU,8,2569,5,2,0.012
_non-classe/mathematiques/cours/S.1-24-.-25-AL-Cor.pdf,NIVEAU_INCERTAIN,,AUCUN_INDICE,CORRIGE,CONTENU,12,17214,15,3,0.015
_non-classe/mathematiques/cours/S.1-24.25-AD.pdf,HORS_NIVEAU_LYCEE,,AUCUN_INDICE,SYNTHESE,CONTENU,3,5826,12,4,0.015
_non-classe/mathematiques/cours/S.1-24.25-FK.pdf,NIVEAU_INCERTAIN,,AUCUN_INDICE,SYNTHESE,CONTENU,2,3504,8,1,0.023
_non-classe/mathematiques/cours/S.1-24.25-R-Kebili.pdf,NIVEAU_INCERTAIN,,AUCUN_INDICE,SYNTHESE,CONTENU,2,2210,7,1,0.004
_non-classe/mathematiques/cours/S.1-25-.-26-Monastir-Cor.pdf,NIVEAU_INCERTAIN,,AUCUN_INDICE,SYNTHESE,CONTENU,9,9272,6,2,0.001
_non-classe/mathematiques/cours/S.3_23.23_LG.pdf,NIVEAU_INCERTAIN,,AUCUN_INDICE,SYNTHESE,CONTENU,6,3406,8,1,0.0
_non-classe/mathematiques/cours/S.Nat_16.17-R.pdf,NIVEAU_INCERTAIN,,AUCUN_INDICE,COURS,DOSSIER,2,3016,0,0,0.026
_non-classe/mathematiques/cours/S.Nat_16.17.pdf,NIVEAU_INCERTAIN,,AUCUN_INDICE,COURS,DOSSIER,2,2677,0,0,0.025
_non-classe/mathematiques/cours/S.Nat_17.18-R.pdf,NIVEAU_INCERTAIN,,AUCUN_INDICE,EXAMEN_NATIONAL,CONTENU,2,2418,20,0,0.0
_non-classe/mathematiques/cours/S.Nat_17.18.pdf,NIVEAU_INCERTAIN,,AUCUN_INDICE,COURS,DOSSIER,2,2330,0,0,0.0
_non-classe/mathematiques/cours/S.Nat_18.19-R.pdf,VALIDE,9e,CERTAIN,COURS,DOSSIER,2,3408,22,1,0.001
_non-classe/mathematiques/cours/S.Nat_18.19.pdf,VALIDE,9e,CERTAIN,COURS,DOSSIER,2,3059,23,1,0.0
_non-classe/mathematiques/cours/Similitudes-Cours.pdf,NIVEAU_INCERTAIN,,AUCUN_INDICE,COURS,DOSSIER,12,20797,12,1,0.025
_non-classe/mathematiques/cours/Similitudes-Resume.pdf,NIVEAU_INCERTAIN,,AUCUN_INDICE,COURS,NOM_FICHIER,4,7983,8,1,0.024
_non-classe/mathematiques/cours/Similitudes.pdf,NIVEAU_INCERTAIN,,AUCUN_INDICE,COURS,DOSSIER,2,2799,9,0,0.018
_non-classe/mathematiques/cours/Statistiques-2.pdf,NIVEAU_INCERTAIN,,AUCUN_INDICE,COURS,DOSSIER,2,2763,7,1,0.009
_non-classe/mathematiques/cours/Statistiques-3.pdf,NIVEAU_INCERTAIN,,AUCUN_INDICE,COURS,DOSSIER,2,2782,7,0,0.009
_non-classe/mathematiques/cours/Statistiques-4.pdf,NIVEAU_INCERTAIN,,AUCUN_INDICE,COURS,DOSSIER,2,2808,7,0,0.009
_non-classe/mathematiques/cours/Statistiques-5.pdf,NIVEAU_INCERTAIN,,AUCUN_INDICE,COURS,DOSSIER,2,4231,10,0,0.012
_non-classe/mathematiques/cours/Statistiques-6.pdf,NIVEAU_INCERTAIN,,AUCUN_INDICE,COURS,DOSSIER,2,3738,9,1,0.007
_non-classe/mathematiques/cours/Statistiques-7.pdf,NIVEAU_INCERTAIN,,AUCUN_INDICE,COURS,DOSSIER,2,4199,10,2,0.01
_non-classe/mathematiques/cours/Statistiques-8.pdf,NIVEAU_INCERTAIN,,AUCUN_INDICE,COURS,DOSSIER,2,5049,9,0,0.007
_non-classe/mathematiques/cours/Statistiques-Cours-2.pdf,NIVEAU_INCERTAIN,,AUCUN_INDICE,COURS,NOM_FICHIER,10,13398,12,0,0.034
_non-classe/mathematiques/cours/Statistiques-Cours-3.pdf,NIVEAU_INCERTAIN,,AUCUN_INDICE,COURS,NOM_FICHIER,8,16578,13,0,0.025
_non-classe/mathematiques/cours/Statistiques-Cours.pdf,NIVEAU_INCERTAIN,,AUCUN_INDICE,COURS,DOSSIER,5,8830,9,0,0.029
_non-classe/mathematiques/cours/Statistiques-Resume.pdf,NIVEAU_INCERTAIN,,AUCUN_INDICE,COURS,NOM_FICHIER,1,1988,2,0,0.022
_non-classe/mathematiques/cours/Statistiques.pdf,NIVEAU_INCERTAIN,,AUCUN_INDICE,COURS,DOSSIER,1,1308,6,1,0.007
_non-classe/mathematiques/cours/Suites-Reelles-Cours.pdf,NIVEAU_INCERTAIN,,AUCUN_INDICE,COURS,DOSSIER,4,9987,7,3,0.019
_non-classe/mathematiques/cours/Suites-arithmetiques-2.pdf,NIVEAU_INCERTAIN,,AUCUN_INDICE,COURS,DOSSIER,1,1756,2,1,0.005
_non-classe/mathematiques/cours/Suites-arithmetiques-Cours.pdf,NIVEAU_INCERTAIN,,AUCUN_INDICE,COURS,DOSSIER,5,7685,7,2,0.02
_non-classe/mathematiques/cours/Suites-arithmetiques.pdf,HORS_NIVEAU_LYCEE,,AUCUN_INDICE,COURS,DOSSIER,2,2494,2,2,0.011
_non-classe/mathematiques/cours/Suites-geometriques-2.pdf,NIVEAU_INCERTAIN,,AUCUN_INDICE,COURS,DOSSIER,1,1776,2,1,0.007
_non-classe/mathematiques/cours/Suites-geometriques-Cours.pdf,HORS_NIVEAU_LYCEE,,AUCUN_INDICE,COURS,DOSSIER,4,6570,4,2,0.021
_non-classe/mathematiques/cours/Suites-geometriques.pdf,HORS_NIVEAU_LYCEE,,AUCUN_INDICE,COURS,DOSSIER,2,2952,2,3,0.011
_non-classe/mathematiques/cours/Suites-reelles-2.pdf,HORS_NIVEAU_LYCEE,,AUCUN_INDICE,COURS,DOSSIER,2,3057,4,4,0.02
_non-classe/mathematiques/cours/Suites-reelles-3.pdf,HORS_NIVEAU_LYCEE,,AUCUN_INDICE,COURS,DOSSIER,1,1217,2,3,0.016
_non-classe/mathematiques/cours/Suites-reelles-4.pdf,NIVEAU_INCERTAIN,,AUCUN_INDICE,COURS,DOSSIER,2,3116,5,0,0.042
_non-classe/mathematiques/cours/Suites-reelles-5.pdf,HORS_NIVEAU_LYCEE,,AUCUN_INDICE,COURS,DOSSIER,1,1736,5,2,0.032
_non-classe/mathematiques/cours/Suites-reelles-6.pdf,HORS_NIVEAU_LYCEE,,AUCUN_INDICE,COURS,DOSSIER,3,5077,5,3,0.035
_non-classe/mathematiques/cours/Suites-reelles-7.pdf,HORS_NIVEAU_LYCEE,,AUCUN_INDICE,COURS,DOSSIER,1,2066,2,2,0.006
_non-classe/mathematiques/cours/Suites-reelles-8.pdf,HORS_NIVEAU_LYCEE,,AUCUN_INDICE,COURS,DOSSIER,2,5227,0,2,0.005
_non-classe/mathematiques/cours/Suites-reelles-Resume-2.pdf,HORS_NIVEAU_LYCEE,,AUCUN_INDICE,COURS,NOM_FICHIER,2,4076,1,3,0.034
_non-classe/mathematiques/cours/Suites-reelles-Resume.pdf,HORS_NIVEAU_LYCEE,,AUCUN_INDICE,COURS,NOM_FICHIER,1,1136,1,3,0.018
_non-classe/mathematiques/cours/Suites-reelles.pdf,HORS_NIVEAU_LYCEE,,AUCUN_INDICE,COURS,DOSSIER,2,3037,4,5,0.02
_non-classe/mathematiques/cours/Sujet.01-Cor.pdf,NIVEAU_INCERTAIN,,AUCUN_INDICE,COURS,DOSSIER,6,3012,16,1,0.013
_non-classe/mathematiques/cours/Sujet.01.pdf,NIVEAU_INCERTAIN,,AUCUN_INDICE,COURS,DOSSIER,2,1635,2,0,0.001
_non-classe/mathematiques/cours/Sujet.02-Cor.pdf,NIVEAU_INCERTAIN,,AUCUN_INDICE,COURS,DOSSIER,6,3122,18,0,0.018
_non-classe/mathematiques/cours/Sujet.02.pdf,NIVEAU_INCERTAIN,,AUCUN_INDICE,COURS,DOSSIER,2,1433,2,0,0.006
_non-classe/mathematiques/cours/Sujet.03-Cor.pdf,NIVEAU_INCERTAIN,,AUCUN_INDICE,COURS,DOSSIER,6,2720,17,0,0.026
_non-classe/mathematiques/cours/Sujet.03.pdf,NIVEAU_INCERTAIN,,AUCUN_INDICE,COURS,DOSSIER,2,1520,3,0,0.005
_non-classe/mathematiques/cours/Sujet.04-Cor.pdf,NIVEAU_INCERTAIN,,AUCUN_INDICE,COURS,DOSSIER,6,3132,22,1,0.018
_non-classe/mathematiques/cours/Sujet.04.pdf,NIVEAU_INCERTAIN,,AUCUN_INDICE,COURS,DOSSIER,2,1141,3,0,0.002
_non-classe/mathematiques/cours/Sujet.05-Cor.pdf,NIVEAU_INCERTAIN,,AUCUN_INDICE,COURS,DOSSIER,6,3249,26,0,0.024
_non-classe/mathematiques/cours/Sujet.05.pdf,NIVEAU_INCERTAIN,,AUCUN_INDICE,COURS,DOSSIER,2,1662,2,0,0.002
_non-classe/mathematiques/cours/Sujet.06-Cor.pdf,NIVEAU_INCERTAIN,,AUCUN_INDICE,COURS,DOSSIER,6,2530,21,0,0.032
_non-classe/mathematiques/cours/Sujet.06.pdf,NIVEAU_INCERTAIN,,AUCUN_INDICE,COURS,DOSSIER,2,1529,1,0,0.0
_non-classe/mathematiques/cours/Sujet.07-Cor.pdf,NIVEAU_INCERTAIN,,AUCUN_INDICE,COURS,DOSSIER,6,2753,19,0,0.03
_non-classe/mathematiques/cours/Sujet.07.pdf,NIVEAU_INCERTAIN,,AUCUN_INDICE,COURS,DOSSIER,2,1641,4,0,0.001
_non-classe/mathematiques/cours/Sujet.08-Cor.pdf,NIVEAU_INCERTAIN,,AUCUN_INDICE,COURS,DOSSIER,6,3104,17,0,0.016
_non-classe/mathematiques/cours/Sujet.08.pdf,NIVEAU_INCERTAIN,,AUCUN_INDICE,COURS,DOSSIER,2,1514,2,0,0.001
_non-classe/mathematiques/cours/Sujet.09-Cor.pdf,VALIDE,8e,CERTAIN,COURS,DOSSIER,6,5826,24,0,0.0
_non-classe/mathematiques/cours/Sujet.09.pdf,NIVEAU_INCERTAIN,,AUCUN_INDICE,COURS,DOSSIER,2,1654,2,0,0.001
_non-classe/mathematiques/cours/Sujet.10-Cor.pdf,NIVEAU_INCERTAIN,,AUCUN_INDICE,COURS,DOSSIER,6,2584,17,1,0.026
_non-classe/mathematiques/cours/Sujet.10.pdf,NIVEAU_INCERTAIN,,AUCUN_INDICE,COURS,DOSSIER,2,1691,2,0,0.001
_non-classe/mathematiques/cours/Sujet.11-Cor.pdf,NIVEAU_INCERTAIN,,AUCUN_INDICE,COURS,DOSSIER,5,2925,21,1,0.014
_non-classe/mathematiques/cours/Sujet.11.pdf,NIVEAU_INCERTAIN,,AUCUN_INDICE,COURS,DOSSIER,2,1374,1,0,0.0
_non-classe/mathematiques/cours/Sujet.12.pdf,NIVEAU_INCERTAIN,,AUCUN_INDICE,COURS,DOSSIER,2,1526,3,0,0.003
_non-classe/mathematiques/cours/Sujet.13.pdf,NIVEAU_INCERTAIN,,AUCUN_INDICE,COURS,DOSSIER,2,1524,4,0,0.001
_non-classe/mathematiques/cours/Sujet.14.pdf,NIVEAU_INCERTAIN,,AUCUN_INDICE,COURS,DOSSIER,2,1696,3,0,0.001
_non-classe/mathematiques/cours/Sujet_1998_Juin.pdf,NIVEAU_INCERTAIN,,AUCUN_INDICE,COURS,DOSSIER,1,1608,0,0,0.019
_non-classe/mathematiques/cours/Sujet_1998_Sept.pdf,NIVEAU_INCERTAIN,,AUCUN_INDICE,COURS,DOSSIER,2,1962,1,0,0.029
_non-classe/mathematiques/cours/Sujet_1999.pdf,NIVEAU_INCERTAIN,,AUCUN_INDICE,COURS,DOSSIER,2,1969,0,0,0.021
_non-classe/mathematiques/cours/Sujet_2000.pdf,NIVEAU_INCERTAIN,,AUCUN_INDICE,COURS,DOSSIER,2,1892,0,0,0.02
_non-classe/mathematiques/cours/Sujet_2001.pdf,NIVEAU_INCERTAIN,,AUCUN_INDICE,COURS,DOSSIER,3,2426,0,0,0.02
_non-classe/mathematiques/cours/Sujet_2002.pdf,NIVEAU_INCERTAIN,,AUCUN_INDICE,COURS,DOSSIER,2,2303,0,0,0.02
_non-classe/mathematiques/cours/Sujet_2003.pdf,NIVEAU_INCERTAIN,,AUCUN_INDICE,COURS,DOSSIER,2,2135,0,0,0.026
_non-classe/mathematiques/cours/Sujet_2004.pdf,NIVEAU_INCERTAIN,,AUCUN_INDICE,COURS,DOSSIER,2,2075,0,0,0.021
_non-classe/mathematiques/cours/Sujet_2005.pdf,NIVEAU_INCERTAIN,,AUCUN_INDICE,COURS,DOSSIER,2,2378,2,0,0.02
_non-classe/mathematiques/cours/Sujet_2006.pdf,NIVEAU_INCERTAIN,,AUCUN_INDICE,COURS,DOSSIER,2,2059,0,0,0.021
_non-classe/mathematiques/cours/Sujet_2007.pdf,NIVEAU_INCERTAIN,,AUCUN_INDICE,COURS,DOSSIER,2,2223,1,0,0.026
_non-classe/mathematiques/cours/Sujet_2008.pdf,NIVEAU_INCERTAIN,,AUCUN_INDICE,COURS,DOSSIER,2,2303,0,0,0.022
_non-classe/mathematiques/cours/Sujet_2009.pdf,NIVEAU_INCERTAIN,,AUCUN_INDICE,COURS,DOSSIER,2,2559,0,1,0.017
_non-classe/mathematiques/cours/Sujet_2010.pdf,NIVEAU_INCERTAIN,,AUCUN_INDICE,COURS,DOSSIER,2,2537,0,0,0.018
_non-classe/mathematiques/cours/Sujet_2011.pdf,NIVEAU_INCERTAIN,,AUCUN_INDICE,COURS,DOSSIER,2,2884,0,0,0.02
_non-classe/mathematiques/cours/Sujet_2012.pdf,NIVEAU_INCERTAIN,,AUCUN_INDICE,COURS,DOSSIER,2,2213,16,0,0.0
_non-classe/mathematiques/cours/Sujet_2013.pdf,NIVEAU_INCERTAIN,,AUCUN_INDICE,COURS,DOSSIER,2,2318,18,0,0.0
_non-classe/mathematiques/cours/Sujet_2014.pdf,NIVEAU_INCERTAIN,,AUCUN_INDICE,COURS,DOSSIER,2,2921,0,0,0.024
_non-classe/mathematiques/cours/Sujet_2015.pdf,NIVEAU_INCERTAIN,,AUCUN_INDICE,COURS,DOSSIER,2,2718,20,0,0.001
_non-classe/mathematiques/cours/Sujet_2016.pdf,NIVEAU_INCERTAIN,,AUCUN_INDICE,COURS,DOSSIER,2,3018,19,0,0.0
_non-classe/mathematiques/cours/Sujet_2017.pdf,NIVEAU_INCERTAIN,,CONFLIT:7e/9e,COURS,DOSSIER,2,2863,20,0,0.0
_non-classe/mathematiques/cours/Sujet_2018.pdf,NIVEAU_INCERTAIN,,AUCUN_INDICE,COURS,DOSSIER,2,2899,17,0,0.001
_non-classe/mathematiques/cours/Sujet_2019.pdf,NIVEAU_INCERTAIN,,AUCUN_INDICE,COURS,DOSSIER,2,2793,20,0,0.001
_non-classe/mathematiques/cours/Sujet_202-5.pdf,NIVEAU_INCERTAIN,,AUCUN_INDICE,EXAMEN_NATIONAL,CONTENU,2,2356,7,1,0.003
_non-classe/mathematiques/cours/Sujet_202-6.pdf,NIVEAU_INCERTAIN,,AUCUN_INDICE,COURS,DOSSIER,2,2612,21,0,0.002
_non-classe/mathematiques/cours/Sujet_2020.pdf,NIVEAU_INCERTAIN,,AUCUN_INDICE,COURS,DOSSIER,3,2966,17,0,0.002
_non-classe/mathematiques/cours/Sujet_2021.pdf,NIVEAU_INCERTAIN,,AUCUN_INDICE,COURS,DOSSIER,2,2677,18,0,0.001
_non-classe/mathematiques/cours/Sujet_2022.pdf,NIVEAU_INCERTAIN,,AUCUN_INDICE,COURS,DOSSIER,2,2614,18,0,0.001
_non-classe/mathematiques/cours/Sujet_2023.pdf,NIVEAU_INCERTAIN,,AUCUN_INDICE,COURS,DOSSIER,2,2560,17,0,0.002
_non-classe/mathematiques/cours/Systeme-d-equations-lineaires.pdf,NIVEAU_INCERTAIN,,AUCUN_INDICE,COURS,DOSSIER,1,1951,6,0,0.02
_non-classe/mathematiques/cours/Systeme-de-deux-equations-a-deux-inconnues.pdf,NIVEAU_INCERTAIN,,AUCUN_INDICE,COURS,DOSSIER,1,1799,5,1,0.038
_non-classe/mathematiques/cours/Systemes-Resume.pdf,NIVEAU_INCERTAIN,,AUCUN_INDICE,COURS,NOM_FICHIER,2,4284,7,1,0.035
_non-classe/mathematiques/cours/Tome1-2.pdf,NIVEAU_INCERTAIN,,AUCUN_INDICE,COURS,DOSSIER,164,11206,15,1,0.001
_non-classe/mathematiques/cours/Tome1-3.pdf,HORS_NIVEAU_LYCEE,,AUCUN_INDICE,COURS,DOSSIER,238,346002,32,7,0.009
_non-classe/mathematiques/cours/Tome1-4.pdf,HORS_NIVEAU_LYCEE,,AUCUN_INDICE,COURS,DOSSIER,192,266872,31,7,0.008
_non-classe/mathematiques/cours/Tome1-5.pdf,NIVEAU_INCERTAIN,,AUCUN_INDICE,COURS,DOSSIER,82,91344,0,0,0.0
_non-classe/mathematiques/cours/Tome1-6.pdf,HORS_NIVEAU_LYCEE,,AUCUN_INDICE,COURS,DOSSIER,207,12979,9,5,0.002
_non-classe/mathematiques/cours/Tome1-7.pdf,HORS_NIVEAU_LYCEE,,AUCUN_INDICE,COURS,DOSSIER,182,11967,7,4,0.002
_non-classe/mathematiques/cours/Tome1.pdf,NIVEAU_INCERTAIN,,AUCUN_INDICE,COURS,DOSSIER,130,9219,17,1,0.002
_non-classe/mathematiques/cours/Tome2-2.pdf,HORS_NIVEAU_LYCEE,,AUCUN_INDICE,COURS,DOSSIER,200,273342,33,6,0.01
_non-classe/mathematiques/cours/Tome2-3.pdf,HORS_NIVEAU_LYCEE,,AUCUN_INDICE,COURS,DOSSIER,216,296077,31,6,0.008
_non-classe/mathematiques/cours/Tome2-4.pdf,HORS_NIVEAU_LYCEE,,AUCUN_INDICE,COURS,DOSSIER,203,285529,32,6,0.008
_non-classe/mathematiques/cours/Tome2-5.pdf,NIVEAU_INCERTAIN,,AUCUN_INDICE,COURS,DOSSIER,86,108258,0,0,0.0
_non-classe/mathematiques/cours/Tome2-6.pdf,HORS_NIVEAU_LYCEE,,AUCUN_INDICE,COURS,DOSSIER,230,414554,33,8,0.006
_non-classe/mathematiques/cours/Tome2-7.pdf,NIVEAU_INCERTAIN,,AUCUN_INDICE,COURS,DOSSIER,119,12495,13,3,0.001
_non-classe/mathematiques/cours/Tome2.pdf,NIVEAU_INCERTAIN,,AUCUN_INDICE,COURS,DOSSIER,142,15110,15,0,0.001
_non-classe/mathematiques/cours/Translations-Cours.pdf,HORS_NIVEAU_LYCEE,,AUCUN_INDICE,COURS,DOSSIER,5,5662,4,2,0.1
_non-classe/mathematiques/cours/Translations-Resume.pdf,HORS_NIVEAU_LYCEE,,AUCUN_INDICE,COURS,NOM_FICHIER,2,3105,5,2,0.024
_non-classe/mathematiques/cours/Translations.pdf,NIVEAU_INCERTAIN,,AUCUN_INDICE,COURS,DOSSIER,1,1612,6,1,0.004
_non-classe/mathematiques/cours/Trigonometrie-2.pdf,NIVEAU_INCERTAIN,,AUCUN_INDICE,COURS,DOSSIER,2,2575,5,1,0.028
_non-classe/mathematiques/cours/Trigonometrie-3.pdf,NIVEAU_INCERTAIN,,AUCUN_INDICE,COURS,DOSSIER,1,1545,5,0,0.023
_non-classe/mathematiques/cours/Trigonometrie-Cours.pdf,NIVEAU_INCERTAIN,,AUCUN_INDICE,COURS,DOSSIER,8,10977,11,1,0.045
_non-classe/mathematiques/cours/Trigonometrie-Resume-2.pdf,NIVEAU_INCERTAIN,,AUCUN_INDICE,COURS,NOM_FICHIER,2,3326,5,1,0.052
_non-classe/mathematiques/cours/Trigonometrie-Resume.pdf,NIVEAU_INCERTAIN,,AUCUN_INDICE,COURS,NOM_FICHIER,1,1638,4,1,0.043
_non-classe/mathematiques/cours/Trigonometrie.pdf,NIVEAU_INCERTAIN,,AUCUN_INDICE,COURS,DOSSIER,2,2150,9,1,0.021
_non-classe/mathematiques/cours/Variables-aleatoires-Cours.pdf,NIVEAU_INCERTAIN,,AUCUN_INDICE,COURS,DOSSIER,2,5809,6,0,0.006
_non-classe/mathematiques/cours/Variables-aleatoires-Resume.pdf,NIVEAU_INCERTAIN,,AUCUN_INDICE,COURS,NOM_FICHIER,2,3296,2,1,0.042
_non-classe/mathematiques/cours/Vecteurs-et-translations.pdf,NIVEAU_INCERTAIN,,AUCUN_INDICE,COURS,DOSSIER,2,1501,8,1,0.003
_non-classe/mathematiques/cours/_1.pdf,NIVEAU_INCERTAIN,,AUCUN_INDICE,COURS,DOSSIER,1,1143,6,1,0.019
_non-classe/mathematiques/cours/_2.pdf,NIVEAU_INCERTAIN,,AUCUN_INDICE,COURS,DOSSIER,1,436,7,0,0.002
_non-classe/mathematiques/cours/document-10.pdf,NIVEAU_INCERTAIN,,AUCUN_INDICE,COURS,DOSSIER,2,2884,8,0,0.041
_non-classe/mathematiques/cours/document-11.pdf,NIVEAU_INCERTAIN,,AUCUN_INDICE,COURS,DOSSIER,1,1627,5,0,0.155
_non-classe/mathematiques/cours/document-12.pdf,NIVEAU_INCERTAIN,,AUCUN_INDICE,COURS,DOSSIER,1,2128,4,0,0.088
_non-classe/mathematiques/cours/document-13.pdf,NIVEAU_INCERTAIN,,AUCUN_INDICE,COURS,DOSSIER,1,2418,3,0,0.108
_non-classe/mathematiques/cours/document-14.pdf,NIVEAU_INCERTAIN,,AUCUN_INDICE,COURS,DOSSIER,1,2044,4,0,0.073
_non-classe/mathematiques/cours/document-15.pdf,NIVEAU_INCERTAIN,,AUCUN_INDICE,COURS,DOSSIER,1,1760,7,0,0.072
_non-classe/mathematiques/cours/document-16.pdf,NIVEAU_INCERTAIN,,AUCUN_INDICE,COURS,DOSSIER,2,3108,7,0,0.161
_non-classe/mathematiques/cours/document-17.pdf,NIVEAU_INCERTAIN,,AUCUN_INDICE,COURS,DOSSIER,2,2362,14,0,0.023
_non-classe/mathematiques/cours/document-18.pdf,NIVEAU_INCERTAIN,,AUCUN_INDICE,COURS,DOSSIER,2,2266,8,0,0.034
_non-classe/mathematiques/cours/document-19.pdf,NIVEAU_INCERTAIN,,AUCUN_INDICE,COURS,DOSSIER,2,3114,5,0,0.151
_non-classe/mathematiques/cours/document-2.pdf,NIVEAU_INCERTAIN,,AUCUN_INDICE,COURS,DOSSIER,2,3607,6,1,0.045
_non-classe/mathematiques/cours/document-20.pdf,NIVEAU_INCERTAIN,,AUCUN_INDICE,COURS,DOSSIER,2,3186,7,0,0.157
_non-classe/mathematiques/cours/document-21.pdf,NIVEAU_INCERTAIN,,AUCUN_INDICE,COURS,DOSSIER,2,2635,13,1,0.059
_non-classe/mathematiques/cours/document-22.pdf,NIVEAU_INCERTAIN,,AUCUN_INDICE,COURS,DOSSIER,2,1586,3,0,0.032
_non-classe/mathematiques/cours/document-23.pdf,NIVEAU_INCERTAIN,,AUCUN_INDICE,COURS,DOSSIER,2,2943,8,0,0.035
_non-classe/mathematiques/cours/document-24.pdf,NIVEAU_INCERTAIN,,AUCUN_INDICE,COURS,DOSSIER,2,2740,8,0,0.039
_non-classe/mathematiques/cours/document-3.pdf,NIVEAU_INCERTAIN,,AUCUN_INDICE,COURS,DOSSIER,2,3737,6,0,0.061
_non-classe/mathematiques/cours/document-4.pdf,NIVEAU_INCERTAIN,,AUCUN_INDICE,COURS,DOSSIER,2,2465,9,0,0.024
_non-classe/mathematiques/cours/document-5.pdf,NIVEAU_INCERTAIN,,AUCUN_INDICE,COURS,DOSSIER,2,2511,7,1,0.029
_non-classe/mathematiques/cours/document-6.pdf,NIVEAU_INCERTAIN,,AUCUN_INDICE,COURS,DOSSIER,2,2581,9,0,0.024
_non-classe/mathematiques/cours/document-7.pdf,NIVEAU_INCERTAIN,,AUCUN_INDICE,COURS,DOSSIER,2,2215,8,0,0.059
_non-classe/mathematiques/cours/document-8.pdf,NIVEAU_INCERTAIN,,AUCUN_INDICE,COURS,DOSSIER,1,1509,7,1,0.017
_non-classe/mathematiques/cours/document-9.pdf,NIVEAU_INCERTAIN,,AUCUN_INDICE,COURS,DOSSIER,2,3670,4,0,0.087
_non-classe/mathematiques/cours/document.pdf,NIVEAU_INCERTAIN,,AUCUN_INDICE,COURS,DOSSIER,2,3286,4,0,0.055
_non-classe/mathematiques/devoirs/80695193corection-concours-2009c-pdf.pdf,NIVEAU_INCERTAIN,,AUCUN_INDICE,EXAMEN_NATIONAL,NOM_FICHIER,3,3006,6,0,0.002
_non-classe/mathematiques/devoirs/Controle-2019-2.pdf,NIVEAU_INCERTAIN,,AUCUN_INDICE,DEVOIR_INDETERMINE,DOSSIER,3,3879,7,2,0.001
_non-classe/mathematiques/devoirs/Controle-2019-3.pdf,HORS_NIVEAU_LYCEE,,AUCUN_INDICE,DEVOIR_INDETERMINE,DOSSIER,3,4202,11,5,0.0
_non-classe/mathematiques/devoirs/Controle-2019.pdf,NIVEAU_INCERTAIN,,AUCUN_INDICE,DEVOIR_INDETERMINE,DOSSIER,4,5422,11,1,0.0
_non-classe/mathematiques/devoirs/Controle.2008-2.pdf,NIVEAU_INCERTAIN,,AUCUN_INDICE,DEVOIR_INDETERMINE,DOSSIER,4,3579,9,2,0.0
_non-classe/mathematiques/devoirs/Controle.2008-3.pdf,NIVEAU_INCERTAIN,,AUCUN_INDICE,DEVOIR_INDETERMINE,DOSSIER,2,2388,9,1,0.0
_non-classe/mathematiques/devoirs/Controle.2008.pdf,NIVEAU_INCERTAIN,,AUCUN_INDICE,DEVOIR_INDETERMINE,DOSSIER,2,2503,8,1,0.0
_non-classe/mathematiques/devoirs/Controle.2009-2.pdf,NIVEAU_INCERTAIN,,AUCUN_INDICE,DEVOIR_INDETERMINE,DOSSIER,3,4291,8,3,0.001
_non-classe/mathematiques/devoirs/Controle.2009-3.pdf,HORS_NIVEAU_LYCEE,,AUCUN_INDICE,DEVOIR_INDETERMINE,DOSSIER,2,3095,9,6,0.0
_non-classe/mathematiques/devoirs/Controle.2009-4.pdf,HORS_NIVEAU_LYCEE,,AUCUN_INDICE,DEVOIR_INDETERMINE,DOSSIER,2,2498,6,5,0.001
_non-classe/mathematiques/devoirs/Controle.2009.pdf,NIVEAU_INCERTAIN,,AUCUN_INDICE,DEVOIR_INDETERMINE,DOSSIER,3,3551,7,3,0.0
_non-classe/mathematiques/devoirs/Controle.201-1.pdf,NIVEAU_INCERTAIN,,AUCUN_INDICE,DEVOIR_INDETERMINE,DOSSIER,4,4928,8,2,0.046
_non-classe/mathematiques/devoirs/Controle.2010-2.pdf,NIVEAU_INCERTAIN,,AUCUN_INDICE,DEVOIR_INDETERMINE,DOSSIER,3,3592,9,0,0.0
_non-classe/mathematiques/devoirs/Controle.2010-3.pdf,HORS_NIVEAU_LYCEE,,AUCUN_INDICE,DEVOIR_INDETERMINE,DOSSIER,2,2630,9,5,0.001
_non-classe/mathematiques/devoirs/Controle.2010-4.pdf,HORS_NIVEAU_LYCEE,,AUCUN_INDICE,DEVOIR_INDETERMINE,DOSSIER,2,2033,4,2,0.001
_non-classe/mathematiques/devoirs/Controle.2010.pdf,NIVEAU_INCERTAIN,,AUCUN_INDICE,DEVOIR_INDETERMINE,DOSSIER,3,3390,10,3,0.0
_non-classe/mathematiques/devoirs/Controle.2011-2.pdf,NIVEAU_INCERTAIN,,AUCUN_INDICE,DEVOIR_INDETERMINE,DOSSIER,4,5701,9,2,0.023
_non-classe/mathematiques/devoirs/Controle.2011-3.pdf,NIVEAU_INCERTAIN,,AUCUN_INDICE,DEVOIR_INDETERMINE,DOSSIER,2,3062,9,3,0.025
_non-classe/mathematiques/devoirs/Controle.2011.pdf,NIVEAU_INCERTAIN,,AUCUN_INDICE,DEVOIR_INDETERMINE,DOSSIER,3,3770,10,2,0.035
_non-classe/mathematiques/devoirs/Controle.2012-2.pdf,NIVEAU_INCERTAIN,,AUCUN_INDICE,DEVOIR_INDETERMINE,DOSSIER,4,4621,6,2,0.0
_non-classe/mathematiques/devoirs/Controle.2012-3.pdf,NIVEAU_INCERTAIN,,AUCUN_INDICE,DEVOIR_INDETERMINE,DOSSIER,2,3296,9,1,0.001
_non-classe/mathematiques/devoirs/Controle.2012-4.pdf,NIVEAU_INCERTAIN,,AUCUN_INDICE,DEVOIR_INDETERMINE,DOSSIER,2,2403,6,3,0.001
_non-classe/mathematiques/devoirs/Controle.2012.pdf,NIVEAU_INCERTAIN,,AUCUN_INDICE,DEVOIR_INDETERMINE,DOSSIER,4,3543,13,1,0.0
_non-classe/mathematiques/devoirs/Controle.2013-2.pdf,NIVEAU_INCERTAIN,,AUCUN_INDICE,DEVOIR_INDETERMINE,DOSSIER,4,3921,8,2,0.0
_non-classe/mathematiques/devoirs/Controle.2013-3.pdf,NIVEAU_INCERTAIN,,AUCUN_INDICE,DEVOIR_INDETERMINE,DOSSIER,2,2540,7,2,0.0
_non-classe/mathematiques/devoirs/Controle.2013-4.pdf,HORS_NIVEAU_LYCEE,,AUCUN_INDICE,DEVOIR_INDETERMINE,DOSSIER,3,2781,5,5,0.0
_non-classe/mathematiques/devoirs/Controle.2013.pdf,NIVEAU_INCERTAIN,,AUCUN_INDICE,DEVOIR_INDETERMINE,DOSSIER,3,3902,13,1,0.001
_non-classe/mathematiques/devoirs/Controle.2014-2.pdf,HORS_NIVEAU_LYCEE,,AUCUN_INDICE,DEVOIR_INDETERMINE,DOSSIER,3,3193,10,4,0.001
_non-classe/mathematiques/devoirs/Controle.2014-3.pdf,NIVEAU_INCERTAIN,,AUCUN_INDICE,DEVOIR_INDETERMINE,DOSSIER,2,4351,7,1,0.024
_non-classe/mathematiques/devoirs/Controle.2014-4.pdf,NIVEAU_INCERTAIN,,AUCUN_INDICE,DEVOIR_INDETERMINE,DOSSIER,2,2961,7,2,0.033
_non-classe/mathematiques/devoirs/Controle.2014.pdf,NIVEAU_INCERTAIN,,AUCUN_INDICE,DEVOIR_INDETERMINE,DOSSIER,3,4747,11,3,0.034
_non-classe/mathematiques/devoirs/Controle.2015-2.pdf,NIVEAU_INCERTAIN,,AUCUN_INDICE,DEVOIR_INDETERMINE,DOSSIER,2,2959,7,1,0.0
_non-classe/mathematiques/devoirs/Controle.2015-3.pdf,NIVEAU_INCERTAIN,,AUCUN_INDICE,DEVOIR_INDETERMINE,DOSSIER,2,3213,5,0,0.0
_non-classe/mathematiques/devoirs/Controle.2015-4.pdf,HORS_NIVEAU_LYCEE,,AUCUN_INDICE,DEVOIR_INDETERMINE,DOSSIER,3,2766,6,4,0.0
_non-classe/mathematiques/devoirs/Controle.2015.pdf,NIVEAU_INCERTAIN,,AUCUN_INDICE,DEVOIR_INDETERMINE,DOSSIER,3,3312,12,2,0.0
_non-classe/mathematiques/devoirs/Controle.2016-2.pdf,HORS_NIVEAU_LYCEE,,AUCUN_INDICE,DEVOIR_INDETERMINE,DOSSIER,4,4496,5,4,0.001
_non-classe/mathematiques/devoirs/Controle.2016-3.pdf,NIVEAU_INCERTAIN,,AUCUN_INDICE,DEVOIR_INDETERMINE,DOSSIER,3,3256,5,1,0.001
_non-classe/mathematiques/devoirs/Controle.2016-4.pdf,NIVEAU_INCERTAIN,,AUCUN_INDICE,DEVOIR_INDETERMINE,DOSSIER,3,3388,6,3,0.0
_non-classe/mathematiques/devoirs/Controle.2016.pdf,NIVEAU_INCERTAIN,,AUCUN_INDICE,DEVOIR_INDETERMINE,DOSSIER,3,4883,12,2,0.0
_non-classe/mathematiques/devoirs/Controle.2017-2.pdf,HORS_NIVEAU_LYCEE,,AUCUN_INDICE,DEVOIR_INDETERMINE,DOSSIER,3,2946,6,4,0.001
_non-classe/mathematiques/devoirs/Controle.2017-3.pdf,HORS_NIVEAU_LYCEE,,AUCUN_INDICE,DEVOIR_INDETERMINE,DOSSIER,3,3030,4,2,0.0
_non-classe/mathematiques/devoirs/Controle.2017-4.pdf,NIVEAU_INCERTAIN,,AUCUN_INDICE,DEVOIR_INDETERMINE,DOSSIER,4,2739,6,3,0.0
_non-classe/mathematiques/devoirs/Controle.2017.pdf,HORS_NIVEAU_LYCEE,,AUCUN_INDICE,DEVOIR_INDETERMINE,DOSSIER,3,3834,13,4,0.0
_non-classe/mathematiques/devoirs/Controle.2018-2.pdf,NIVEAU_INCERTAIN,,AUCUN_INDICE,DEVOIR_INDETERMINE,DOSSIER,4,5152,9,2,0.0
_non-classe/mathematiques/devoirs/Controle.2018-3.pdf,HORS_NIVEAU_LYCEE,,AUCUN_INDICE,DEVOIR_INDETERMINE,DOSSIER,4,4578,7,4,0.0
_non-classe/mathematiques/devoirs/Controle.2018-4.pdf,NIVEAU_INCERTAIN,,AUCUN_INDICE,DEVOIR_INDETERMINE,DOSSIER,3,3520,4,1,0.001
_non-classe/mathematiques/devoirs/Controle.2018-5.pdf,NIVEAU_INCERTAIN,,AUCUN_INDICE,DEVOIR_INDETERMINE,DOSSIER,3,3077,7,2,0.0
_non-classe/mathematiques/devoirs/Controle.2018.pdf,NIVEAU_INCERTAIN,,AUCUN_INDICE,DEVOIR_INDETERMINE,DOSSIER,5,4781,14,3,0.0
_non-classe/mathematiques/devoirs/Controle.2019-2.pdf,NIVEAU_INCERTAIN,,AUCUN_INDICE,DEVOIR_INDETERMINE,DOSSIER,4,4303,10,2,0.0
_non-classe/mathematiques/devoirs/Controle.2019-3.pdf,NIVEAU_INCERTAIN,,AUCUN_INDICE,DEVOIR_INDETERMINE,DOSSIER,3,2615,7,1,0.0
_non-classe/mathematiques/devoirs/Controle.2019.pdf,NIVEAU_INCERTAIN,,AUCUN_INDICE,DEVOIR_INDETERMINE,DOSSIER,3,3798,5,0,0.001
_non-classe/mathematiques/devoirs/Controle.202-6-2.pdf,NIVEAU_INCERTAIN,,AUCUN_INDICE,DEVOIR_INDETERMINE,DOSSIER,4,4819,8,2,0.0
_non-classe/mathematiques/devoirs/Controle.202-6.pdf,NIVEAU_INCERTAIN,,AUCUN_INDICE,DEVOIR_INDETERMINE,DOSSIER,5,5974,18,1,0.0
_non-classe/mathematiques/devoirs/Controle.2020-2.pdf,NIVEAU_INCERTAIN,,AUCUN_INDICE,DEVOIR_INDETERMINE,DOSSIER,4,6543,12,3,0.018
_non-classe/mathematiques/devoirs/Controle.2020-3.pdf,NIVEAU_INCERTAIN,,AUCUN_INDICE,DEVOIR_INDETERMINE,DOSSIER,4,5477,7,2,0.009
_non-classe/mathematiques/devoirs/Controle.2020-4.pdf,NIVEAU_INCERTAIN,,AUCUN_INDICE,DEVOIR_INDETERMINE,DOSSIER,5,6719,10,2,0.039
_non-classe/mathematiques/devoirs/Controle.2020-5.pdf,HORS_NIVEAU_LYCEE,,AUCUN_INDICE,DEVOIR_INDETERMINE,DOSSIER,4,3340,6,5,0.0
_non-classe/mathematiques/devoirs/Controle.2020.pdf,NIVEAU_INCERTAIN,,AUCUN_INDICE,DEVOIR_INDETERMINE,DOSSIER,4,7022,14,2,0.034
_non-classe/mathematiques/devoirs/Controle.2021-2.pdf,NIVEAU_INCERTAIN,,AUCUN_INDICE,DEVOIR_INDETERMINE,DOSSIER,4,5800,12,3,0.038
_non-classe/mathematiques/devoirs/Controle.2021-3.pdf,NIVEAU_INCERTAIN,,AUCUN_INDICE,DEVOIR_INDETERMINE,DOSSIER,4,5524,8,1,0.031
_non-classe/mathematiques/devoirs/Controle.2021-4.pdf,HORS_NIVEAU_LYCEE,,AUCUN_INDICE,DEVOIR_INDETERMINE,DOSSIER,4,4865,10,4,0.045
_non-classe/mathematiques/devoirs/Controle.2021-5.pdf,NIVEAU_INCERTAIN,,AUCUN_INDICE,DEVOIR_INDETERMINE,DOSSIER,4,4184,6,3,0.005
_non-classe/mathematiques/devoirs/Controle.2021-6.pdf,NIVEAU_INCERTAIN,,AUCUN_INDICE,DEVOIR_INDETERMINE,DOSSIER,4,3542,7,1,0.0
_non-classe/mathematiques/devoirs/Controle.2021.pdf,NIVEAU_INCERTAIN,,AUCUN_INDICE,DEVOIR_INDETERMINE,DOSSIER,4,5922,8,3,0.034
_non-classe/mathematiques/devoirs/Controle.2022-2.pdf,HORS_NIVEAU_LYCEE,,AUCUN_INDICE,DEVOIR_INDETERMINE,DOSSIER,5,6272,13,5,0.024
_non-classe/mathematiques/devoirs/Controle.2022-3.pdf,NIVEAU_INCERTAIN,,AUCUN_INDICE,DEVOIR_INDETERMINE,DOSSIER,5,7053,8,1,0.015
_non-classe/mathematiques/devoirs/Controle.2022-4.pdf,NIVEAU_INCERTAIN,,AUCUN_INDICE,DEVOIR_INDETERMINE,DOSSIER,4,5575,11,1,0.006
_non-classe/mathematiques/devoirs/Controle.2022.pdf,NIVEAU_INCERTAIN,,AUCUN_INDICE,DEVOIR_INDETERMINE,DOSSIER,3,5108,10,3,0.023
_non-classe/mathematiques/devoirs/Controle.2023-2.pdf,NIVEAU_INCERTAIN,,AUCUN_INDICE,DEVOIR_INDETERMINE,DOSSIER,4,5001,10,2,0.0
_non-classe/mathematiques/devoirs/Controle.2023-3.pdf,NIVEAU_INCERTAIN,,AUCUN_INDICE,DEVOIR_INDETERMINE,DOSSIER,4,4575,7,3,0.0
_non-classe/mathematiques/devoirs/Controle.2023-4.pdf,NIVEAU_INCERTAIN,,AUCUN_INDICE,DEVOIR_INDETERMINE,DOSSIER,4,4348,11,3,0.0
_non-classe/mathematiques/devoirs/Controle.2023-5.pdf,NIVEAU_INCERTAIN,,AUCUN_INDICE,DEVOIR_INDETERMINE,DOSSIER,4,2768,7,2,0.0
_non-classe/mathematiques/devoirs/Controle.2023.pdf,HORS_NIVEAU_LYCEE,,AUCUN_INDICE,DEVOIR_INDETERMINE,DOSSIER,5,4646,10,4,0.0
_non-classe/mathematiques/devoirs/Controle.2024-2.pdf,NIVEAU_INCERTAIN,,AUCUN_INDICE,DEVOIR_INDETERMINE,DOSSIER,5,4893,13,3,0.0
_non-classe/mathematiques/devoirs/Controle.2024-3.pdf,HORS_NIVEAU_LYCEE,,AUCUN_INDICE,DEVOIR_INDETERMINE,DOSSIER,4,6442,9,4,0.027
_non-classe/mathematiques/devoirs/Controle.2024-5.pdf,HORS_NIVEAU_LYCEE,,AUCUN_INDICE,DEVOIR_INDETERMINE,DOSSIER,4,3435,6,4,0.003
_non-classe/mathematiques/devoirs/Controle.2024.pdf,NIVEAU_INCERTAIN,,AUCUN_INDICE,DEVOIR_INDETERMINE,DOSSIER,4,5535,13,3,0.047
_non-classe/mathematiques/devoirs/Controle.2025-2.pdf,NIVEAU_INCERTAIN,,AUCUN_INDICE,DEVOIR_INDETERMINE,DOSSIER,4,4945,11,2,0.0
_non-classe/mathematiques/devoirs/Controle.2025-3.pdf,NIVEAU_INCERTAIN,,AUCUN_INDICE,DEVOIR_INDETERMINE,DOSSIER,5,5701,11,2,0.0
_non-classe/mathematiques/devoirs/Controle.2025-4.pdf,NIVEAU_INCERTAIN,,AUCUN_INDICE,DEVOIR_INDETERMINE,DOSSIER,3,4118,9,1,0.0
_non-classe/mathematiques/devoirs/Controle.2025-5.pdf,HORS_NIVEAU_LYCEE,,AUCUN_INDICE,DEVOIR_INDETERMINE,DOSSIER,3,2227,2,3,0.0
_non-classe/mathematiques/devoirs/Controle.2025.pdf,NIVEAU_INCERTAIN,,AUCUN_INDICE,DEVOIR_INDETERMINE,DOSSIER,5,4863,14,0,0.001
_non-classe/mathematiques/devoirs/Controle.2026-2.pdf,NIVEAU_INCERTAIN,,AUCUN_INDICE,DEVOIR_INDETERMINE,DOSSIER,3,4238,7,1,0.001
_non-classe/mathematiques/devoirs/Controle.2026-3.pdf,NIVEAU_INCERTAIN,,AUCUN_INDICE,DEVOIR_INDETERMINE,DOSSIER,3,2904,5,0,0.0
_non-classe/mathematiques/devoirs/Controle.2026.pdf,HORS_NIVEAU_LYCEE,,AUCUN_INDICE,DEVOIR_INDETERMINE,DOSSIER,6,5369,16,4,0.0
_non-classe/mathematiques/devoirs/Controle_2008-2.pdf,NIVEAU_INCERTAIN,,AUCUN_INDICE,DEVOIR_INDETERMINE,DOSSIER,2,3225,10,3,0.0
_non-classe/mathematiques/devoirs/Controle_2008.pdf,NIVEAU_INCERTAIN,,AUCUN_INDICE,DEVOIR_INDETERMINE,DOSSIER,4,4321,12,0,0.0
_non-classe/mathematiques/devoirs/Controle_2009-2.pdf,NIVEAU_INCERTAIN,,AUCUN_INDICE,DEVOIR_INDETERMINE,DOSSIER,2,3458,12,3,0.0
_non-classe/mathematiques/devoirs/Controle_2009.pdf,NIVEAU_INCERTAIN,,AUCUN_INDICE,DEVOIR_INDETERMINE,DOSSIER,4,208,0,0,0.0
_non-classe/mathematiques/devoirs/Controle_2010-2.pdf,NIVEAU_INCERTAIN,,AUCUN_INDICE,DEVOIR_INDETERMINE,DOSSIER,3,3296,13,2,0.0
_non-classe/mathematiques/devoirs/Controle_2010.pdf,NIVEAU_INCERTAIN,,AUCUN_INDICE,DEVOIR_INDETERMINE,DOSSIER,4,3720,12,1,0.0
_non-classe/mathematiques/devoirs/Controle_2011-2.pdf,NIVEAU_INCERTAIN,,AUCUN_INDICE,DEVOIR_INDETERMINE,DOSSIER,3,3664,11,3,0.033
_non-classe/mathematiques/devoirs/Controle_2011.pdf,NIVEAU_INCERTAIN,,AUCUN_INDICE,DEVOIR_INDETERMINE,DOSSIER,5,4234,13,1,0.0
_non-classe/mathematiques/devoirs/Controle_2012-2.pdf,NIVEAU_INCERTAIN,,AUCUN_INDICE,DEVOIR_INDETERMINE,DOSSIER,4,4386,11,1,0.0
_non-classe/mathematiques/devoirs/Controle_2012.pdf,NIVEAU_INCERTAIN,,AUCUN_INDICE,DEVOIR_INDETERMINE,DOSSIER,3,2981,7,1,0.0
_non-classe/mathematiques/devoirs/Controle_2013-2.pdf,NIVEAU_INCERTAIN,,AUCUN_INDICE,DEVOIR_INDETERMINE,DOSSIER,4,3882,11,0,0.001
_non-classe/mathematiques/devoirs/Controle_2013.pdf,NIVEAU_INCERTAIN,,AUCUN_INDICE,DEVOIR_INDETERMINE,DOSSIER,4,3794,11,0,0.0
_non-classe/mathematiques/devoirs/Controle_2014-2.pdf,NIVEAU_INCERTAIN,,AUCUN_INDICE,DEVOIR_INDETERMINE,DOSSIER,4,3945,9,2,0.0
_non-classe/mathematiques/devoirs/Controle_2014.pdf,NIVEAU_INCERTAIN,,AUCUN_INDICE,DEVOIR_INDETERMINE,DOSSIER,4,3833,12,2,0.0
_non-classe/mathematiques/devoirs/Controle_2015-2.pdf,NIVEAU_INCERTAIN,,AUCUN_INDICE,DEVOIR_INDETERMINE,DOSSIER,4,3699,10,2,0.0
_non-classe/mathematiques/devoirs/Controle_2015.pdf,NIVEAU_INCERTAIN,,AUCUN_INDICE,DEVOIR_INDETERMINE,DOSSIER,3,5164,14,1,0.0
_non-classe/mathematiques/devoirs/Controle_2016-2.pdf,NIVEAU_INCERTAIN,,AUCUN_INDICE,DEVOIR_INDETERMINE,DOSSIER,4,5076,14,3,0.0
_non-classe/mathematiques/devoirs/Controle_2016.pdf,NIVEAU_INCERTAIN,,AUCUN_INDICE,DEVOIR_INDETERMINE,DOSSIER,6,4676,11,2,0.0
_non-classe/mathematiques/devoirs/Controle_2017-2.pdf,NIVEAU_INCERTAIN,,AUCUN_INDICE,DEVOIR_INDETERMINE,DOSSIER,4,4277,16,2,0.002
_non-classe/mathematiques/devoirs/Controle_2017.pdf,NIVEAU_INCERTAIN,,AUCUN_INDICE,DEVOIR_INDETERMINE,DOSSIER,6,5692,11,1,0.001
_non-classe/mathematiques/devoirs/Controle_2018.pdf,NIVEAU_INCERTAIN,,AUCUN_INDICE,DEVOIR_INDETERMINE,DOSSIER,7,6042,11,2,0.0
_non-classe/mathematiques/devoirs/Controle_202-6.pdf,NIVEAU_INCERTAIN,,AUCUN_INDICE,DEVOIR_INDETERMINE,DOSSIER,5,5383,10,2,0.0
_non-classe/mathematiques/devoirs/Controle_2020.pdf,NIVEAU_INCERTAIN,,AUCUN_INDICE,DEVOIR_INDETERMINE,DOSSIER,5,6318,9,1,0.044
_non-classe/mathematiques/devoirs/Controle_2021.pdf,HORS_NIVEAU_LYCEE,,AUCUN_INDICE,DEVOIR_INDETERMINE,DOSSIER,5,4895,12,4,0.013
_non-classe/mathematiques/devoirs/Controle_2022.pdf,NIVEAU_INCERTAIN,,AUCUN_INDICE,DEVOIR_INDETERMINE,DOSSIER,5,6743,11,1,0.061
_non-classe/mathematiques/devoirs/Controle_2023.pdf,NIVEAU_INCERTAIN,,AUCUN_INDICE,DEVOIR_INDETERMINE,DOSSIER,5,4794,11,1,0.0
_non-classe/mathematiques/devoirs/Controle_2024.pdf,HORS_NIVEAU_LYCEE,,AUCUN_INDICE,DEVOIR_INDETERMINE,DOSSIER,5,7643,13,4,0.029
_non-classe/mathematiques/devoirs/Controle_2025.pdf,NIVEAU_INCERTAIN,,AUCUN_INDICE,DEVOIR_INDETERMINE,DOSSIER,4,4278,12,0,0.0
_non-classe/mathematiques/devoirs/Devoir-de-controle-n-1-_7-B-12_.pdf,ENCODAGE_CORROMPU,7e,CERTAIN,CONTROLE,CONTENU,2,2098,0,0,0.092
_non-classe/mathematiques/exercices/-10.pdf,NIVEAU_INCERTAIN,,AUCUN_INDICE,SERIE,DOSSIER,1,1662,11,1,0.002
_non-classe/mathematiques/exercices/-11.pdf,NIVEAU_INCERTAIN,,AUCUN_INDICE,SERIE,DOSSIER,7,4216,6,0,0.011
_non-classe/mathematiques/exercices/-12.pdf,CONTENU_MATH_FAIBLE,7e,CERTAIN,CONTROLE,CONTENU,3,5093,0,0,0.0
_non-classe/mathematiques/exercices/-13.pdf,CONTENU_MATH_FAIBLE,7e,CERTAIN,SYNTHESE,CONTENU,1,495,0,0,0.0
_non-classe/mathematiques/exercices/-14.pdf,NIVEAU_INCERTAIN,,AUCUN_INDICE,SERIE,DOSSIER,3,3224,0,1,0.0
_non-classe/mathematiques/exercices/-15.pdf,NIVEAU_INCERTAIN,,AUCUN_INDICE,SERIE,DOSSIER,1,2776,1,0,0.0
_non-classe/mathematiques/exercices/-16.pdf,NIVEAU_INCERTAIN,,AUCUN_INDICE,SYNTHESE,CONTENU,2,5349,0,0,0.0
_non-classe/mathematiques/exercices/-17.pdf,NIVEAU_INCERTAIN,,AUCUN_INDICE,SERIE,DOSSIER,2,3011,0,0,0.0
_non-classe/mathematiques/exercices/-18.pdf,NIVEAU_INCERTAIN,,AUCUN_INDICE,SERIE,DOSSIER,3,540,1,0,0.0
_non-classe/mathematiques/exercices/-19.pdf,VALIDE,8e,CERTAIN,SYNTHESE,CONTENU,3,4832,3,0,0.0
_non-classe/mathematiques/exercices/-2.pdf,NIVEAU_INCERTAIN,,AUCUN_INDICE,SERIE,DOSSIER,9,6410,3,0,0.003
_non-classe/mathematiques/exercices/-20.pdf,VALIDE,8e,CERTAIN,SYNTHESE,CONTENU,3,4924,3,0,0.0
_non-classe/mathematiques/exercices/-21.pdf,NIVEAU_INCERTAIN,,AUCUN_INDICE,SERIE,DOSSIER,5,6915,5,0,0.0
_non-classe/mathematiques/exercices/-22.pdf,NIVEAU_INCERTAIN,,AUCUN_INDICE,SYNTHESE,CONTENU,1,501,1,0,0.0
_non-classe/mathematiques/exercices/-23.pdf,NIVEAU_INCERTAIN,,AUCUN_INDICE,SERIE,DOSSIER,7,17126,0,0,0.003
_non-classe/mathematiques/exercices/-24.pdf,NIVEAU_INCERTAIN,,AUCUN_INDICE,SERIE,DOSSIER,1,2924,0,0,0.002
_non-classe/mathematiques/exercices/-25.pdf,NIVEAU_INCERTAIN,,AUCUN_INDICE,SYNTHESE,CONTENU,1,3678,2,1,0.0
_non-classe/mathematiques/exercices/-26.pdf,NIVEAU_INCERTAIN,,AUCUN_INDICE,SERIE,DOSSIER,2,2637,0,0,0.003
_non-classe/mathematiques/exercices/-27.pdf,NIVEAU_INCERTAIN,,AUCUN_INDICE,SERIE,DOSSIER,2,2188,0,0,0.0
_non-classe/mathematiques/exercices/-28.pdf,CONTENU_MATH_FAIBLE,8e,CERTAIN,SERIE,DOSSIER,1,5360,1,0,0.0
_non-classe/mathematiques/exercices/-29.pdf,CONTENU_MATH_FAIBLE,7e,CERTAIN,SERIE,DOSSIER,1,1657,0,0,0.0
_non-classe/mathematiques/exercices/-3.pdf,NIVEAU_INCERTAIN,,AUCUN_INDICE,SERIE,DOSSIER,5,3762,14,0,0.003
_non-classe/mathematiques/exercices/-4.pdf,NIVEAU_INCERTAIN,,AUCUN_INDICE,SERIE,DOSSIER,9,6410,3,0,0.003
_non-classe/mathematiques/exercices/-5.pdf,VALIDE,7e,CERTAIN,SERIE,DOSSIER,2,2219,4,0,0.031
_non-classe/mathematiques/exercices/-6.pdf,VALIDE,7e,CERTAIN,SERIE,DOSSIER,2,3255,9,0,0.002
_non-classe/mathematiques/exercices/-7.pdf,NIVEAU_INCERTAIN,,AUCUN_INDICE,SERIE,DOSSIER,1,1545,2,0,0.011
_non-classe/mathematiques/exercices/-8.pdf,NIVEAU_INCERTAIN,,AUCUN_INDICE,SERIE,DOSSIER,4,3293,9,1,0.118
_non-classe/mathematiques/exercices/-9.pdf,NIVEAU_INCERTAIN,,AUCUN_INDICE,SERIE,DOSSIER,2,2194,14,1,0.004
_non-classe/mathematiques/exercices/1--2.pdf,NIVEAU_INCERTAIN,,AUCUN_INDICE,SYNTHESE,CONTENU,2,4583,1,0,0.0
_non-classe/mathematiques/exercices/1-.pdf,VALIDE,7e,CERTAIN,SERIE,DOSSIER,3,5206,2,0,0.001
_non-classe/mathematiques/exercices/1-2010-2011--2.pdf,NIVEAU_INCERTAIN,,AUCUN_INDICE,SERIE,DOSSIER,2,7356,3,0,0.001
_non-classe/mathematiques/exercices/1-2010-2011--3.pdf,NIVEAU_INCERTAIN,,AUCUN_INDICE,SYNTHESE,CONTENU,1,3101,0,0,0.0
_non-classe/mathematiques/exercices/1-2010-2011-.pdf,NIVEAU_INCERTAIN,,AUCUN_INDICE,SERIE,DOSSIER,2,7352,1,1,0.001
_non-classe/mathematiques/exercices/1-2010-2011-5-2.pdf,NIVEAU_INCERTAIN,,AUCUN_INDICE,SERIE,DOSSIER,2,6740,2,1,0.001
_non-classe/mathematiques/exercices/1-2010-2011-5.pdf,NIVEAU_INCERTAIN,,AUCUN_INDICE,SERIE,DOSSIER,2,7016,2,0,0.001
_non-classe/mathematiques/exercices/1-2010-2011-6-2.pdf,NIVEAU_INCERTAIN,,AUCUN_INDICE,SERIE,DOSSIER,2,7225,2,0,0.001
_non-classe/mathematiques/exercices/1-2010-2011-6.pdf,NIVEAU_INCERTAIN,,AUCUN_INDICE,SERIE,DOSSIER,2,7127,1,1,0.001
_non-classe/mathematiques/exercices/1-ma-lkirtch-blasa-2.pdf,ENCODAGE_CORROMPU,8e,CERTAIN,SERIE,DOSSIER,1,434,0,0,0.138
_non-classe/mathematiques/exercices/1-ma-lkirtch-blasa.pdf,ENCODAGE_CORROMPU,8e,CERTAIN,SERIE,DOSSIER,1,434,0,0,0.138
_non-classe/mathematiques/exercices/1.--2.pdf,VALIDE,7e,CERTAIN,SERIE,DOSSIER,2,1916,3,0,0.014
_non-classe/mathematiques/exercices/1.-.pdf,VALIDE,7e,CERTAIN,SERIE,DOSSIER,4,2403,2,0,0.0
_non-classe/mathematiques/exercices/2009-.pdf,NIVEAU_INCERTAIN,,AUCUN_INDICE,SYNTHESE,CONTENU,3,3234,2,0,0.003
_non-classe/mathematiques/exercices/2010--2.pdf,NIVEAU_INCERTAIN,,AUCUN_INDICE,SERIE,DOSSIER,3,3742,17,0,0.004
_non-classe/mathematiques/exercices/2010--3.pdf,NIVEAU_INCERTAIN,,AUCUN_INDICE,SERIE,DOSSIER,1,1318,4,1,0.033
_non-classe/mathematiques/exercices/2010-.pdf,NIVEAU_INCERTAIN,,AUCUN_INDICE,SERIE,CONTENU,2,3016,13,1,0.008
_non-classe/mathematiques/exercices/2010-2011-.pdf,NIVEAU_INCERTAIN,,AUCUN_INDICE,SERIE,DOSSIER,2,6239,0,0,0.0
_non-classe/mathematiques/exercices/2011-2012--2.pdf,NIVEAU_INCERTAIN,,AUCUN_INDICE,CONTROLE,CONTENU,1,1172,2,1,0.0
_non-classe/mathematiques/exercices/2011-2012--3.pdf,NIVEAU_INCERTAIN,,AUCUN_INDICE,SERIE,DOSSIER,1,1057,1,0,0.0
_non-classe/mathematiques/exercices/2011-2012--4.pdf,NIVEAU_INCERTAIN,,AUCUN_INDICE,CONTROLE,CONTENU,1,1234,2,0,0.003
_non-classe/mathematiques/exercices/2011-2012--5.pdf,NIVEAU_INCERTAIN,,AUCUN_INDICE,SERIE,DOSSIER,1,1177,0,0,0.0
_non-classe/mathematiques/exercices/2011-2012--6.pdf,NIVEAU_INCERTAIN,,AUCUN_INDICE,CONTROLE,CONTENU,1,876,3,0,0.0
_non-classe/mathematiques/exercices/2011-2012-.pdf,NIVEAU_INCERTAIN,,AUCUN_INDICE,SERIE,DOSSIER,1,719,0,0,0.573
_non-classe/mathematiques/exercices/2011.pdf,NIVEAU_INCERTAIN,,AUCUN_INDICE,SERIE,DOSSIER,1,659,0,0,0.0
_non-classe/mathematiques/exercices/2014-2015.pdf,VALIDE,7e,CERTAIN,SERIE,DOSSIER,1,2915,6,0,0.001
_non-classe/mathematiques/exercices/6-2010-.pdf,NIVEAU_INCERTAIN,,AUCUN_INDICE,SERIE,DOSSIER,1,2835,8,0,0.003
_non-classe/mathematiques/exercices/MAth-2007.pdf,NIVEAU_INCERTAIN,,AUCUN_INDICE,SERIE,DOSSIER,2,1769,12,0,0.001
_non-classe/mathematiques/exercices/Scratch-au-college.pdf,VALIDE,7e,CERTAIN,SERIE,DOSSIER,225,197256,25,1,0.009
_non-classe/mathematiques/exercices/Serie-d-exercices-College-pilote-Math-me-2010-2011-Eleve-Fares-karray.pdf,NIVEAU_INCERTAIN,,AUCUN_INDICE,SERIE,CONTENU,2,915,4,0,0.0
_non-classe/mathematiques/exercices/Serie-d-exercices-Math-2012-2013-Mr-Gharbi.pdf,NIVEAU_INCERTAIN,,AUCUN_INDICE,SERIE,NOM_FICHIER,5,6999,5,0,0.002
_non-classe/mathematiques/exercices/Serie-d-exercices-N-1-Math-2021-2022-Mr-alayani-mourad.pdf,NIVEAU_INCERTAIN,,AUCUN_INDICE,SERIE,NOM_FICHIER,1,646,3,0,0.0
_non-classe/mathematiques/exercices/TP-1-E-mail.pdf,CONTENU_MATH_FAIBLE,8e,CERTAIN,SERIE,DOSSIER,1,1194,1,0,0.012
_non-classe/mathematiques/exercices/TP-1-Internet-telechargement-de-fichiers.pdf,CONTENU_MATH_FAIBLE,9e,CERTAIN,SERIE,DOSSIER,1,1152,1,0,0.004
_non-classe/mathematiques/exercices/TP-1-Internet.pdf,CONTENU_MATH_FAIBLE,7e,CERTAIN,SERIE,DOSSIER,1,955,1,0,0.001
_non-classe/mathematiques/exercices/TP-1-Reseau-Local-_LAN_.pdf,CONTENU_MATH_FAIBLE,9e,CERTAIN,SERIE,DOSSIER,1,939,1,0,0.004
_non-classe/mathematiques/exercices/TP-5-Execl.pdf,VALIDE,9e,CERTAIN,SERIE,DOSSIER,2,1966,2,0,0.001
_non-classe/mathematiques/exercices/TP-6-Tableur-Excel.pdf,VALIDE,9e,CERTAIN,SERIE,DOSSIER,1,886,3,0,0.007
_non-classe/mathematiques/exercices/TP-N-1-Creation-des-dossiers.pdf,CONTENU_MATH_FAIBLE,7e,CERTAIN,SERIE,DOSSIER,1,966,0,0,0.002
_non-classe/mathematiques/exercices/TP-N-5.pdf,CONTENU_MATH_FAIBLE,8e,CERTAIN,SERIE,DOSSIER,1,1343,0,0,0.007
_non-classe/mathematiques/exercices/TP-Word-N-1.pdf,CONTENU_MATH_FAIBLE,7e,CERTAIN,SERIE,DOSSIER,1,1023,1,0,0.009
_non-classe/mathematiques/exercices/TP-Word-N-5.pdf,NIVEAU_INCERTAIN,,AUCUN_INDICE,SERIE,DOSSIER,2,1649,1,0,0.007
_non-classe/mathematiques/exercices/TP-Word-N-6.pdf,CONTENU_MATH_FAIBLE,7e,CERTAIN,SERIE,DOSSIER,2,1703,1,0,0.007
_non-classe/mathematiques/exercices/Zouaghi2009-.pdf,NIVEAU_INCERTAIN,,AUCUN_INDICE,CORRIGE,CONTENU,10,12768,0,0,0.038
_non-classe/mathematiques/exercices/ang-tech-2.pdf,NIVEAU_INCERTAIN,,AUCUN_INDICE,SERIE,DOSSIER,4,4828,0,0,0.0
_non-classe/mathematiques/exercices/ang-tech.pdf,NIVEAU_INCERTAIN,,AUCUN_INDICE,SERIE,DOSSIER,4,4269,0,0,0.0
_non-classe/mathematiques/exercices/ar1.pdf,NIVEAU_INCERTAIN,,AUCUN_INDICE,SERIE,DOSSIER,2,1778,1,0,0.001
_non-classe/mathematiques/exercices/arabe_generale-2.pdf,NIVEAU_INCERTAIN,,AUCUN_INDICE,SERIE,DOSSIER,1,497,0,0,0.004
_non-classe/mathematiques/exercices/arabe_generale-3.pdf,NIVEAU_INCERTAIN,,AUCUN_INDICE,SERIE,DOSSIER,1,733,0,0,0.003
_non-classe/mathematiques/exercices/arabe_generale-4.pdf,NIVEAU_INCERTAIN,,AUCUN_INDICE,SERIE,DOSSIER,1,733,0,0,0.003
_non-classe/mathematiques/exercices/arabe_generale-5.pdf,NIVEAU_INCERTAIN,,AUCUN_INDICE,SERIE,DOSSIER,1,760,0,0,0.0
_non-classe/mathematiques/exercices/arabe_generale-6.pdf,NIVEAU_INCERTAIN,,AUCUN_INDICE,CORRIGE,CONTENU,12,20241,0,0,0.0
_non-classe/mathematiques/exercices/arabe_generale-7.pdf,NIVEAU_INCERTAIN,,AUCUN_INDICE,CORRIGE,CONTENU,4,5121,4,0,0.0
_non-classe/mathematiques/exercices/arabe_generale.pdf,NIVEAU_INCERTAIN,,AUCUN_INDICE,SERIE,DOSSIER,1,559,0,0,0.0
_non-classe/mathematiques/exercices/arabe_tech-2.pdf,NIVEAU_INCERTAIN,,AUCUN_INDICE,SERIE,DOSSIER,2,3184,5,0,0.004
_non-classe/mathematiques/exercices/arabe_tech-3.pdf,NIVEAU_INCERTAIN,,AUCUN_INDICE,SERIE,DOSSIER,2,4096,4,0,0.001
_non-classe/mathematiques/exercices/arabe_tech-4.pdf,NIVEAU_INCERTAIN,,AUCUN_INDICE,CORRIGE,CONTENU,2,4031,3,0,0.002
_non-classe/mathematiques/exercices/arabe_tech-5.pdf,NIVEAU_INCERTAIN,,AUCUN_INDICE,CORRIGE,CONTENU,5,2547,3,1,0.001
_non-classe/mathematiques/exercices/arabe_tech.pdf,NIVEAU_INCERTAIN,,AUCUN_INDICE,SERIE,DOSSIER,2,2990,3,0,0.006
_non-classe/mathematiques/exercices/exp_arabe-2.pdf,NIVEAU_INCERTAIN,,AUCUN_INDICE,SERIE,DOSSIER,1,454,0,0,0.004
_non-classe/mathematiques/exercices/exp_arabe-3.pdf,NIVEAU_INCERTAIN,,AUCUN_INDICE,SERIE,DOSSIER,1,578,0,0,0.003
_non-classe/mathematiques/exercices/exp_arabe-4.pdf,NIVEAU_INCERTAIN,,AUCUN_INDICE,SERIE,DOSSIER,1,471,0,0,0.004
_non-classe/mathematiques/exercices/exp_arabe.pdf,NIVEAU_INCERTAIN,,AUCUN_INDICE,SERIE,DOSSIER,1,479,0,0,0.0
_non-classe/mathematiques/exercices/farncais-tech.pdf,NIVEAU_INCERTAIN,,AUCUN_INDICE,SERIE,DOSSIER,4,4061,4,0,0.0
_non-classe/mathematiques/exercices/la-guerre.pdf,NIVEAU_INCERTAIN,,AUCUN_INDICE,SERIE,DOSSIER,2,3781,0,1,0.0
_non-classe/mathematiques/exercices/le-travail.pdf,NIVEAU_INCERTAIN,,AUCUN_INDICE,SERIE,DOSSIER,2,5593,0,0,0.08
_non-classe/mathematiques/exercices/math-1--2.pdf,NIVEAU_INCERTAIN,,AUCUN_INDICE,SERIE,DOSSIER,2,2644,18,0,0.001
_non-classe/mathematiques/exercices/math-1-.pdf,NIVEAU_INCERTAIN,,AUCUN_INDICE,SERIE,DOSSIER,3,3011,17,0,0.001
_non-classe/mathematiques/exercices/math-2.pdf,NIVEAU_INCERTAIN,,AUCUN_INDICE,SERIE,DOSSIER,3,2520,11,0,0.108
_non-classe/mathematiques/exercices/math-3.pdf,NIVEAU_INCERTAIN,,AUCUN_INDICE,SERIE,DOSSIER,2,2354,19,0,0.001
_non-classe/mathematiques/exercices/math-4.pdf,NIVEAU_INCERTAIN,,AUCUN_INDICE,SERIE,DOSSIER,2,2749,20,0,0.001
_non-classe/mathematiques/exercices/math-5.pdf,NIVEAU_INCERTAIN,,AUCUN_INDICE,SERIE,DOSSIER,2,2693,18,0,0.001
_non-classe/mathematiques/exercices/math-tech-2.pdf,NIVEAU_INCERTAIN,,AUCUN_INDICE,SERIE,DOSSIER,2,1331,8,0,0.002
_non-classe/mathematiques/exercices/math-tech-3.pdf,NIVEAU_INCERTAIN,,AUCUN_INDICE,SERIE,DOSSIER,2,1307,8,0,0.0
_non-classe/mathematiques/exercices/math-tech-4.pdf,NIVEAU_INCERTAIN,,AUCUN_INDICE,SERIE,DOSSIER,2,1292,12,0,0.002
_non-classe/mathematiques/exercices/math-tech.pdf,NIVEAU_INCERTAIN,,AUCUN_INDICE,SERIE,DOSSIER,2,2341,12,0,0.0
_non-classe/mathematiques/exercices/math.pdf,NIVEAU_INCERTAIN,,AUCUN_INDICE,SERIE,DOSSIER,2,1680,16,0,0.001
_non-classe/mathematiques/exercices/math_generale-2.pdf,NIVEAU_INCERTAIN,,AUCUN_INDICE,SERIE,DOSSIER,2,2378,18,0,0.0
_non-classe/mathematiques/exercices/math_generale-3.pdf,NIVEAU_INCERTAIN,,AUCUN_INDICE,SERIE,DOSSIER,2,2769,20,0,0.001
_non-classe/mathematiques/exercices/math_generale-4.pdf,NIVEAU_INCERTAIN,,AUCUN_INDICE,SERIE,DOSSIER,2,2769,20,0,0.001
_non-classe/mathematiques/exercices/math_generale-5.pdf,NIVEAU_INCERTAIN,,AUCUN_INDICE,SERIE,DOSSIER,2,3074,19,0,0.0
_non-classe/mathematiques/exercices/math_generale-6.pdf,NIVEAU_INCERTAIN,,AUCUN_INDICE,SERIE,DOSSIER,11,9068,0,0,0.0
_non-classe/mathematiques/exercices/math_generale-7.pdf,NIVEAU_INCERTAIN,,AUCUN_INDICE,SERIE,DOSSIER,9,487,1,0,0.0
_non-classe/mathematiques/exercices/math_generale.pdf,NIVEAU_INCERTAIN,,AUCUN_INDICE,SERIE,DOSSIER,2,2255,16,0,0.0
_non-classe/mathematiques/exercices/math_tech-2.pdf,NIVEAU_INCERTAIN,,AUCUN_INDICE,SERIE,DOSSIER,2,2144,14,0,0.001
_non-classe/mathematiques/exercices/math_tech-3.pdf,NIVEAU_INCERTAIN,,AUCUN_INDICE,SERIE,DOSSIER,2,2086,16,0,0.0
_non-classe/mathematiques/exercices/math_tech-4.pdf,NIVEAU_INCERTAIN,,AUCUN_INDICE,SERIE,DOSSIER,2,1792,15,0,0.001
_non-classe/mathematiques/exercices/math_tech-5.pdf,NIVEAU_INCERTAIN,,AUCUN_INDICE,CORRIGE,CONTENU,5,2430,12,0,0.0
_non-classe/mathematiques/exercices/math_tech.pdf,NIVEAU_INCERTAIN,,AUCUN_INDICE,SERIE,DOSSIER,2,1768,13,0,0.001
_non-classe/mathematiques/exercices/science.pdf,NIVEAU_INCERTAIN,,AUCUN_INDICE,SERIE,DOSSIER,4,3940,6,0,0.0
